ISO-10303-21;
HEADER;
FILE_DESCRIPTION(('KiCad electronic assembly'),'2;1');
FILE_NAME('streamline_rs485-rev_A-3d.step','2026-03-29T19:28:23',(
    'Pcbnew'),('Kicad'),'Open CASCADE STEP processor 7.6',
  'KiCad to STEP converter','Unknown');
FILE_SCHEMA(('AUTOMOTIVE_DESIGN { 1 0 10303 214 1 1 1 1 }'));
ENDSEC;
DATA;
#1 = APPLICATION_PROTOCOL_DEFINITION('international standard',
  'automotive_design',2000,#2);
#2 = APPLICATION_CONTEXT(
  'core data for automotive mechanical design processes');
#3 = SHAPE_DEFINITION_REPRESENTATION(#4,#10);
#4 = PRODUCT_DEFINITION_SHAPE('','',#5);
#5 = PRODUCT_DEFINITION('design','',#6,#9);
#6 = PRODUCT_DEFINITION_FORMATION('','',#7);
#7 = PRODUCT('streamline_rs485-rev_A-3d 1','streamline_rs485-rev_A-3d 1'
  ,'',(#8));
#8 = PRODUCT_CONTEXT('',#2,'mechanical');
#9 = PRODUCT_DEFINITION_CONTEXT('part definition',#2,'design');
#10 = SHAPE_REPRESENTATION('',(#11,#15,#19,#23,#27,#31,#35,#39,#43,#47),
  #51);
#11 = AXIS2_PLACEMENT_3D('',#12,#13,#14);
#12 = CARTESIAN_POINT('',(0.,0.,0.));
#13 = DIRECTION('',(0.,0.,1.));
#14 = DIRECTION('',(1.,0.,-0.));
#15 = AXIS2_PLACEMENT_3D('',#16,#17,#18);
#16 = CARTESIAN_POINT('',(174.8,-102.9,1.595));
#17 = DIRECTION('',(0.,-0.,1.));
#18 = DIRECTION('',(1.110223024625E-16,1.,0.));
#19 = AXIS2_PLACEMENT_3D('',#20,#21,#22);
#20 = CARTESIAN_POINT('',(167.8,-94.9,1.595));
#21 = DIRECTION('',(0.,0.,1.));
#22 = DIRECTION('',(-1.,1.224646799147E-16,0.));
#23 = AXIS2_PLACEMENT_3D('',#24,#25,#26);
#24 = CARTESIAN_POINT('',(145.,-87.3,1.595));
#25 = DIRECTION('',(0.,0.,1.));
#26 = DIRECTION('',(1.,0.,0.));
#27 = AXIS2_PLACEMENT_3D('',#28,#29,#30);
#28 = CARTESIAN_POINT('',(160.8,-101.175,1.595));
#29 = DIRECTION('',(-0.,0.,1.));
#30 = DIRECTION('',(1.110223024625E-16,-1.,0.));
#31 = AXIS2_PLACEMENT_3D('',#32,#33,#34);
#32 = CARTESIAN_POINT('',(125.,-87.3,1.595));
#33 = DIRECTION('',(0.,0.,1.));
#34 = DIRECTION('',(1.,0.,0.));
#35 = AXIS2_PLACEMENT_3D('',#36,#37,#38);
#36 = CARTESIAN_POINT('',(135.,-87.3,1.595));
#37 = DIRECTION('',(0.,0.,1.));
#38 = DIRECTION('',(1.,0.,0.));
#39 = AXIS2_PLACEMENT_3D('',#40,#41,#42);
#40 = CARTESIAN_POINT('',(167.8,-97.2,1.595));
#41 = DIRECTION('',(0.,0.,1.));
#42 = DIRECTION('',(1.,0.,0.));
#43 = AXIS2_PLACEMENT_3D('',#44,#45,#46);
#44 = CARTESIAN_POINT('',(166.,-101.1,1.595));
#45 = DIRECTION('',(0.,0.,1.));
#46 = DIRECTION('',(1.,0.,0.));
#47 = AXIS2_PLACEMENT_3D('',#48,#49,#50);
#48 = CARTESIAN_POINT('',(0.,0.,0.));
#49 = DIRECTION('',(0.,0.,1.));
#50 = DIRECTION('',(1.,0.,-0.));
#51 = ( GEOMETRIC_REPRESENTATION_CONTEXT(3) 
GLOBAL_UNCERTAINTY_ASSIGNED_CONTEXT((#55)) GLOBAL_UNIT_ASSIGNED_CONTEXT(
(#52,#53,#54)) REPRESENTATION_CONTEXT('Context #1',
  '3D Context with UNIT and UNCERTAINTY') );
#52 = ( LENGTH_UNIT() NAMED_UNIT(*) SI_UNIT(.MILLI.,.METRE.) );
#53 = ( NAMED_UNIT(*) PLANE_ANGLE_UNIT() SI_UNIT($,.RADIAN.) );
#54 = ( NAMED_UNIT(*) SI_UNIT($,.STERADIAN.) SOLID_ANGLE_UNIT() );
#55 = UNCERTAINTY_MEASURE_WITH_UNIT(LENGTH_MEASURE(1.E-07),#52,
  'distance_accuracy_value','confusion accuracy');
#56 = PRODUCT_RELATED_PRODUCT_CATEGORY('part',$,(#7));
#57 = SHAPE_DEFINITION_REPRESENTATION(#58,#64);
#58 = PRODUCT_DEFINITION_SHAPE('','',#59);
#59 = PRODUCT_DEFINITION('design','',#60,#63);
#60 = PRODUCT_DEFINITION_FORMATION('','',#61);
#61 = PRODUCT(
  'PhoenixContact_MSTBA_2,5_3-G-5,08_1x03_P5.08mm_Horizontal',
  'PhoenixContact_MSTBA_2,5_3-G-5,08_1x03_P5.08mm_Horizontal','',(#62));
#62 = PRODUCT_CONTEXT('',#2,'mechanical');
#63 = PRODUCT_DEFINITION_CONTEXT('part definition',#2,'design');
#64 = ADVANCED_BREP_SHAPE_REPRESENTATION('',(#11,#65),#2519);
#65 = MANIFOLD_SOLID_BREP('',#66);
#66 = CLOSED_SHELL('',(#67,#107,#138,#271,#312,#353,#370,#502,#533,#557,
    #581,#598,#629,#653,#677,#694,#725,#749,#773,#790,#814,#872,#889,
    #913,#1024,#1048,#1072,#1097,#1121,#1146,#1170,#1195,#1219,#1236,
    #1253,#1284,#1308,#1332,#1349,#1380,#1404,#1428,#1445,#1476,#1500,
    #1524,#1541,#1558,#1589,#1611,#1642,#1659,#1676,#1693,#1705,#1722,
    #1739,#1751,#1871,#1883,#1895,#1907,#1938,#1962,#1986,#2003,#2034,
    #2058,#2082,#2099,#2130,#2154,#2178,#2195,#2226,#2250,#2274,#2291,
    #2322,#2346,#2370,#2387,#2418,#2442,#2466,#2483,#2495,#2507));
#67 = ADVANCED_FACE('',(#68),#102,.T.);
#68 = FACE_BOUND('',#69,.T.);
#69 = EDGE_LOOP('',(#70,#80,#88,#96));
#70 = ORIENTED_EDGE('',*,*,#71,.T.);
#71 = EDGE_CURVE('',#72,#74,#76,.T.);
#72 = VERTEX_POINT('',#73);
#73 = CARTESIAN_POINT('',(-3.54,2.,7.6));
#74 = VERTEX_POINT('',#75);
#75 = CARTESIAN_POINT('',(13.7,2.,7.6));
#76 = LINE('',#77,#78);
#77 = CARTESIAN_POINT('',(-3.54,2.,7.6));
#78 = VECTOR('',#79,1.);
#79 = DIRECTION('',(1.,0.,0.));
#80 = ORIENTED_EDGE('',*,*,#81,.T.);
#81 = EDGE_CURVE('',#74,#82,#84,.T.);
#82 = VERTEX_POINT('',#83);
#83 = CARTESIAN_POINT('',(13.7,2.,-2.22044604925E-17));
#84 = LINE('',#85,#86);
#85 = CARTESIAN_POINT('',(13.7,2.,7.6));
#86 = VECTOR('',#87,1.);
#87 = DIRECTION('',(0.,-2.22044604925E-16,-1.));
#88 = ORIENTED_EDGE('',*,*,#89,.F.);
#89 = EDGE_CURVE('',#90,#82,#92,.T.);
#90 = VERTEX_POINT('',#91);
#91 = CARTESIAN_POINT('',(-3.54,2.,-2.22044604925E-17));
#92 = LINE('',#93,#94);
#93 = CARTESIAN_POINT('',(-3.54,2.,0.));
#94 = VECTOR('',#95,1.);
#95 = DIRECTION('',(1.,0.,0.));
#96 = ORIENTED_EDGE('',*,*,#97,.F.);
#97 = EDGE_CURVE('',#72,#90,#98,.T.);
#98 = LINE('',#99,#100);
#99 = CARTESIAN_POINT('',(-3.54,2.,7.6));
#100 = VECTOR('',#101,1.);
#101 = DIRECTION('',(0.,-2.22044604925E-16,-1.));
#102 = PLANE('',#103);
#103 = AXIS2_PLACEMENT_3D('',#104,#105,#106);
#104 = CARTESIAN_POINT('',(-3.54,2.,7.6));
#105 = DIRECTION('',(0.,1.,-2.22044604925E-16));
#106 = DIRECTION('',(0.,-2.22044604925E-16,-1.));
#107 = ADVANCED_FACE('',(#108),#133,.T.);
#108 = FACE_BOUND('',#109,.T.);
#109 = EDGE_LOOP('',(#110,#120,#126,#127));
#110 = ORIENTED_EDGE('',*,*,#111,.T.);
#111 = EDGE_CURVE('',#112,#114,#116,.T.);
#112 = VERTEX_POINT('',#113);
#113 = CARTESIAN_POINT('',(-3.54,-7.,7.6));
#114 = VERTEX_POINT('',#115);
#115 = CARTESIAN_POINT('',(13.7,-7.,7.6));
#116 = LINE('',#117,#118);
#117 = CARTESIAN_POINT('',(-3.54,-7.,7.6));
#118 = VECTOR('',#119,1.);
#119 = DIRECTION('',(1.,0.,0.));
#120 = ORIENTED_EDGE('',*,*,#121,.T.);
#121 = EDGE_CURVE('',#114,#74,#122,.T.);
#122 = LINE('',#123,#124);
#123 = CARTESIAN_POINT('',(13.7,-7.,7.6));
#124 = VECTOR('',#125,1.);
#125 = DIRECTION('',(0.,1.,-2.22044604925E-16));
#126 = ORIENTED_EDGE('',*,*,#71,.F.);
#127 = ORIENTED_EDGE('',*,*,#128,.F.);
#128 = EDGE_CURVE('',#112,#72,#129,.T.);
#129 = LINE('',#130,#131);
#130 = CARTESIAN_POINT('',(-3.54,-7.,7.6));
#131 = VECTOR('',#132,1.);
#132 = DIRECTION('',(0.,1.,-2.22044604925E-16));
#133 = PLANE('',#134);
#134 = AXIS2_PLACEMENT_3D('',#135,#136,#137);
#135 = CARTESIAN_POINT('',(-3.54,-7.,7.6));
#136 = DIRECTION('',(0.,2.22044604925E-16,1.));
#137 = DIRECTION('',(0.,1.,-2.22044604925E-16));
#138 = ADVANCED_FACE('',(#139,#164,#198,#232),#266,.T.);
#139 = FACE_BOUND('',#140,.T.);
#140 = EDGE_LOOP('',(#141,#142,#150,#158));
#141 = ORIENTED_EDGE('',*,*,#89,.T.);
#142 = ORIENTED_EDGE('',*,*,#143,.T.);
#143 = EDGE_CURVE('',#82,#144,#146,.T.);
#144 = VERTEX_POINT('',#145);
#145 = CARTESIAN_POINT('',(13.7,-10.,2.642330798608E-15));
#146 = LINE('',#147,#148);
#147 = CARTESIAN_POINT('',(13.7,2.,0.));
#148 = VECTOR('',#149,1.);
#149 = DIRECTION('',(0.,-1.,2.22044604925E-16));
#150 = ORIENTED_EDGE('',*,*,#151,.F.);
#151 = EDGE_CURVE('',#152,#144,#154,.T.);
#152 = VERTEX_POINT('',#153);
#153 = CARTESIAN_POINT('',(-3.54,-10.,2.642330798608E-15));
#154 = LINE('',#155,#156);
#155 = CARTESIAN_POINT('',(-3.54,-10.,2.6645352591E-15));
#156 = VECTOR('',#157,1.);
#157 = DIRECTION('',(1.,0.,0.));
#158 = ORIENTED_EDGE('',*,*,#159,.F.);
#159 = EDGE_CURVE('',#90,#152,#160,.T.);
#160 = LINE('',#161,#162);
#161 = CARTESIAN_POINT('',(-3.54,2.,0.));
#162 = VECTOR('',#163,1.);
#163 = DIRECTION('',(0.,-1.,2.22044604925E-16));
#164 = FACE_BOUND('',#165,.T.);
#165 = EDGE_LOOP('',(#166,#176,#184,#192));
#166 = ORIENTED_EDGE('',*,*,#167,.F.);
#167 = EDGE_CURVE('',#168,#170,#172,.T.);
#168 = VERTEX_POINT('',#169);
#169 = CARTESIAN_POINT('',(-0.5,-0.5,8.881784197001E-16));
#170 = VERTEX_POINT('',#171);
#171 = CARTESIAN_POINT('',(-0.5,0.5,4.440892098501E-16));
#172 = LINE('',#173,#174);
#173 = CARTESIAN_POINT('',(-0.5,-8.245761930026E-02,4.440892098501E-16)
  );
#174 = VECTOR('',#175,1.);
#175 = DIRECTION('',(0.,1.,-2.22044604925E-16));
#176 = ORIENTED_EDGE('',*,*,#177,.F.);
#177 = EDGE_CURVE('',#178,#168,#180,.T.);
#178 = VERTEX_POINT('',#179);
#179 = CARTESIAN_POINT('',(0.5,-0.5,8.881784197001E-16));
#180 = LINE('',#181,#182);
#181 = CARTESIAN_POINT('',(-2.02,-0.5,2.775557561563E-16));
#182 = VECTOR('',#183,1.);
#183 = DIRECTION('',(-1.,0.,0.));
#184 = ORIENTED_EDGE('',*,*,#185,.T.);
#185 = EDGE_CURVE('',#178,#186,#188,.T.);
#186 = VERTEX_POINT('',#187);
#187 = CARTESIAN_POINT('',(0.5,0.5,4.440892098501E-16));
#188 = LINE('',#189,#190);
#189 = CARTESIAN_POINT('',(0.5,-8.245761930026E-02,4.440892098501E-16));
#190 = VECTOR('',#191,1.);
#191 = DIRECTION('',(0.,1.,-2.22044604925E-16));
#192 = ORIENTED_EDGE('',*,*,#193,.F.);
#193 = EDGE_CURVE('',#170,#186,#194,.T.);
#194 = LINE('',#195,#196);
#195 = CARTESIAN_POINT('',(-2.02,0.5,3.885780586188E-16));
#196 = VECTOR('',#197,1.);
#197 = DIRECTION('',(1.,0.,0.));
#198 = FACE_BOUND('',#199,.T.);
#199 = EDGE_LOOP('',(#200,#210,#218,#226));
#200 = ORIENTED_EDGE('',*,*,#201,.F.);
#201 = EDGE_CURVE('',#202,#204,#206,.T.);
#202 = VERTEX_POINT('',#203);
#203 = CARTESIAN_POINT('',(5.58,-0.5,0.));
#204 = VERTEX_POINT('',#205);
#205 = CARTESIAN_POINT('',(4.58,-0.5,0.));
#206 = LINE('',#207,#208);
#207 = CARTESIAN_POINT('',(0.52,-0.5,2.775557561563E-16));
#208 = VECTOR('',#209,1.);
#209 = DIRECTION('',(-1.,0.,0.));
#210 = ORIENTED_EDGE('',*,*,#211,.T.);
#211 = EDGE_CURVE('',#202,#212,#214,.T.);
#212 = VERTEX_POINT('',#213);
#213 = CARTESIAN_POINT('',(5.58,0.5,4.440892098501E-16));
#214 = LINE('',#215,#216);
#215 = CARTESIAN_POINT('',(5.58,-8.245761930026E-02,4.440892098501E-16)
  );
#216 = VECTOR('',#217,1.);
#217 = DIRECTION('',(0.,1.,-2.22044604925E-16));
#218 = ORIENTED_EDGE('',*,*,#219,.F.);
#219 = EDGE_CURVE('',#220,#212,#222,.T.);
#220 = VERTEX_POINT('',#221);
#221 = CARTESIAN_POINT('',(4.58,0.5,4.440892098501E-16));
#222 = LINE('',#223,#224);
#223 = CARTESIAN_POINT('',(0.52,0.5,3.885780586188E-16));
#224 = VECTOR('',#225,1.);
#225 = DIRECTION('',(1.,0.,0.));
#226 = ORIENTED_EDGE('',*,*,#227,.F.);
#227 = EDGE_CURVE('',#204,#220,#228,.T.);
#228 = LINE('',#229,#230);
#229 = CARTESIAN_POINT('',(4.58,-8.245761930026E-02,4.440892098501E-16)
  );
#230 = VECTOR('',#231,1.);
#231 = DIRECTION('',(0.,1.,-2.22044604925E-16));
#232 = FACE_BOUND('',#233,.T.);
#233 = EDGE_LOOP('',(#234,#244,#252,#260));
#234 = ORIENTED_EDGE('',*,*,#235,.F.);
#235 = EDGE_CURVE('',#236,#238,#240,.T.);
#236 = VERTEX_POINT('',#237);
#237 = CARTESIAN_POINT('',(9.66,-0.5,8.881784197001E-16));
#238 = VERTEX_POINT('',#239);
#239 = CARTESIAN_POINT('',(9.66,0.5,4.440892098501E-16));
#240 = LINE('',#241,#242);
#241 = CARTESIAN_POINT('',(9.66,-8.245761930026E-02,4.440892098501E-16)
  );
#242 = VECTOR('',#243,1.);
#243 = DIRECTION('',(0.,1.,-2.22044604925E-16));
#244 = ORIENTED_EDGE('',*,*,#245,.F.);
#245 = EDGE_CURVE('',#246,#236,#248,.T.);
#246 = VERTEX_POINT('',#247);
#247 = CARTESIAN_POINT('',(10.66,-0.5,8.881784197001E-16));
#248 = LINE('',#249,#250);
#249 = CARTESIAN_POINT('',(3.06,-0.5,2.775557561563E-16));
#250 = VECTOR('',#251,1.);
#251 = DIRECTION('',(-1.,0.,0.));
#252 = ORIENTED_EDGE('',*,*,#253,.T.);
#253 = EDGE_CURVE('',#246,#254,#256,.T.);
#254 = VERTEX_POINT('',#255);
#255 = CARTESIAN_POINT('',(10.66,0.5,4.440892098501E-16));
#256 = LINE('',#257,#258);
#257 = CARTESIAN_POINT('',(10.66,-8.245761930026E-02,4.440892098501E-16)
  );
#258 = VECTOR('',#259,1.);
#259 = DIRECTION('',(0.,1.,-2.22044604925E-16));
#260 = ORIENTED_EDGE('',*,*,#261,.F.);
#261 = EDGE_CURVE('',#238,#254,#262,.T.);
#262 = LINE('',#263,#264);
#263 = CARTESIAN_POINT('',(3.06,0.5,3.885780586188E-16));
#264 = VECTOR('',#265,1.);
#265 = DIRECTION('',(1.,0.,0.));
#266 = PLANE('',#267);
#267 = AXIS2_PLACEMENT_3D('',#268,#269,#270);
#268 = CARTESIAN_POINT('',(-3.54,2.,0.));
#269 = DIRECTION('',(0.,-2.22044604925E-16,-1.));
#270 = DIRECTION('',(0.,-1.,2.22044604925E-16));
#271 = ADVANCED_FACE('',(#272),#307,.T.);
#272 = FACE_BOUND('',#273,.T.);
#273 = EDGE_LOOP('',(#274,#275,#276,#284,#292,#300,#306));
#274 = ORIENTED_EDGE('',*,*,#97,.T.);
#275 = ORIENTED_EDGE('',*,*,#159,.T.);
#276 = ORIENTED_EDGE('',*,*,#277,.T.);
#277 = EDGE_CURVE('',#152,#278,#280,.T.);
#278 = VERTEX_POINT('',#279);
#279 = CARTESIAN_POINT('',(-3.54,-10.,8.));
#280 = LINE('',#281,#282);
#281 = CARTESIAN_POINT('',(-3.54,-10.,2.6645352591E-15));
#282 = VECTOR('',#283,1.);
#283 = DIRECTION('',(0.,2.22044604925E-16,1.));
#284 = ORIENTED_EDGE('',*,*,#285,.T.);
#285 = EDGE_CURVE('',#278,#286,#288,.T.);
#286 = VERTEX_POINT('',#287);
#287 = CARTESIAN_POINT('',(-3.54,-8.5,8.6));
#288 = LINE('',#289,#290);
#289 = CARTESIAN_POINT('',(-3.54,-10.,8.));
#290 = VECTOR('',#291,1.);
#291 = DIRECTION('',(0.,0.928476690885,0.371390676354));
#292 = ORIENTED_EDGE('',*,*,#293,.T.);
#293 = EDGE_CURVE('',#286,#294,#296,.T.);
#294 = VERTEX_POINT('',#295);
#295 = CARTESIAN_POINT('',(-3.54,-7.,8.6));
#296 = LINE('',#297,#298);
#297 = CARTESIAN_POINT('',(-3.54,-8.5,8.6));
#298 = VECTOR('',#299,1.);
#299 = DIRECTION('',(0.,1.,-2.22044604925E-16));
#300 = ORIENTED_EDGE('',*,*,#301,.T.);
#301 = EDGE_CURVE('',#294,#112,#302,.T.);
#302 = LINE('',#303,#304);
#303 = CARTESIAN_POINT('',(-3.54,-7.,8.6));
#304 = VECTOR('',#305,1.);
#305 = DIRECTION('',(0.,-2.22044604925E-16,-1.));
#306 = ORIENTED_EDGE('',*,*,#128,.T.);
#307 = PLANE('',#308);
#308 = AXIS2_PLACEMENT_3D('',#309,#310,#311);
#309 = CARTESIAN_POINT('',(-3.54,-4.14752679636,4.020308275647));
#310 = DIRECTION('',(-1.,6.200837837262E-34,2.273584543531E-32));
#311 = DIRECTION('',(-2.273584543531E-32,-2.22044604925E-16,-1.));
#312 = ADVANCED_FACE('',(#313),#348,.F.);
#313 = FACE_BOUND('',#314,.F.);
#314 = EDGE_LOOP('',(#315,#316,#317,#325,#333,#341,#347));
#315 = ORIENTED_EDGE('',*,*,#81,.T.);
#316 = ORIENTED_EDGE('',*,*,#143,.T.);
#317 = ORIENTED_EDGE('',*,*,#318,.T.);
#318 = EDGE_CURVE('',#144,#319,#321,.T.);
#319 = VERTEX_POINT('',#320);
#320 = CARTESIAN_POINT('',(13.7,-10.,8.));
#321 = LINE('',#322,#323);
#322 = CARTESIAN_POINT('',(13.7,-10.,2.6645352591E-15));
#323 = VECTOR('',#324,1.);
#324 = DIRECTION('',(0.,2.22044604925E-16,1.));
#325 = ORIENTED_EDGE('',*,*,#326,.T.);
#326 = EDGE_CURVE('',#319,#327,#329,.T.);
#327 = VERTEX_POINT('',#328);
#328 = CARTESIAN_POINT('',(13.7,-8.5,8.6));
#329 = LINE('',#330,#331);
#330 = CARTESIAN_POINT('',(13.7,-10.,8.));
#331 = VECTOR('',#332,1.);
#332 = DIRECTION('',(0.,0.928476690885,0.371390676354));
#333 = ORIENTED_EDGE('',*,*,#334,.T.);
#334 = EDGE_CURVE('',#327,#335,#337,.T.);
#335 = VERTEX_POINT('',#336);
#336 = CARTESIAN_POINT('',(13.7,-7.,8.6));
#337 = LINE('',#338,#339);
#338 = CARTESIAN_POINT('',(13.7,-8.5,8.6));
#339 = VECTOR('',#340,1.);
#340 = DIRECTION('',(0.,1.,-2.22044604925E-16));
#341 = ORIENTED_EDGE('',*,*,#342,.T.);
#342 = EDGE_CURVE('',#335,#114,#343,.T.);
#343 = LINE('',#344,#345);
#344 = CARTESIAN_POINT('',(13.7,-7.,8.6));
#345 = VECTOR('',#346,1.);
#346 = DIRECTION('',(0.,-2.22044604925E-16,-1.));
#347 = ORIENTED_EDGE('',*,*,#121,.T.);
#348 = PLANE('',#349);
#349 = AXIS2_PLACEMENT_3D('',#350,#351,#352);
#350 = CARTESIAN_POINT('',(13.7,-4.14752679636,4.020308275647));
#351 = DIRECTION('',(-1.,6.200837837262E-34,2.273584543531E-32));
#352 = DIRECTION('',(-2.273584543531E-32,-2.22044604925E-16,-1.));
#353 = ADVANCED_FACE('',(#354),#365,.T.);
#354 = FACE_BOUND('',#355,.T.);
#355 = EDGE_LOOP('',(#356,#362,#363,#364));
#356 = ORIENTED_EDGE('',*,*,#357,.T.);
#357 = EDGE_CURVE('',#294,#335,#358,.T.);
#358 = LINE('',#359,#360);
#359 = CARTESIAN_POINT('',(-3.54,-7.,8.6));
#360 = VECTOR('',#361,1.);
#361 = DIRECTION('',(1.,0.,0.));
#362 = ORIENTED_EDGE('',*,*,#342,.T.);
#363 = ORIENTED_EDGE('',*,*,#111,.F.);
#364 = ORIENTED_EDGE('',*,*,#301,.F.);
#365 = PLANE('',#366);
#366 = AXIS2_PLACEMENT_3D('',#367,#368,#369);
#367 = CARTESIAN_POINT('',(-3.54,-7.,8.6));
#368 = DIRECTION('',(0.,1.,-2.22044604925E-16));
#369 = DIRECTION('',(0.,-2.22044604925E-16,-1.));
#370 = ADVANCED_FACE('',(#371),#497,.T.);
#371 = FACE_BOUND('',#372,.T.);
#372 = EDGE_LOOP('',(#373,#374,#375,#376,#384,#392,#400,#408,#416,#425,
    #433,#442,#450,#459,#467,#475,#483,#491));
#373 = ORIENTED_EDGE('',*,*,#277,.F.);
#374 = ORIENTED_EDGE('',*,*,#151,.T.);
#375 = ORIENTED_EDGE('',*,*,#318,.T.);
#376 = ORIENTED_EDGE('',*,*,#377,.F.);
#377 = EDGE_CURVE('',#378,#319,#380,.T.);
#378 = VERTEX_POINT('',#379);
#379 = CARTESIAN_POINT('',(11.16,-10.,8.));
#380 = LINE('',#381,#382);
#381 = CARTESIAN_POINT('',(-3.54,-10.,8.));
#382 = VECTOR('',#383,1.);
#383 = DIRECTION('',(1.,0.,0.));
#384 = ORIENTED_EDGE('',*,*,#385,.T.);
#385 = EDGE_CURVE('',#378,#386,#388,.T.);
#386 = VERTEX_POINT('',#387);
#387 = CARTESIAN_POINT('',(11.16,-10.,6.9));
#388 = LINE('',#389,#390);
#389 = CARTESIAN_POINT('',(11.16,-10.,8.6));
#390 = VECTOR('',#391,1.);
#391 = DIRECTION('',(0.,-2.22044604925E-16,-1.));
#392 = ORIENTED_EDGE('',*,*,#393,.F.);
#393 = EDGE_CURVE('',#394,#386,#396,.T.);
#394 = VERTEX_POINT('',#395);
#395 = CARTESIAN_POINT('',(12.9,-10.,6.9));
#396 = LINE('',#397,#398);
#397 = CARTESIAN_POINT('',(12.9,-10.,6.9));
#398 = VECTOR('',#399,1.);
#399 = DIRECTION('',(-1.,0.,0.));
#400 = ORIENTED_EDGE('',*,*,#401,.F.);
#401 = EDGE_CURVE('',#402,#394,#404,.T.);
#402 = VERTEX_POINT('',#403);
#403 = CARTESIAN_POINT('',(12.9,-10.,1.6));
#404 = LINE('',#405,#406);
#405 = CARTESIAN_POINT('',(12.9,-10.,1.6));
#406 = VECTOR('',#407,1.);
#407 = DIRECTION('',(0.,2.22044604925E-16,1.));
#408 = ORIENTED_EDGE('',*,*,#409,.F.);
#409 = EDGE_CURVE('',#410,#402,#412,.T.);
#410 = VERTEX_POINT('',#411);
#411 = CARTESIAN_POINT('',(12.16,-10.,1.6));
#412 = LINE('',#413,#414);
#413 = CARTESIAN_POINT('',(-2.74,-10.,1.6));
#414 = VECTOR('',#415,1.);
#415 = DIRECTION('',(1.,0.,0.));
#416 = ORIENTED_EDGE('',*,*,#417,.F.);
#417 = EDGE_CURVE('',#418,#410,#420,.T.);
#418 = VERTEX_POINT('',#419);
#419 = CARTESIAN_POINT('',(8.16,-10.,1.6));
#420 = CIRCLE('',#421,3.633333333333);
#421 = AXIS2_PLACEMENT_3D('',#422,#423,#424);
#422 = CARTESIAN_POINT('',(10.16,-10.,4.633333333333));
#423 = DIRECTION('',(0.,-1.,2.22044604925E-16));
#424 = DIRECTION('',(-0.550458715596,-1.853766885154E-16,-0.834862385321
    ));
#425 = ORIENTED_EDGE('',*,*,#426,.F.);
#426 = EDGE_CURVE('',#427,#418,#429,.T.);
#427 = VERTEX_POINT('',#428);
#428 = CARTESIAN_POINT('',(7.08,-10.,1.6));
#429 = LINE('',#430,#431);
#430 = CARTESIAN_POINT('',(-2.74,-10.,1.6));
#431 = VECTOR('',#432,1.);
#432 = DIRECTION('',(1.,0.,0.));
#433 = ORIENTED_EDGE('',*,*,#434,.F.);
#434 = EDGE_CURVE('',#435,#427,#437,.T.);
#435 = VERTEX_POINT('',#436);
#436 = CARTESIAN_POINT('',(3.08,-10.,1.6));
#437 = CIRCLE('',#438,3.633333333333);
#438 = AXIS2_PLACEMENT_3D('',#439,#440,#441);
#439 = CARTESIAN_POINT('',(5.08,-10.,4.633333333333));
#440 = DIRECTION('',(0.,-1.,2.22044604925E-16));
#441 = DIRECTION('',(-0.550458715596,-1.853766885154E-16,-0.834862385321
    ));
#442 = ORIENTED_EDGE('',*,*,#443,.F.);
#443 = EDGE_CURVE('',#444,#435,#446,.T.);
#444 = VERTEX_POINT('',#445);
#445 = CARTESIAN_POINT('',(2.,-10.,1.6));
#446 = LINE('',#447,#448);
#447 = CARTESIAN_POINT('',(-2.74,-10.,1.6));
#448 = VECTOR('',#449,1.);
#449 = DIRECTION('',(1.,0.,0.));
#450 = ORIENTED_EDGE('',*,*,#451,.F.);
#451 = EDGE_CURVE('',#452,#444,#454,.T.);
#452 = VERTEX_POINT('',#453);
#453 = CARTESIAN_POINT('',(-2.,-10.,1.6));
#454 = CIRCLE('',#455,3.633333333333);
#455 = AXIS2_PLACEMENT_3D('',#456,#457,#458);
#456 = CARTESIAN_POINT('',(0.,-10.,4.633333333333));
#457 = DIRECTION('',(0.,-1.,2.22044604925E-16));
#458 = DIRECTION('',(-0.550458715596,-1.853766885154E-16,-0.834862385321
    ));
#459 = ORIENTED_EDGE('',*,*,#460,.F.);
#460 = EDGE_CURVE('',#461,#452,#463,.T.);
#461 = VERTEX_POINT('',#462);
#462 = CARTESIAN_POINT('',(-2.74,-10.,1.6));
#463 = LINE('',#464,#465);
#464 = CARTESIAN_POINT('',(-2.74,-10.,1.6));
#465 = VECTOR('',#466,1.);
#466 = DIRECTION('',(1.,0.,0.));
#467 = ORIENTED_EDGE('',*,*,#468,.F.);
#468 = EDGE_CURVE('',#469,#461,#471,.T.);
#469 = VERTEX_POINT('',#470);
#470 = CARTESIAN_POINT('',(-2.74,-10.,6.9));
#471 = LINE('',#472,#473);
#472 = CARTESIAN_POINT('',(-2.74,-10.,6.9));
#473 = VECTOR('',#474,1.);
#474 = DIRECTION('',(0.,-2.22044604925E-16,-1.));
#475 = ORIENTED_EDGE('',*,*,#476,.F.);
#476 = EDGE_CURVE('',#477,#469,#479,.T.);
#477 = VERTEX_POINT('',#478);
#478 = CARTESIAN_POINT('',(-1.,-10.,6.9));
#479 = LINE('',#480,#481);
#480 = CARTESIAN_POINT('',(12.9,-10.,6.9));
#481 = VECTOR('',#482,1.);
#482 = DIRECTION('',(-1.,0.,0.));
#483 = ORIENTED_EDGE('',*,*,#484,.F.);
#484 = EDGE_CURVE('',#485,#477,#487,.T.);
#485 = VERTEX_POINT('',#486);
#486 = CARTESIAN_POINT('',(-1.,-10.,8.));
#487 = LINE('',#488,#489);
#488 = CARTESIAN_POINT('',(-1.,-10.,8.6));
#489 = VECTOR('',#490,1.);
#490 = DIRECTION('',(0.,-2.22044604925E-16,-1.));
#491 = ORIENTED_EDGE('',*,*,#492,.F.);
#492 = EDGE_CURVE('',#278,#485,#493,.T.);
#493 = LINE('',#494,#495);
#494 = CARTESIAN_POINT('',(-3.54,-10.,8.));
#495 = VECTOR('',#496,1.);
#496 = DIRECTION('',(1.,0.,0.));
#497 = PLANE('',#498);
#498 = AXIS2_PLACEMENT_3D('',#499,#500,#501);
#499 = CARTESIAN_POINT('',(-3.54,-10.,2.6645352591E-15));
#500 = DIRECTION('',(0.,-1.,2.22044604925E-16));
#501 = DIRECTION('',(0.,2.22044604925E-16,1.));
#502 = ADVANCED_FACE('',(#503),#528,.T.);
#503 = FACE_BOUND('',#504,.T.);
#504 = EDGE_LOOP('',(#505,#515,#521,#522));
#505 = ORIENTED_EDGE('',*,*,#506,.T.);
#506 = EDGE_CURVE('',#507,#509,#511,.T.);
#507 = VERTEX_POINT('',#508);
#508 = CARTESIAN_POINT('',(-0.5,0.5,-3.4));
#509 = VERTEX_POINT('',#510);
#510 = CARTESIAN_POINT('',(-0.5,-0.5,-3.4));
#511 = LINE('',#512,#513);
#512 = CARTESIAN_POINT('',(-0.5,0.5,-3.4));
#513 = VECTOR('',#514,1.);
#514 = DIRECTION('',(0.,-1.,0.));
#515 = ORIENTED_EDGE('',*,*,#516,.T.);
#516 = EDGE_CURVE('',#509,#168,#517,.T.);
#517 = LINE('',#518,#519);
#518 = CARTESIAN_POINT('',(-0.5,-0.5,-4.));
#519 = VECTOR('',#520,1.);
#520 = DIRECTION('',(0.,0.,1.));
#521 = ORIENTED_EDGE('',*,*,#167,.T.);
#522 = ORIENTED_EDGE('',*,*,#523,.T.);
#523 = EDGE_CURVE('',#170,#507,#524,.T.);
#524 = LINE('',#525,#526);
#525 = CARTESIAN_POINT('',(-0.5,0.5,3.2));
#526 = VECTOR('',#527,1.);
#527 = DIRECTION('',(0.,-3.083952846181E-17,-1.));
#528 = PLANE('',#529);
#529 = AXIS2_PLACEMENT_3D('',#530,#531,#532);
#530 = CARTESIAN_POINT('',(-0.5,-2.164915238601,1.736707405469));
#531 = DIRECTION('',(-1.,-0.,-0.));
#532 = DIRECTION('',(0.,0.,-1.));
#533 = ADVANCED_FACE('',(#534),#552,.T.);
#534 = FACE_BOUND('',#535,.T.);
#535 = EDGE_LOOP('',(#536,#544,#545,#546));
#536 = ORIENTED_EDGE('',*,*,#537,.F.);
#537 = EDGE_CURVE('',#507,#538,#540,.T.);
#538 = VERTEX_POINT('',#539);
#539 = CARTESIAN_POINT('',(0.5,0.5,-3.4));
#540 = LINE('',#541,#542);
#541 = CARTESIAN_POINT('',(-0.3,0.5,-3.4));
#542 = VECTOR('',#543,1.);
#543 = DIRECTION('',(1.,0.,0.));
#544 = ORIENTED_EDGE('',*,*,#523,.F.);
#545 = ORIENTED_EDGE('',*,*,#193,.T.);
#546 = ORIENTED_EDGE('',*,*,#547,.T.);
#547 = EDGE_CURVE('',#186,#538,#548,.T.);
#548 = LINE('',#549,#550);
#549 = CARTESIAN_POINT('',(0.5,0.5,3.2));
#550 = VECTOR('',#551,1.);
#551 = DIRECTION('',(0.,-3.083952846181E-17,-1.));
#552 = PLANE('',#553);
#553 = AXIS2_PLACEMENT_3D('',#554,#555,#556);
#554 = CARTESIAN_POINT('',(-0.5,0.5,3.2));
#555 = DIRECTION('',(0.,1.,-3.083952846181E-17));
#556 = DIRECTION('',(0.,-3.083952846181E-17,-1.));
#557 = ADVANCED_FACE('',(#558),#576,.F.);
#558 = FACE_BOUND('',#559,.F.);
#559 = EDGE_LOOP('',(#560,#568,#574,#575));
#560 = ORIENTED_EDGE('',*,*,#561,.T.);
#561 = EDGE_CURVE('',#538,#562,#564,.T.);
#562 = VERTEX_POINT('',#563);
#563 = CARTESIAN_POINT('',(0.5,-0.5,-3.4));
#564 = LINE('',#565,#566);
#565 = CARTESIAN_POINT('',(0.5,0.5,-3.4));
#566 = VECTOR('',#567,1.);
#567 = DIRECTION('',(0.,-1.,0.));
#568 = ORIENTED_EDGE('',*,*,#569,.T.);
#569 = EDGE_CURVE('',#562,#178,#570,.T.);
#570 = LINE('',#571,#572);
#571 = CARTESIAN_POINT('',(0.5,-0.5,-4.));
#572 = VECTOR('',#573,1.);
#573 = DIRECTION('',(0.,0.,1.));
#574 = ORIENTED_EDGE('',*,*,#185,.T.);
#575 = ORIENTED_EDGE('',*,*,#547,.T.);
#576 = PLANE('',#577);
#577 = AXIS2_PLACEMENT_3D('',#578,#579,#580);
#578 = CARTESIAN_POINT('',(0.5,-2.164915238601,1.736707405469));
#579 = DIRECTION('',(-1.,-0.,-0.));
#580 = DIRECTION('',(0.,0.,-1.));
#581 = ADVANCED_FACE('',(#582),#593,.T.);
#582 = FACE_BOUND('',#583,.T.);
#583 = EDGE_LOOP('',(#584,#585,#591,#592));
#584 = ORIENTED_EDGE('',*,*,#516,.F.);
#585 = ORIENTED_EDGE('',*,*,#586,.T.);
#586 = EDGE_CURVE('',#509,#562,#587,.T.);
#587 = LINE('',#588,#589);
#588 = CARTESIAN_POINT('',(-0.3,-0.5,-3.4));
#589 = VECTOR('',#590,1.);
#590 = DIRECTION('',(1.,0.,0.));
#591 = ORIENTED_EDGE('',*,*,#569,.T.);
#592 = ORIENTED_EDGE('',*,*,#177,.T.);
#593 = PLANE('',#594);
#594 = AXIS2_PLACEMENT_3D('',#595,#596,#597);
#595 = CARTESIAN_POINT('',(-0.5,-0.5,-4.));
#596 = DIRECTION('',(0.,-1.,0.));
#597 = DIRECTION('',(0.,0.,1.));
#598 = ADVANCED_FACE('',(#599),#624,.T.);
#599 = FACE_BOUND('',#600,.T.);
#600 = EDGE_LOOP('',(#601,#609,#617,#623));
#601 = ORIENTED_EDGE('',*,*,#602,.F.);
#602 = EDGE_CURVE('',#603,#204,#605,.T.);
#603 = VERTEX_POINT('',#604);
#604 = CARTESIAN_POINT('',(4.58,-0.5,-3.4));
#605 = LINE('',#606,#607);
#606 = CARTESIAN_POINT('',(4.58,-0.5,-4.));
#607 = VECTOR('',#608,1.);
#608 = DIRECTION('',(0.,0.,1.));
#609 = ORIENTED_EDGE('',*,*,#610,.T.);
#610 = EDGE_CURVE('',#603,#611,#613,.T.);
#611 = VERTEX_POINT('',#612);
#612 = CARTESIAN_POINT('',(5.58,-0.5,-3.4));
#613 = LINE('',#614,#615);
#614 = CARTESIAN_POINT('',(4.78,-0.5,-3.4));
#615 = VECTOR('',#616,1.);
#616 = DIRECTION('',(1.,0.,0.));
#617 = ORIENTED_EDGE('',*,*,#618,.T.);
#618 = EDGE_CURVE('',#611,#202,#619,.T.);
#619 = LINE('',#620,#621);
#620 = CARTESIAN_POINT('',(5.58,-0.5,-4.));
#621 = VECTOR('',#622,1.);
#622 = DIRECTION('',(0.,0.,1.));
#623 = ORIENTED_EDGE('',*,*,#201,.T.);
#624 = PLANE('',#625);
#625 = AXIS2_PLACEMENT_3D('',#626,#627,#628);
#626 = CARTESIAN_POINT('',(4.58,-0.5,-4.));
#627 = DIRECTION('',(0.,-1.,0.));
#628 = DIRECTION('',(0.,0.,1.));
#629 = ADVANCED_FACE('',(#630),#648,.T.);
#630 = FACE_BOUND('',#631,.T.);
#631 = EDGE_LOOP('',(#632,#640,#641,#642));
#632 = ORIENTED_EDGE('',*,*,#633,.T.);
#633 = EDGE_CURVE('',#634,#603,#636,.T.);
#634 = VERTEX_POINT('',#635);
#635 = CARTESIAN_POINT('',(4.58,0.5,-3.4));
#636 = LINE('',#637,#638);
#637 = CARTESIAN_POINT('',(4.58,0.5,-3.4));
#638 = VECTOR('',#639,1.);
#639 = DIRECTION('',(0.,-1.,0.));
#640 = ORIENTED_EDGE('',*,*,#602,.T.);
#641 = ORIENTED_EDGE('',*,*,#227,.T.);
#642 = ORIENTED_EDGE('',*,*,#643,.T.);
#643 = EDGE_CURVE('',#220,#634,#644,.T.);
#644 = LINE('',#645,#646);
#645 = CARTESIAN_POINT('',(4.58,0.5,3.2));
#646 = VECTOR('',#647,1.);
#647 = DIRECTION('',(0.,-3.083952846181E-17,-1.));
#648 = PLANE('',#649);
#649 = AXIS2_PLACEMENT_3D('',#650,#651,#652);
#650 = CARTESIAN_POINT('',(4.58,-2.164915238601,1.736707405469));
#651 = DIRECTION('',(-1.,-0.,-0.));
#652 = DIRECTION('',(0.,0.,-1.));
#653 = ADVANCED_FACE('',(#654),#672,.T.);
#654 = FACE_BOUND('',#655,.T.);
#655 = EDGE_LOOP('',(#656,#664,#665,#666));
#656 = ORIENTED_EDGE('',*,*,#657,.F.);
#657 = EDGE_CURVE('',#634,#658,#660,.T.);
#658 = VERTEX_POINT('',#659);
#659 = CARTESIAN_POINT('',(5.58,0.5,-3.4));
#660 = LINE('',#661,#662);
#661 = CARTESIAN_POINT('',(4.78,0.5,-3.4));
#662 = VECTOR('',#663,1.);
#663 = DIRECTION('',(1.,0.,0.));
#664 = ORIENTED_EDGE('',*,*,#643,.F.);
#665 = ORIENTED_EDGE('',*,*,#219,.T.);
#666 = ORIENTED_EDGE('',*,*,#667,.T.);
#667 = EDGE_CURVE('',#212,#658,#668,.T.);
#668 = LINE('',#669,#670);
#669 = CARTESIAN_POINT('',(5.58,0.5,3.2));
#670 = VECTOR('',#671,1.);
#671 = DIRECTION('',(0.,-3.083952846181E-17,-1.));
#672 = PLANE('',#673);
#673 = AXIS2_PLACEMENT_3D('',#674,#675,#676);
#674 = CARTESIAN_POINT('',(4.58,0.5,3.2));
#675 = DIRECTION('',(0.,1.,-3.083952846181E-17));
#676 = DIRECTION('',(0.,-3.083952846181E-17,-1.));
#677 = ADVANCED_FACE('',(#678),#689,.F.);
#678 = FACE_BOUND('',#679,.F.);
#679 = EDGE_LOOP('',(#680,#686,#687,#688));
#680 = ORIENTED_EDGE('',*,*,#681,.T.);
#681 = EDGE_CURVE('',#658,#611,#682,.T.);
#682 = LINE('',#683,#684);
#683 = CARTESIAN_POINT('',(5.58,0.5,-3.4));
#684 = VECTOR('',#685,1.);
#685 = DIRECTION('',(0.,-1.,0.));
#686 = ORIENTED_EDGE('',*,*,#618,.T.);
#687 = ORIENTED_EDGE('',*,*,#211,.T.);
#688 = ORIENTED_EDGE('',*,*,#667,.T.);
#689 = PLANE('',#690);
#690 = AXIS2_PLACEMENT_3D('',#691,#692,#693);
#691 = CARTESIAN_POINT('',(5.58,-2.164915238601,1.736707405469));
#692 = DIRECTION('',(-1.,-0.,-0.));
#693 = DIRECTION('',(0.,0.,-1.));
#694 = ADVANCED_FACE('',(#695),#720,.T.);
#695 = FACE_BOUND('',#696,.T.);
#696 = EDGE_LOOP('',(#697,#707,#713,#714));
#697 = ORIENTED_EDGE('',*,*,#698,.T.);
#698 = EDGE_CURVE('',#699,#701,#703,.T.);
#699 = VERTEX_POINT('',#700);
#700 = CARTESIAN_POINT('',(9.66,0.5,-3.4));
#701 = VERTEX_POINT('',#702);
#702 = CARTESIAN_POINT('',(9.66,-0.5,-3.4));
#703 = LINE('',#704,#705);
#704 = CARTESIAN_POINT('',(9.66,0.5,-3.4));
#705 = VECTOR('',#706,1.);
#706 = DIRECTION('',(0.,-1.,0.));
#707 = ORIENTED_EDGE('',*,*,#708,.T.);
#708 = EDGE_CURVE('',#701,#236,#709,.T.);
#709 = LINE('',#710,#711);
#710 = CARTESIAN_POINT('',(9.66,-0.5,-4.));
#711 = VECTOR('',#712,1.);
#712 = DIRECTION('',(0.,0.,1.));
#713 = ORIENTED_EDGE('',*,*,#235,.T.);
#714 = ORIENTED_EDGE('',*,*,#715,.T.);
#715 = EDGE_CURVE('',#238,#699,#716,.T.);
#716 = LINE('',#717,#718);
#717 = CARTESIAN_POINT('',(9.66,0.5,3.2));
#718 = VECTOR('',#719,1.);
#719 = DIRECTION('',(0.,-3.083952846181E-17,-1.));
#720 = PLANE('',#721);
#721 = AXIS2_PLACEMENT_3D('',#722,#723,#724);
#722 = CARTESIAN_POINT('',(9.66,-2.164915238601,1.736707405469));
#723 = DIRECTION('',(-1.,-0.,-0.));
#724 = DIRECTION('',(0.,0.,-1.));
#725 = ADVANCED_FACE('',(#726),#744,.T.);
#726 = FACE_BOUND('',#727,.T.);
#727 = EDGE_LOOP('',(#728,#736,#737,#738));
#728 = ORIENTED_EDGE('',*,*,#729,.F.);
#729 = EDGE_CURVE('',#699,#730,#732,.T.);
#730 = VERTEX_POINT('',#731);
#731 = CARTESIAN_POINT('',(10.66,0.5,-3.4));
#732 = LINE('',#733,#734);
#733 = CARTESIAN_POINT('',(9.86,0.5,-3.4));
#734 = VECTOR('',#735,1.);
#735 = DIRECTION('',(1.,0.,0.));
#736 = ORIENTED_EDGE('',*,*,#715,.F.);
#737 = ORIENTED_EDGE('',*,*,#261,.T.);
#738 = ORIENTED_EDGE('',*,*,#739,.T.);
#739 = EDGE_CURVE('',#254,#730,#740,.T.);
#740 = LINE('',#741,#742);
#741 = CARTESIAN_POINT('',(10.66,0.5,3.2));
#742 = VECTOR('',#743,1.);
#743 = DIRECTION('',(0.,-3.083952846181E-17,-1.));
#744 = PLANE('',#745);
#745 = AXIS2_PLACEMENT_3D('',#746,#747,#748);
#746 = CARTESIAN_POINT('',(9.66,0.5,3.2));
#747 = DIRECTION('',(0.,1.,-3.083952846181E-17));
#748 = DIRECTION('',(0.,-3.083952846181E-17,-1.));
#749 = ADVANCED_FACE('',(#750),#768,.F.);
#750 = FACE_BOUND('',#751,.F.);
#751 = EDGE_LOOP('',(#752,#760,#766,#767));
#752 = ORIENTED_EDGE('',*,*,#753,.T.);
#753 = EDGE_CURVE('',#730,#754,#756,.T.);
#754 = VERTEX_POINT('',#755);
#755 = CARTESIAN_POINT('',(10.66,-0.5,-3.4));
#756 = LINE('',#757,#758);
#757 = CARTESIAN_POINT('',(10.66,0.5,-3.4));
#758 = VECTOR('',#759,1.);
#759 = DIRECTION('',(0.,-1.,0.));
#760 = ORIENTED_EDGE('',*,*,#761,.T.);
#761 = EDGE_CURVE('',#754,#246,#762,.T.);
#762 = LINE('',#763,#764);
#763 = CARTESIAN_POINT('',(10.66,-0.5,-4.));
#764 = VECTOR('',#765,1.);
#765 = DIRECTION('',(0.,0.,1.));
#766 = ORIENTED_EDGE('',*,*,#253,.T.);
#767 = ORIENTED_EDGE('',*,*,#739,.T.);
#768 = PLANE('',#769);
#769 = AXIS2_PLACEMENT_3D('',#770,#771,#772);
#770 = CARTESIAN_POINT('',(10.66,-2.164915238601,1.736707405469));
#771 = DIRECTION('',(-1.,-0.,-0.));
#772 = DIRECTION('',(0.,0.,-1.));
#773 = ADVANCED_FACE('',(#774),#785,.T.);
#774 = FACE_BOUND('',#775,.T.);
#775 = EDGE_LOOP('',(#776,#777,#783,#784));
#776 = ORIENTED_EDGE('',*,*,#708,.F.);
#777 = ORIENTED_EDGE('',*,*,#778,.T.);
#778 = EDGE_CURVE('',#701,#754,#779,.T.);
#779 = LINE('',#780,#781);
#780 = CARTESIAN_POINT('',(9.86,-0.5,-3.4));
#781 = VECTOR('',#782,1.);
#782 = DIRECTION('',(1.,0.,0.));
#783 = ORIENTED_EDGE('',*,*,#761,.T.);
#784 = ORIENTED_EDGE('',*,*,#245,.T.);
#785 = PLANE('',#786);
#786 = AXIS2_PLACEMENT_3D('',#787,#788,#789);
#787 = CARTESIAN_POINT('',(9.66,-0.5,-4.));
#788 = DIRECTION('',(0.,-1.,0.));
#789 = DIRECTION('',(0.,0.,1.));
#790 = ADVANCED_FACE('',(#791),#809,.T.);
#791 = FACE_BOUND('',#792,.T.);
#792 = EDGE_LOOP('',(#793,#794,#795,#803));
#793 = ORIENTED_EDGE('',*,*,#285,.F.);
#794 = ORIENTED_EDGE('',*,*,#492,.T.);
#795 = ORIENTED_EDGE('',*,*,#796,.F.);
#796 = EDGE_CURVE('',#797,#485,#799,.T.);
#797 = VERTEX_POINT('',#798);
#798 = CARTESIAN_POINT('',(-0.75,-8.5,8.6));
#799 = LINE('',#800,#801);
#800 = CARTESIAN_POINT('',(-0.904700654818,-9.428203928906,
    8.228718428438));
#801 = VECTOR('',#802,1.);
#802 = DIRECTION('',(-0.152925937552,-0.91755562531,-0.367022250124));
#803 = ORIENTED_EDGE('',*,*,#804,.F.);
#804 = EDGE_CURVE('',#286,#797,#805,.T.);
#805 = LINE('',#806,#807);
#806 = CARTESIAN_POINT('',(-3.54,-8.5,8.6));
#807 = VECTOR('',#808,1.);
#808 = DIRECTION('',(1.,0.,0.));
#809 = PLANE('',#810);
#810 = AXIS2_PLACEMENT_3D('',#811,#812,#813);
#811 = CARTESIAN_POINT('',(-3.54,-10.,8.));
#812 = DIRECTION('',(0.,-0.371390676354,0.928476690885));
#813 = DIRECTION('',(0.,0.928476690885,0.371390676354));
#814 = ADVANCED_FACE('',(#815),#867,.T.);
#815 = FACE_BOUND('',#816,.T.);
#816 = EDGE_LOOP('',(#817,#818,#826,#834,#842,#850,#858,#864,#865,#866)
  );
#817 = ORIENTED_EDGE('',*,*,#804,.T.);
#818 = ORIENTED_EDGE('',*,*,#819,.T.);
#819 = EDGE_CURVE('',#797,#820,#822,.T.);
#820 = VERTEX_POINT('',#821);
#821 = CARTESIAN_POINT('',(0.75,-8.5,8.6));
#822 = LINE('',#823,#824);
#823 = CARTESIAN_POINT('',(-3.54,-8.5,8.6));
#824 = VECTOR('',#825,1.);
#825 = DIRECTION('',(1.,0.,0.));
#826 = ORIENTED_EDGE('',*,*,#827,.T.);
#827 = EDGE_CURVE('',#820,#828,#830,.T.);
#828 = VERTEX_POINT('',#829);
#829 = CARTESIAN_POINT('',(4.33,-8.5,8.6));
#830 = LINE('',#831,#832);
#831 = CARTESIAN_POINT('',(-3.54,-8.5,8.6));
#832 = VECTOR('',#833,1.);
#833 = DIRECTION('',(1.,0.,0.));
#834 = ORIENTED_EDGE('',*,*,#835,.T.);
#835 = EDGE_CURVE('',#828,#836,#838,.T.);
#836 = VERTEX_POINT('',#837);
#837 = CARTESIAN_POINT('',(5.83,-8.5,8.6));
#838 = LINE('',#839,#840);
#839 = CARTESIAN_POINT('',(-3.54,-8.5,8.6));
#840 = VECTOR('',#841,1.);
#841 = DIRECTION('',(1.,0.,0.));
#842 = ORIENTED_EDGE('',*,*,#843,.T.);
#843 = EDGE_CURVE('',#836,#844,#846,.T.);
#844 = VERTEX_POINT('',#845);
#845 = CARTESIAN_POINT('',(9.41,-8.5,8.6));
#846 = LINE('',#847,#848);
#847 = CARTESIAN_POINT('',(-3.54,-8.5,8.6));
#848 = VECTOR('',#849,1.);
#849 = DIRECTION('',(1.,0.,0.));
#850 = ORIENTED_EDGE('',*,*,#851,.T.);
#851 = EDGE_CURVE('',#844,#852,#854,.T.);
#852 = VERTEX_POINT('',#853);
#853 = CARTESIAN_POINT('',(10.91,-8.5,8.6));
#854 = LINE('',#855,#856);
#855 = CARTESIAN_POINT('',(-3.54,-8.5,8.6));
#856 = VECTOR('',#857,1.);
#857 = DIRECTION('',(1.,0.,0.));
#858 = ORIENTED_EDGE('',*,*,#859,.T.);
#859 = EDGE_CURVE('',#852,#327,#860,.T.);
#860 = LINE('',#861,#862);
#861 = CARTESIAN_POINT('',(-3.54,-8.5,8.6));
#862 = VECTOR('',#863,1.);
#863 = DIRECTION('',(1.,0.,0.));
#864 = ORIENTED_EDGE('',*,*,#334,.T.);
#865 = ORIENTED_EDGE('',*,*,#357,.F.);
#866 = ORIENTED_EDGE('',*,*,#293,.F.);
#867 = PLANE('',#868);
#868 = AXIS2_PLACEMENT_3D('',#869,#870,#871);
#869 = CARTESIAN_POINT('',(-3.54,-8.5,8.6));
#870 = DIRECTION('',(0.,2.22044604925E-16,1.));
#871 = DIRECTION('',(0.,1.,-2.22044604925E-16));
#872 = ADVANCED_FACE('',(#873),#884,.T.);
#873 = FACE_BOUND('',#874,.T.);
#874 = EDGE_LOOP('',(#875,#881,#882,#883));
#875 = ORIENTED_EDGE('',*,*,#876,.F.);
#876 = EDGE_CURVE('',#378,#852,#877,.T.);
#877 = LINE('',#878,#879);
#878 = CARTESIAN_POINT('',(10.971272217025,-8.867633302152,
    8.452946679139));
#879 = VECTOR('',#880,1.);
#880 = DIRECTION('',(-0.152925937552,0.91755562531,0.367022250124));
#881 = ORIENTED_EDGE('',*,*,#377,.T.);
#882 = ORIENTED_EDGE('',*,*,#326,.T.);
#883 = ORIENTED_EDGE('',*,*,#859,.F.);
#884 = PLANE('',#885);
#885 = AXIS2_PLACEMENT_3D('',#886,#887,#888);
#886 = CARTESIAN_POINT('',(-3.54,-10.,8.));
#887 = DIRECTION('',(0.,-0.371390676354,0.928476690885));
#888 = DIRECTION('',(0.,0.928476690885,0.371390676354));
#889 = ADVANCED_FACE('',(#890),#908,.F.);
#890 = FACE_BOUND('',#891,.F.);
#891 = EDGE_LOOP('',(#892,#893,#901,#907));
#892 = ORIENTED_EDGE('',*,*,#796,.F.);
#893 = ORIENTED_EDGE('',*,*,#894,.T.);
#894 = EDGE_CURVE('',#797,#895,#897,.T.);
#895 = VERTEX_POINT('',#896);
#896 = CARTESIAN_POINT('',(-0.75,-8.5,6.9));
#897 = LINE('',#898,#899);
#898 = CARTESIAN_POINT('',(-0.75,-8.5,8.6));
#899 = VECTOR('',#900,1.);
#900 = DIRECTION('',(0.,-2.22044604925E-16,-1.));
#901 = ORIENTED_EDGE('',*,*,#902,.T.);
#902 = EDGE_CURVE('',#895,#477,#903,.T.);
#903 = LINE('',#904,#905);
#904 = CARTESIAN_POINT('',(-0.75,-8.5,6.9));
#905 = VECTOR('',#906,1.);
#906 = DIRECTION('',(-0.164398987305,-0.986393923832,2.190234491178E-16)
  );
#907 = ORIENTED_EDGE('',*,*,#484,.F.);
#908 = PLANE('',#909);
#909 = AXIS2_PLACEMENT_3D('',#910,#911,#912);
#910 = CARTESIAN_POINT('',(-0.75,-8.5,8.6));
#911 = DIRECTION('',(-0.986393923832,0.164398987305,-3.65039081863E-17)
  );
#912 = DIRECTION('',(-0.164398987305,-0.986393923832,2.190234491178E-16)
  );
#913 = ADVANCED_FACE('',(#914),#1019,.F.);
#914 = FACE_BOUND('',#915,.F.);
#915 = EDGE_LOOP('',(#916,#917,#925,#933,#939,#940,#941,#949,#957,#965,
    #973,#981,#989,#997,#1005,#1013));
#916 = ORIENTED_EDGE('',*,*,#393,.F.);
#917 = ORIENTED_EDGE('',*,*,#918,.T.);
#918 = EDGE_CURVE('',#394,#919,#921,.T.);
#919 = VERTEX_POINT('',#920);
#920 = CARTESIAN_POINT('',(12.9,-1.5,6.9));
#921 = LINE('',#922,#923);
#922 = CARTESIAN_POINT('',(12.9,-10.,6.9));
#923 = VECTOR('',#924,1.);
#924 = DIRECTION('',(-0.,1.,-2.22044604925E-16));
#925 = ORIENTED_EDGE('',*,*,#926,.T.);
#926 = EDGE_CURVE('',#919,#927,#929,.T.);
#927 = VERTEX_POINT('',#928);
#928 = CARTESIAN_POINT('',(-2.74,-1.5,6.9));
#929 = LINE('',#930,#931);
#930 = CARTESIAN_POINT('',(12.9,-1.5,6.9));
#931 = VECTOR('',#932,1.);
#932 = DIRECTION('',(-1.,0.,0.));
#933 = ORIENTED_EDGE('',*,*,#934,.F.);
#934 = EDGE_CURVE('',#469,#927,#935,.T.);
#935 = LINE('',#936,#937);
#936 = CARTESIAN_POINT('',(-2.74,-10.,6.9));
#937 = VECTOR('',#938,1.);
#938 = DIRECTION('',(-0.,1.,-2.22044604925E-16));
#939 = ORIENTED_EDGE('',*,*,#476,.F.);
#940 = ORIENTED_EDGE('',*,*,#902,.F.);
#941 = ORIENTED_EDGE('',*,*,#942,.F.);
#942 = EDGE_CURVE('',#943,#895,#945,.T.);
#943 = VERTEX_POINT('',#944);
#944 = CARTESIAN_POINT('',(0.75,-8.5,6.9));
#945 = LINE('',#946,#947);
#946 = CARTESIAN_POINT('',(0.75,-8.5,6.9));
#947 = VECTOR('',#948,1.);
#948 = DIRECTION('',(-1.,0.,0.));
#949 = ORIENTED_EDGE('',*,*,#950,.F.);
#950 = EDGE_CURVE('',#951,#943,#953,.T.);
#951 = VERTEX_POINT('',#952);
#952 = CARTESIAN_POINT('',(1.,-10.,6.9));
#953 = LINE('',#954,#955);
#954 = CARTESIAN_POINT('',(1.,-10.,6.9));
#955 = VECTOR('',#956,1.);
#956 = DIRECTION('',(-0.164398987305,0.986393923832,-2.190234491178E-16)
  );
#957 = ORIENTED_EDGE('',*,*,#958,.F.);
#958 = EDGE_CURVE('',#959,#951,#961,.T.);
#959 = VERTEX_POINT('',#960);
#960 = CARTESIAN_POINT('',(4.08,-10.,6.9));
#961 = LINE('',#962,#963);
#962 = CARTESIAN_POINT('',(12.9,-10.,6.9));
#963 = VECTOR('',#964,1.);
#964 = DIRECTION('',(-1.,0.,0.));
#965 = ORIENTED_EDGE('',*,*,#966,.F.);
#966 = EDGE_CURVE('',#967,#959,#969,.T.);
#967 = VERTEX_POINT('',#968);
#968 = CARTESIAN_POINT('',(4.33,-8.5,6.9));
#969 = LINE('',#970,#971);
#970 = CARTESIAN_POINT('',(4.33,-8.5,6.9));
#971 = VECTOR('',#972,1.);
#972 = DIRECTION('',(-0.164398987305,-0.986393923832,2.190234491178E-16)
  );
#973 = ORIENTED_EDGE('',*,*,#974,.F.);
#974 = EDGE_CURVE('',#975,#967,#977,.T.);
#975 = VERTEX_POINT('',#976);
#976 = CARTESIAN_POINT('',(5.83,-8.5,6.9));
#977 = LINE('',#978,#979);
#978 = CARTESIAN_POINT('',(5.83,-8.5,6.9));
#979 = VECTOR('',#980,1.);
#980 = DIRECTION('',(-1.,0.,0.));
#981 = ORIENTED_EDGE('',*,*,#982,.F.);
#982 = EDGE_CURVE('',#983,#975,#985,.T.);
#983 = VERTEX_POINT('',#984);
#984 = CARTESIAN_POINT('',(6.08,-10.,6.9));
#985 = LINE('',#986,#987);
#986 = CARTESIAN_POINT('',(6.08,-10.,6.9));
#987 = VECTOR('',#988,1.);
#988 = DIRECTION('',(-0.164398987305,0.986393923832,-2.190234491178E-16)
  );
#989 = ORIENTED_EDGE('',*,*,#990,.F.);
#990 = EDGE_CURVE('',#991,#983,#993,.T.);
#991 = VERTEX_POINT('',#992);
#992 = CARTESIAN_POINT('',(9.16,-10.,6.9));
#993 = LINE('',#994,#995);
#994 = CARTESIAN_POINT('',(12.9,-10.,6.9));
#995 = VECTOR('',#996,1.);
#996 = DIRECTION('',(-1.,0.,0.));
#997 = ORIENTED_EDGE('',*,*,#998,.F.);
#998 = EDGE_CURVE('',#999,#991,#1001,.T.);
#999 = VERTEX_POINT('',#1000);
#1000 = CARTESIAN_POINT('',(9.41,-8.5,6.9));
#1001 = LINE('',#1002,#1003);
#1002 = CARTESIAN_POINT('',(9.41,-8.5,6.9));
#1003 = VECTOR('',#1004,1.);
#1004 = DIRECTION('',(-0.164398987305,-0.986393923832,2.190234491178E-16
    ));
#1005 = ORIENTED_EDGE('',*,*,#1006,.F.);
#1006 = EDGE_CURVE('',#1007,#999,#1009,.T.);
#1007 = VERTEX_POINT('',#1008);
#1008 = CARTESIAN_POINT('',(10.91,-8.5,6.9));
#1009 = LINE('',#1010,#1011);
#1010 = CARTESIAN_POINT('',(10.91,-8.5,6.9));
#1011 = VECTOR('',#1012,1.);
#1012 = DIRECTION('',(-1.,0.,0.));
#1013 = ORIENTED_EDGE('',*,*,#1014,.F.);
#1014 = EDGE_CURVE('',#386,#1007,#1015,.T.);
#1015 = LINE('',#1016,#1017);
#1016 = CARTESIAN_POINT('',(11.16,-10.,6.9));
#1017 = VECTOR('',#1018,1.);
#1018 = DIRECTION('',(-0.164398987305,0.986393923832,-2.190234491178E-16
    ));
#1019 = PLANE('',#1020);
#1020 = AXIS2_PLACEMENT_3D('',#1021,#1022,#1023);
#1021 = CARTESIAN_POINT('',(12.9,-10.,6.9));
#1022 = DIRECTION('',(0.,2.22044604925E-16,1.));
#1023 = DIRECTION('',(-1.,0.,0.));
#1024 = ADVANCED_FACE('',(#1025),#1043,.F.);
#1025 = FACE_BOUND('',#1026,.F.);
#1026 = EDGE_LOOP('',(#1027,#1028,#1036,#1042));
#1027 = ORIENTED_EDGE('',*,*,#934,.T.);
#1028 = ORIENTED_EDGE('',*,*,#1029,.T.);
#1029 = EDGE_CURVE('',#927,#1030,#1032,.T.);
#1030 = VERTEX_POINT('',#1031);
#1031 = CARTESIAN_POINT('',(-2.74,-1.5,1.6));
#1032 = LINE('',#1033,#1034);
#1033 = CARTESIAN_POINT('',(-2.74,-1.5,6.9));
#1034 = VECTOR('',#1035,1.);
#1035 = DIRECTION('',(0.,-2.22044604925E-16,-1.));
#1036 = ORIENTED_EDGE('',*,*,#1037,.F.);
#1037 = EDGE_CURVE('',#461,#1030,#1038,.T.);
#1038 = LINE('',#1039,#1040);
#1039 = CARTESIAN_POINT('',(-2.74,-10.,1.6));
#1040 = VECTOR('',#1041,1.);
#1041 = DIRECTION('',(-0.,1.,-2.22044604925E-16));
#1042 = ORIENTED_EDGE('',*,*,#468,.F.);
#1043 = PLANE('',#1044);
#1044 = AXIS2_PLACEMENT_3D('',#1045,#1046,#1047);
#1045 = CARTESIAN_POINT('',(-2.74,-10.,6.9));
#1046 = DIRECTION('',(-1.,0.,0.));
#1047 = DIRECTION('',(-0.,-2.22044604925E-16,-1.));
#1048 = ADVANCED_FACE('',(#1049),#1067,.F.);
#1049 = FACE_BOUND('',#1050,.F.);
#1050 = EDGE_LOOP('',(#1051,#1052,#1053,#1061));
#1051 = ORIENTED_EDGE('',*,*,#460,.F.);
#1052 = ORIENTED_EDGE('',*,*,#1037,.T.);
#1053 = ORIENTED_EDGE('',*,*,#1054,.T.);
#1054 = EDGE_CURVE('',#1030,#1055,#1057,.T.);
#1055 = VERTEX_POINT('',#1056);
#1056 = CARTESIAN_POINT('',(-2.,-1.5,1.6));
#1057 = LINE('',#1058,#1059);
#1058 = CARTESIAN_POINT('',(-2.74,-1.5,1.6));
#1059 = VECTOR('',#1060,1.);
#1060 = DIRECTION('',(1.,0.,0.));
#1061 = ORIENTED_EDGE('',*,*,#1062,.F.);
#1062 = EDGE_CURVE('',#452,#1055,#1063,.T.);
#1063 = LINE('',#1064,#1065);
#1064 = CARTESIAN_POINT('',(-2.,-10.,1.6));
#1065 = VECTOR('',#1066,1.);
#1066 = DIRECTION('',(-0.,1.,-2.22044604925E-16));
#1067 = PLANE('',#1068);
#1068 = AXIS2_PLACEMENT_3D('',#1069,#1070,#1071);
#1069 = CARTESIAN_POINT('',(-2.74,-10.,1.6));
#1070 = DIRECTION('',(0.,-2.22044604925E-16,-1.));
#1071 = DIRECTION('',(1.,0.,0.));
#1072 = ADVANCED_FACE('',(#1073),#1092,.F.);
#1073 = FACE_BOUND('',#1074,.F.);
#1074 = EDGE_LOOP('',(#1075,#1076,#1085,#1091));
#1075 = ORIENTED_EDGE('',*,*,#1062,.T.);
#1076 = ORIENTED_EDGE('',*,*,#1077,.T.);
#1077 = EDGE_CURVE('',#1055,#1078,#1080,.T.);
#1078 = VERTEX_POINT('',#1079);
#1079 = CARTESIAN_POINT('',(2.,-1.5,1.6));
#1080 = CIRCLE('',#1081,3.633333333333);
#1081 = AXIS2_PLACEMENT_3D('',#1082,#1083,#1084);
#1082 = CARTESIAN_POINT('',(0.,-1.5,4.633333333333));
#1083 = DIRECTION('',(0.,-1.,2.22044604925E-16));
#1084 = DIRECTION('',(-0.550458715596,-1.853766885154E-16,
    -0.834862385321));
#1085 = ORIENTED_EDGE('',*,*,#1086,.F.);
#1086 = EDGE_CURVE('',#444,#1078,#1087,.T.);
#1087 = LINE('',#1088,#1089);
#1088 = CARTESIAN_POINT('',(2.,-10.,1.6));
#1089 = VECTOR('',#1090,1.);
#1090 = DIRECTION('',(-0.,1.,-2.22044604925E-16));
#1091 = ORIENTED_EDGE('',*,*,#451,.F.);
#1092 = CYLINDRICAL_SURFACE('',#1093,3.633333333333);
#1093 = AXIS2_PLACEMENT_3D('',#1094,#1095,#1096);
#1094 = CARTESIAN_POINT('',(0.,-10.,4.633333333333));
#1095 = DIRECTION('',(0.,-1.,2.22044604925E-16));
#1096 = DIRECTION('',(-0.550458715596,-1.853766885154E-16,
    -0.834862385321));
#1097 = ADVANCED_FACE('',(#1098),#1116,.F.);
#1098 = FACE_BOUND('',#1099,.F.);
#1099 = EDGE_LOOP('',(#1100,#1101,#1102,#1110));
#1100 = ORIENTED_EDGE('',*,*,#443,.F.);
#1101 = ORIENTED_EDGE('',*,*,#1086,.T.);
#1102 = ORIENTED_EDGE('',*,*,#1103,.T.);
#1103 = EDGE_CURVE('',#1078,#1104,#1106,.T.);
#1104 = VERTEX_POINT('',#1105);
#1105 = CARTESIAN_POINT('',(3.08,-1.5,1.6));
#1106 = LINE('',#1107,#1108);
#1107 = CARTESIAN_POINT('',(-2.74,-1.5,1.6));
#1108 = VECTOR('',#1109,1.);
#1109 = DIRECTION('',(1.,0.,0.));
#1110 = ORIENTED_EDGE('',*,*,#1111,.F.);
#1111 = EDGE_CURVE('',#435,#1104,#1112,.T.);
#1112 = LINE('',#1113,#1114);
#1113 = CARTESIAN_POINT('',(3.08,-10.,1.6));
#1114 = VECTOR('',#1115,1.);
#1115 = DIRECTION('',(-0.,1.,-2.22044604925E-16));
#1116 = PLANE('',#1117);
#1117 = AXIS2_PLACEMENT_3D('',#1118,#1119,#1120);
#1118 = CARTESIAN_POINT('',(-2.74,-10.,1.6));
#1119 = DIRECTION('',(0.,-2.22044604925E-16,-1.));
#1120 = DIRECTION('',(1.,0.,0.));
#1121 = ADVANCED_FACE('',(#1122),#1141,.F.);
#1122 = FACE_BOUND('',#1123,.F.);
#1123 = EDGE_LOOP('',(#1124,#1125,#1134,#1140));
#1124 = ORIENTED_EDGE('',*,*,#1111,.T.);
#1125 = ORIENTED_EDGE('',*,*,#1126,.T.);
#1126 = EDGE_CURVE('',#1104,#1127,#1129,.T.);
#1127 = VERTEX_POINT('',#1128);
#1128 = CARTESIAN_POINT('',(7.08,-1.5,1.6));
#1129 = CIRCLE('',#1130,3.633333333333);
#1130 = AXIS2_PLACEMENT_3D('',#1131,#1132,#1133);
#1131 = CARTESIAN_POINT('',(5.08,-1.5,4.633333333333));
#1132 = DIRECTION('',(0.,-1.,2.22044604925E-16));
#1133 = DIRECTION('',(-0.550458715596,-1.853766885154E-16,
    -0.834862385321));
#1134 = ORIENTED_EDGE('',*,*,#1135,.F.);
#1135 = EDGE_CURVE('',#427,#1127,#1136,.T.);
#1136 = LINE('',#1137,#1138);
#1137 = CARTESIAN_POINT('',(7.08,-10.,1.6));
#1138 = VECTOR('',#1139,1.);
#1139 = DIRECTION('',(-0.,1.,-2.22044604925E-16));
#1140 = ORIENTED_EDGE('',*,*,#434,.F.);
#1141 = CYLINDRICAL_SURFACE('',#1142,3.633333333333);
#1142 = AXIS2_PLACEMENT_3D('',#1143,#1144,#1145);
#1143 = CARTESIAN_POINT('',(5.08,-10.,4.633333333333));
#1144 = DIRECTION('',(0.,-1.,2.22044604925E-16));
#1145 = DIRECTION('',(-0.550458715596,-1.853766885154E-16,
    -0.834862385321));
#1146 = ADVANCED_FACE('',(#1147),#1165,.F.);
#1147 = FACE_BOUND('',#1148,.F.);
#1148 = EDGE_LOOP('',(#1149,#1150,#1151,#1159));
#1149 = ORIENTED_EDGE('',*,*,#426,.F.);
#1150 = ORIENTED_EDGE('',*,*,#1135,.T.);
#1151 = ORIENTED_EDGE('',*,*,#1152,.T.);
#1152 = EDGE_CURVE('',#1127,#1153,#1155,.T.);
#1153 = VERTEX_POINT('',#1154);
#1154 = CARTESIAN_POINT('',(8.16,-1.5,1.6));
#1155 = LINE('',#1156,#1157);
#1156 = CARTESIAN_POINT('',(-2.74,-1.5,1.6));
#1157 = VECTOR('',#1158,1.);
#1158 = DIRECTION('',(1.,0.,0.));
#1159 = ORIENTED_EDGE('',*,*,#1160,.F.);
#1160 = EDGE_CURVE('',#418,#1153,#1161,.T.);
#1161 = LINE('',#1162,#1163);
#1162 = CARTESIAN_POINT('',(8.16,-10.,1.6));
#1163 = VECTOR('',#1164,1.);
#1164 = DIRECTION('',(-0.,1.,-2.22044604925E-16));
#1165 = PLANE('',#1166);
#1166 = AXIS2_PLACEMENT_3D('',#1167,#1168,#1169);
#1167 = CARTESIAN_POINT('',(-2.74,-10.,1.6));
#1168 = DIRECTION('',(0.,-2.22044604925E-16,-1.));
#1169 = DIRECTION('',(1.,0.,0.));
#1170 = ADVANCED_FACE('',(#1171),#1190,.F.);
#1171 = FACE_BOUND('',#1172,.F.);
#1172 = EDGE_LOOP('',(#1173,#1174,#1183,#1189));
#1173 = ORIENTED_EDGE('',*,*,#1160,.T.);
#1174 = ORIENTED_EDGE('',*,*,#1175,.T.);
#1175 = EDGE_CURVE('',#1153,#1176,#1178,.T.);
#1176 = VERTEX_POINT('',#1177);
#1177 = CARTESIAN_POINT('',(12.16,-1.5,1.6));
#1178 = CIRCLE('',#1179,3.633333333333);
#1179 = AXIS2_PLACEMENT_3D('',#1180,#1181,#1182);
#1180 = CARTESIAN_POINT('',(10.16,-1.5,4.633333333333));
#1181 = DIRECTION('',(0.,-1.,2.22044604925E-16));
#1182 = DIRECTION('',(-0.550458715596,-1.853766885154E-16,
    -0.834862385321));
#1183 = ORIENTED_EDGE('',*,*,#1184,.F.);
#1184 = EDGE_CURVE('',#410,#1176,#1185,.T.);
#1185 = LINE('',#1186,#1187);
#1186 = CARTESIAN_POINT('',(12.16,-10.,1.6));
#1187 = VECTOR('',#1188,1.);
#1188 = DIRECTION('',(-0.,1.,-2.22044604925E-16));
#1189 = ORIENTED_EDGE('',*,*,#417,.F.);
#1190 = CYLINDRICAL_SURFACE('',#1191,3.633333333333);
#1191 = AXIS2_PLACEMENT_3D('',#1192,#1193,#1194);
#1192 = CARTESIAN_POINT('',(10.16,-10.,4.633333333333));
#1193 = DIRECTION('',(0.,-1.,2.22044604925E-16));
#1194 = DIRECTION('',(-0.550458715596,-1.853766885154E-16,
    -0.834862385321));
#1195 = ADVANCED_FACE('',(#1196),#1214,.F.);
#1196 = FACE_BOUND('',#1197,.F.);
#1197 = EDGE_LOOP('',(#1198,#1199,#1200,#1208));
#1198 = ORIENTED_EDGE('',*,*,#409,.F.);
#1199 = ORIENTED_EDGE('',*,*,#1184,.T.);
#1200 = ORIENTED_EDGE('',*,*,#1201,.T.);
#1201 = EDGE_CURVE('',#1176,#1202,#1204,.T.);
#1202 = VERTEX_POINT('',#1203);
#1203 = CARTESIAN_POINT('',(12.9,-1.5,1.6));
#1204 = LINE('',#1205,#1206);
#1205 = CARTESIAN_POINT('',(-2.74,-1.5,1.6));
#1206 = VECTOR('',#1207,1.);
#1207 = DIRECTION('',(1.,0.,0.));
#1208 = ORIENTED_EDGE('',*,*,#1209,.F.);
#1209 = EDGE_CURVE('',#402,#1202,#1210,.T.);
#1210 = LINE('',#1211,#1212);
#1211 = CARTESIAN_POINT('',(12.9,-10.,1.6));
#1212 = VECTOR('',#1213,1.);
#1213 = DIRECTION('',(-0.,1.,-2.22044604925E-16));
#1214 = PLANE('',#1215);
#1215 = AXIS2_PLACEMENT_3D('',#1216,#1217,#1218);
#1216 = CARTESIAN_POINT('',(-2.74,-10.,1.6));
#1217 = DIRECTION('',(0.,-2.22044604925E-16,-1.));
#1218 = DIRECTION('',(1.,0.,0.));
#1219 = ADVANCED_FACE('',(#1220),#1231,.F.);
#1220 = FACE_BOUND('',#1221,.F.);
#1221 = EDGE_LOOP('',(#1222,#1223,#1229,#1230));
#1222 = ORIENTED_EDGE('',*,*,#1209,.T.);
#1223 = ORIENTED_EDGE('',*,*,#1224,.T.);
#1224 = EDGE_CURVE('',#1202,#919,#1225,.T.);
#1225 = LINE('',#1226,#1227);
#1226 = CARTESIAN_POINT('',(12.9,-1.5,1.6));
#1227 = VECTOR('',#1228,1.);
#1228 = DIRECTION('',(0.,2.22044604925E-16,1.));
#1229 = ORIENTED_EDGE('',*,*,#918,.F.);
#1230 = ORIENTED_EDGE('',*,*,#401,.F.);
#1231 = PLANE('',#1232);
#1232 = AXIS2_PLACEMENT_3D('',#1233,#1234,#1235);
#1233 = CARTESIAN_POINT('',(12.9,-10.,1.6));
#1234 = DIRECTION('',(1.,0.,0.));
#1235 = DIRECTION('',(-0.,2.22044604925E-16,1.));
#1236 = ADVANCED_FACE('',(#1237),#1248,.F.);
#1237 = FACE_BOUND('',#1238,.F.);
#1238 = EDGE_LOOP('',(#1239,#1240,#1241,#1242));
#1239 = ORIENTED_EDGE('',*,*,#876,.F.);
#1240 = ORIENTED_EDGE('',*,*,#385,.T.);
#1241 = ORIENTED_EDGE('',*,*,#1014,.T.);
#1242 = ORIENTED_EDGE('',*,*,#1243,.F.);
#1243 = EDGE_CURVE('',#852,#1007,#1244,.T.);
#1244 = LINE('',#1245,#1246);
#1245 = CARTESIAN_POINT('',(10.91,-8.5,8.6));
#1246 = VECTOR('',#1247,1.);
#1247 = DIRECTION('',(0.,-2.22044604925E-16,-1.));
#1248 = PLANE('',#1249);
#1249 = AXIS2_PLACEMENT_3D('',#1250,#1251,#1252);
#1250 = CARTESIAN_POINT('',(11.16,-10.,8.6));
#1251 = DIRECTION('',(0.986393923832,0.164398987305,-3.65039081863E-17)
  );
#1252 = DIRECTION('',(-0.164398987305,0.986393923832,-2.190234491178E-16
    ));
#1253 = ADVANCED_FACE('',(#1254),#1279,.T.);
#1254 = FACE_BOUND('',#1255,.T.);
#1255 = EDGE_LOOP('',(#1256,#1266,#1272,#1273));
#1256 = ORIENTED_EDGE('',*,*,#1257,.T.);
#1257 = EDGE_CURVE('',#1258,#1260,#1262,.T.);
#1258 = VERTEX_POINT('',#1259);
#1259 = CARTESIAN_POINT('',(-0.3,0.3,-4.));
#1260 = VERTEX_POINT('',#1261);
#1261 = CARTESIAN_POINT('',(-0.3,-0.3,-4.));
#1262 = LINE('',#1263,#1264);
#1263 = CARTESIAN_POINT('',(-0.3,0.5,-4.));
#1264 = VECTOR('',#1265,1.);
#1265 = DIRECTION('',(0.,-1.,0.));
#1266 = ORIENTED_EDGE('',*,*,#1267,.T.);
#1267 = EDGE_CURVE('',#1260,#509,#1268,.T.);
#1268 = LINE('',#1269,#1270);
#1269 = CARTESIAN_POINT('',(-0.354545454545,-0.354545454545,
    -3.836363636364));
#1270 = VECTOR('',#1271,1.);
#1271 = DIRECTION('',(-0.301511344578,-0.301511344578,0.904534033733));
#1272 = ORIENTED_EDGE('',*,*,#506,.F.);
#1273 = ORIENTED_EDGE('',*,*,#1274,.F.);
#1274 = EDGE_CURVE('',#1258,#507,#1275,.T.);
#1275 = LINE('',#1276,#1277);
#1276 = CARTESIAN_POINT('',(-0.4,0.4,-3.7));
#1277 = VECTOR('',#1278,1.);
#1278 = DIRECTION('',(-0.301511344578,0.301511344578,0.904534033733));
#1279 = PLANE('',#1280);
#1280 = AXIS2_PLACEMENT_3D('',#1281,#1282,#1283);
#1281 = CARTESIAN_POINT('',(-0.4,0.5,-3.7));
#1282 = DIRECTION('',(-0.948683298051,-3.476378920805E-18,
    -0.316227766017));
#1283 = DIRECTION('',(3.297982619863E-18,-1.,1.099327539955E-18));
#1284 = ADVANCED_FACE('',(#1285),#1303,.T.);
#1285 = FACE_BOUND('',#1286,.F.);
#1286 = EDGE_LOOP('',(#1287,#1288,#1296,#1302));
#1287 = ORIENTED_EDGE('',*,*,#1274,.F.);
#1288 = ORIENTED_EDGE('',*,*,#1289,.T.);
#1289 = EDGE_CURVE('',#1258,#1290,#1292,.T.);
#1290 = VERTEX_POINT('',#1291);
#1291 = CARTESIAN_POINT('',(0.3,0.3,-4.));
#1292 = LINE('',#1293,#1294);
#1293 = CARTESIAN_POINT('',(-0.3,0.3,-4.));
#1294 = VECTOR('',#1295,1.);
#1295 = DIRECTION('',(1.,0.,0.));
#1296 = ORIENTED_EDGE('',*,*,#1297,.T.);
#1297 = EDGE_CURVE('',#1290,#538,#1298,.T.);
#1298 = LINE('',#1299,#1300);
#1299 = CARTESIAN_POINT('',(0.372727272727,0.372727272727,
    -3.781818181818));
#1300 = VECTOR('',#1301,1.);
#1301 = DIRECTION('',(0.301511344578,0.301511344578,0.904534033733));
#1302 = ORIENTED_EDGE('',*,*,#537,.F.);
#1303 = PLANE('',#1304);
#1304 = AXIS2_PLACEMENT_3D('',#1305,#1306,#1307);
#1305 = CARTESIAN_POINT('',(-0.3,0.4,-3.7));
#1306 = DIRECTION('',(-3.476378920805E-18,0.948683298051,-0.316227766017
    ));
#1307 = DIRECTION('',(-1.,-3.297982619863E-18,1.099327539955E-18));
#1308 = ADVANCED_FACE('',(#1309),#1327,.F.);
#1309 = FACE_BOUND('',#1310,.T.);
#1310 = EDGE_LOOP('',(#1311,#1319,#1320,#1321));
#1311 = ORIENTED_EDGE('',*,*,#1312,.F.);
#1312 = EDGE_CURVE('',#1290,#1313,#1315,.T.);
#1313 = VERTEX_POINT('',#1314);
#1314 = CARTESIAN_POINT('',(0.3,-0.3,-4.));
#1315 = LINE('',#1316,#1317);
#1316 = CARTESIAN_POINT('',(0.3,0.5,-4.));
#1317 = VECTOR('',#1318,1.);
#1318 = DIRECTION('',(0.,-1.,0.));
#1319 = ORIENTED_EDGE('',*,*,#1297,.T.);
#1320 = ORIENTED_EDGE('',*,*,#561,.T.);
#1321 = ORIENTED_EDGE('',*,*,#1322,.F.);
#1322 = EDGE_CURVE('',#1313,#562,#1323,.T.);
#1323 = LINE('',#1324,#1325);
#1324 = CARTESIAN_POINT('',(0.327272727273,-0.327272727273,
    -3.918181818182));
#1325 = VECTOR('',#1326,1.);
#1326 = DIRECTION('',(0.301511344578,-0.301511344578,0.904534033733));
#1327 = PLANE('',#1328);
#1328 = AXIS2_PLACEMENT_3D('',#1329,#1330,#1331);
#1329 = CARTESIAN_POINT('',(0.4,0.5,-3.7));
#1330 = DIRECTION('',(-0.948683298051,3.476378920805E-18,0.316227766017)
  );
#1331 = DIRECTION('',(3.297982619863E-18,1.,-1.099327539955E-18));
#1332 = ADVANCED_FACE('',(#1333),#1344,.T.);
#1333 = FACE_BOUND('',#1334,.T.);
#1334 = EDGE_LOOP('',(#1335,#1336,#1342,#1343));
#1335 = ORIENTED_EDGE('',*,*,#1267,.F.);
#1336 = ORIENTED_EDGE('',*,*,#1337,.T.);
#1337 = EDGE_CURVE('',#1260,#1313,#1338,.T.);
#1338 = LINE('',#1339,#1340);
#1339 = CARTESIAN_POINT('',(-0.3,-0.3,-4.));
#1340 = VECTOR('',#1341,1.);
#1341 = DIRECTION('',(1.,0.,0.));
#1342 = ORIENTED_EDGE('',*,*,#1322,.T.);
#1343 = ORIENTED_EDGE('',*,*,#586,.F.);
#1344 = PLANE('',#1345);
#1345 = AXIS2_PLACEMENT_3D('',#1346,#1347,#1348);
#1346 = CARTESIAN_POINT('',(-0.3,-0.4,-3.7));
#1347 = DIRECTION('',(3.476378920805E-18,-0.948683298051,-0.316227766017
    ));
#1348 = DIRECTION('',(1.,3.297982619863E-18,1.099327539955E-18));
#1349 = ADVANCED_FACE('',(#1350),#1375,.T.);
#1350 = FACE_BOUND('',#1351,.T.);
#1351 = EDGE_LOOP('',(#1352,#1360,#1368,#1374));
#1352 = ORIENTED_EDGE('',*,*,#1353,.F.);
#1353 = EDGE_CURVE('',#1354,#603,#1356,.T.);
#1354 = VERTEX_POINT('',#1355);
#1355 = CARTESIAN_POINT('',(4.78,-0.3,-4.));
#1356 = LINE('',#1357,#1358);
#1357 = CARTESIAN_POINT('',(4.725454545455,-0.354545454545,
    -3.836363636364));
#1358 = VECTOR('',#1359,1.);
#1359 = DIRECTION('',(-0.301511344578,-0.301511344578,0.904534033733));
#1360 = ORIENTED_EDGE('',*,*,#1361,.T.);
#1361 = EDGE_CURVE('',#1354,#1362,#1364,.T.);
#1362 = VERTEX_POINT('',#1363);
#1363 = CARTESIAN_POINT('',(5.38,-0.3,-4.));
#1364 = LINE('',#1365,#1366);
#1365 = CARTESIAN_POINT('',(4.78,-0.3,-4.));
#1366 = VECTOR('',#1367,1.);
#1367 = DIRECTION('',(1.,0.,0.));
#1368 = ORIENTED_EDGE('',*,*,#1369,.T.);
#1369 = EDGE_CURVE('',#1362,#611,#1370,.T.);
#1370 = LINE('',#1371,#1372);
#1371 = CARTESIAN_POINT('',(5.407272727273,-0.327272727273,
    -3.918181818182));
#1372 = VECTOR('',#1373,1.);
#1373 = DIRECTION('',(0.301511344578,-0.301511344578,0.904534033733));
#1374 = ORIENTED_EDGE('',*,*,#610,.F.);
#1375 = PLANE('',#1376);
#1376 = AXIS2_PLACEMENT_3D('',#1377,#1378,#1379);
#1377 = CARTESIAN_POINT('',(4.78,-0.4,-3.7));
#1378 = DIRECTION('',(3.476378920805E-18,-0.948683298051,-0.316227766017
    ));
#1379 = DIRECTION('',(1.,3.297982619863E-18,1.099327539955E-18));
#1380 = ADVANCED_FACE('',(#1381),#1399,.T.);
#1381 = FACE_BOUND('',#1382,.T.);
#1382 = EDGE_LOOP('',(#1383,#1391,#1392,#1393));
#1383 = ORIENTED_EDGE('',*,*,#1384,.T.);
#1384 = EDGE_CURVE('',#1385,#1354,#1387,.T.);
#1385 = VERTEX_POINT('',#1386);
#1386 = CARTESIAN_POINT('',(4.78,0.3,-4.));
#1387 = LINE('',#1388,#1389);
#1388 = CARTESIAN_POINT('',(4.78,0.5,-4.));
#1389 = VECTOR('',#1390,1.);
#1390 = DIRECTION('',(0.,-1.,0.));
#1391 = ORIENTED_EDGE('',*,*,#1353,.T.);
#1392 = ORIENTED_EDGE('',*,*,#633,.F.);
#1393 = ORIENTED_EDGE('',*,*,#1394,.F.);
#1394 = EDGE_CURVE('',#1385,#634,#1395,.T.);
#1395 = LINE('',#1396,#1397);
#1396 = CARTESIAN_POINT('',(4.68,0.4,-3.7));
#1397 = VECTOR('',#1398,1.);
#1398 = DIRECTION('',(-0.301511344578,0.301511344578,0.904534033733));
#1399 = PLANE('',#1400);
#1400 = AXIS2_PLACEMENT_3D('',#1401,#1402,#1403);
#1401 = CARTESIAN_POINT('',(4.68,0.5,-3.7));
#1402 = DIRECTION('',(-0.948683298051,-3.476378920805E-18,
    -0.316227766017));
#1403 = DIRECTION('',(3.297982619863E-18,-1.,1.099327539955E-18));
#1404 = ADVANCED_FACE('',(#1405),#1423,.T.);
#1405 = FACE_BOUND('',#1406,.F.);
#1406 = EDGE_LOOP('',(#1407,#1408,#1416,#1422));
#1407 = ORIENTED_EDGE('',*,*,#1394,.F.);
#1408 = ORIENTED_EDGE('',*,*,#1409,.T.);
#1409 = EDGE_CURVE('',#1385,#1410,#1412,.T.);
#1410 = VERTEX_POINT('',#1411);
#1411 = CARTESIAN_POINT('',(5.38,0.3,-4.));
#1412 = LINE('',#1413,#1414);
#1413 = CARTESIAN_POINT('',(4.78,0.3,-4.));
#1414 = VECTOR('',#1415,1.);
#1415 = DIRECTION('',(1.,0.,0.));
#1416 = ORIENTED_EDGE('',*,*,#1417,.T.);
#1417 = EDGE_CURVE('',#1410,#658,#1418,.T.);
#1418 = LINE('',#1419,#1420);
#1419 = CARTESIAN_POINT('',(5.452727272727,0.372727272727,
    -3.781818181818));
#1420 = VECTOR('',#1421,1.);
#1421 = DIRECTION('',(0.301511344578,0.301511344578,0.904534033733));
#1422 = ORIENTED_EDGE('',*,*,#657,.F.);
#1423 = PLANE('',#1424);
#1424 = AXIS2_PLACEMENT_3D('',#1425,#1426,#1427);
#1425 = CARTESIAN_POINT('',(4.78,0.4,-3.7));
#1426 = DIRECTION('',(-3.476378920805E-18,0.948683298051,-0.316227766017
    ));
#1427 = DIRECTION('',(-1.,-3.297982619863E-18,1.099327539955E-18));
#1428 = ADVANCED_FACE('',(#1429),#1440,.F.);
#1429 = FACE_BOUND('',#1430,.T.);
#1430 = EDGE_LOOP('',(#1431,#1437,#1438,#1439));
#1431 = ORIENTED_EDGE('',*,*,#1432,.F.);
#1432 = EDGE_CURVE('',#1410,#1362,#1433,.T.);
#1433 = LINE('',#1434,#1435);
#1434 = CARTESIAN_POINT('',(5.38,0.5,-4.));
#1435 = VECTOR('',#1436,1.);
#1436 = DIRECTION('',(0.,-1.,0.));
#1437 = ORIENTED_EDGE('',*,*,#1417,.T.);
#1438 = ORIENTED_EDGE('',*,*,#681,.T.);
#1439 = ORIENTED_EDGE('',*,*,#1369,.F.);
#1440 = PLANE('',#1441);
#1441 = AXIS2_PLACEMENT_3D('',#1442,#1443,#1444);
#1442 = CARTESIAN_POINT('',(5.48,0.5,-3.7));
#1443 = DIRECTION('',(-0.948683298051,3.476378920805E-18,0.316227766017)
  );
#1444 = DIRECTION('',(3.297982619863E-18,1.,-1.099327539955E-18));
#1445 = ADVANCED_FACE('',(#1446),#1471,.T.);
#1446 = FACE_BOUND('',#1447,.T.);
#1447 = EDGE_LOOP('',(#1448,#1458,#1464,#1465));
#1448 = ORIENTED_EDGE('',*,*,#1449,.T.);
#1449 = EDGE_CURVE('',#1450,#1452,#1454,.T.);
#1450 = VERTEX_POINT('',#1451);
#1451 = CARTESIAN_POINT('',(9.86,0.3,-4.));
#1452 = VERTEX_POINT('',#1453);
#1453 = CARTESIAN_POINT('',(9.86,-0.3,-4.));
#1454 = LINE('',#1455,#1456);
#1455 = CARTESIAN_POINT('',(9.86,0.5,-4.));
#1456 = VECTOR('',#1457,1.);
#1457 = DIRECTION('',(0.,-1.,0.));
#1458 = ORIENTED_EDGE('',*,*,#1459,.T.);
#1459 = EDGE_CURVE('',#1452,#701,#1460,.T.);
#1460 = LINE('',#1461,#1462);
#1461 = CARTESIAN_POINT('',(9.805454545455,-0.354545454545,
    -3.836363636364));
#1462 = VECTOR('',#1463,1.);
#1463 = DIRECTION('',(-0.301511344578,-0.301511344578,0.904534033733));
#1464 = ORIENTED_EDGE('',*,*,#698,.F.);
#1465 = ORIENTED_EDGE('',*,*,#1466,.F.);
#1466 = EDGE_CURVE('',#1450,#699,#1467,.T.);
#1467 = LINE('',#1468,#1469);
#1468 = CARTESIAN_POINT('',(9.76,0.4,-3.7));
#1469 = VECTOR('',#1470,1.);
#1470 = DIRECTION('',(-0.301511344578,0.301511344578,0.904534033733));
#1471 = PLANE('',#1472);
#1472 = AXIS2_PLACEMENT_3D('',#1473,#1474,#1475);
#1473 = CARTESIAN_POINT('',(9.76,0.5,-3.7));
#1474 = DIRECTION('',(-0.948683298051,-3.476378920805E-18,
    -0.316227766017));
#1475 = DIRECTION('',(3.297982619863E-18,-1.,1.099327539955E-18));
#1476 = ADVANCED_FACE('',(#1477),#1495,.T.);
#1477 = FACE_BOUND('',#1478,.F.);
#1478 = EDGE_LOOP('',(#1479,#1480,#1488,#1494));
#1479 = ORIENTED_EDGE('',*,*,#1466,.F.);
#1480 = ORIENTED_EDGE('',*,*,#1481,.T.);
#1481 = EDGE_CURVE('',#1450,#1482,#1484,.T.);
#1482 = VERTEX_POINT('',#1483);
#1483 = CARTESIAN_POINT('',(10.46,0.3,-4.));
#1484 = LINE('',#1485,#1486);
#1485 = CARTESIAN_POINT('',(9.86,0.3,-4.));
#1486 = VECTOR('',#1487,1.);
#1487 = DIRECTION('',(1.,0.,0.));
#1488 = ORIENTED_EDGE('',*,*,#1489,.T.);
#1489 = EDGE_CURVE('',#1482,#730,#1490,.T.);
#1490 = LINE('',#1491,#1492);
#1491 = CARTESIAN_POINT('',(10.532727272727,0.372727272727,
    -3.781818181818));
#1492 = VECTOR('',#1493,1.);
#1493 = DIRECTION('',(0.301511344578,0.301511344578,0.904534033733));
#1494 = ORIENTED_EDGE('',*,*,#729,.F.);
#1495 = PLANE('',#1496);
#1496 = AXIS2_PLACEMENT_3D('',#1497,#1498,#1499);
#1497 = CARTESIAN_POINT('',(9.86,0.4,-3.7));
#1498 = DIRECTION('',(-3.476378920805E-18,0.948683298051,-0.316227766017
    ));
#1499 = DIRECTION('',(-1.,-3.297982619863E-18,1.099327539955E-18));
#1500 = ADVANCED_FACE('',(#1501),#1519,.F.);
#1501 = FACE_BOUND('',#1502,.T.);
#1502 = EDGE_LOOP('',(#1503,#1511,#1512,#1513));
#1503 = ORIENTED_EDGE('',*,*,#1504,.F.);
#1504 = EDGE_CURVE('',#1482,#1505,#1507,.T.);
#1505 = VERTEX_POINT('',#1506);
#1506 = CARTESIAN_POINT('',(10.46,-0.3,-4.));
#1507 = LINE('',#1508,#1509);
#1508 = CARTESIAN_POINT('',(10.46,0.5,-4.));
#1509 = VECTOR('',#1510,1.);
#1510 = DIRECTION('',(0.,-1.,0.));
#1511 = ORIENTED_EDGE('',*,*,#1489,.T.);
#1512 = ORIENTED_EDGE('',*,*,#753,.T.);
#1513 = ORIENTED_EDGE('',*,*,#1514,.F.);
#1514 = EDGE_CURVE('',#1505,#754,#1515,.T.);
#1515 = LINE('',#1516,#1517);
#1516 = CARTESIAN_POINT('',(10.487272727273,-0.327272727273,
    -3.918181818182));
#1517 = VECTOR('',#1518,1.);
#1518 = DIRECTION('',(0.301511344578,-0.301511344578,0.904534033733));
#1519 = PLANE('',#1520);
#1520 = AXIS2_PLACEMENT_3D('',#1521,#1522,#1523);
#1521 = CARTESIAN_POINT('',(10.56,0.5,-3.7));
#1522 = DIRECTION('',(-0.948683298051,3.476378920805E-18,0.316227766017)
  );
#1523 = DIRECTION('',(3.297982619863E-18,1.,-1.099327539955E-18));
#1524 = ADVANCED_FACE('',(#1525),#1536,.T.);
#1525 = FACE_BOUND('',#1526,.T.);
#1526 = EDGE_LOOP('',(#1527,#1528,#1534,#1535));
#1527 = ORIENTED_EDGE('',*,*,#1459,.F.);
#1528 = ORIENTED_EDGE('',*,*,#1529,.T.);
#1529 = EDGE_CURVE('',#1452,#1505,#1530,.T.);
#1530 = LINE('',#1531,#1532);
#1531 = CARTESIAN_POINT('',(9.86,-0.3,-4.));
#1532 = VECTOR('',#1533,1.);
#1533 = DIRECTION('',(1.,0.,0.));
#1534 = ORIENTED_EDGE('',*,*,#1514,.T.);
#1535 = ORIENTED_EDGE('',*,*,#778,.F.);
#1536 = PLANE('',#1537);
#1537 = AXIS2_PLACEMENT_3D('',#1538,#1539,#1540);
#1538 = CARTESIAN_POINT('',(9.86,-0.4,-3.7));
#1539 = DIRECTION('',(3.476378920805E-18,-0.948683298051,-0.316227766017
    ));
#1540 = DIRECTION('',(1.,3.297982619863E-18,1.099327539955E-18));
#1541 = ADVANCED_FACE('',(#1542),#1553,.F.);
#1542 = FACE_BOUND('',#1543,.F.);
#1543 = EDGE_LOOP('',(#1544,#1550,#1551,#1552));
#1544 = ORIENTED_EDGE('',*,*,#1545,.T.);
#1545 = EDGE_CURVE('',#820,#943,#1546,.T.);
#1546 = LINE('',#1547,#1548);
#1547 = CARTESIAN_POINT('',(0.75,-8.5,8.6));
#1548 = VECTOR('',#1549,1.);
#1549 = DIRECTION('',(0.,-2.22044604925E-16,-1.));
#1550 = ORIENTED_EDGE('',*,*,#942,.T.);
#1551 = ORIENTED_EDGE('',*,*,#894,.F.);
#1552 = ORIENTED_EDGE('',*,*,#819,.T.);
#1553 = PLANE('',#1554);
#1554 = AXIS2_PLACEMENT_3D('',#1555,#1556,#1557);
#1555 = CARTESIAN_POINT('',(0.75,-8.5,8.6));
#1556 = DIRECTION('',(-0.,1.,-2.22044604925E-16));
#1557 = DIRECTION('',(-1.,0.,0.));
#1558 = ADVANCED_FACE('',(#1559),#1584,.T.);
#1559 = FACE_BOUND('',#1560,.T.);
#1560 = EDGE_LOOP('',(#1561,#1569,#1577,#1583));
#1561 = ORIENTED_EDGE('',*,*,#1562,.F.);
#1562 = EDGE_CURVE('',#1563,#820,#1565,.T.);
#1563 = VERTEX_POINT('',#1564);
#1564 = CARTESIAN_POINT('',(1.,-10.,8.));
#1565 = LINE('',#1566,#1567);
#1566 = CARTESIAN_POINT('',(0.930074836296,-9.580449017774,
    8.167820392891));
#1567 = VECTOR('',#1568,1.);
#1568 = DIRECTION('',(-0.152925937552,0.91755562531,0.367022250124));
#1569 = ORIENTED_EDGE('',*,*,#1570,.T.);
#1570 = EDGE_CURVE('',#1563,#1571,#1573,.T.);
#1571 = VERTEX_POINT('',#1572);
#1572 = CARTESIAN_POINT('',(4.08,-10.,8.));
#1573 = LINE('',#1574,#1575);
#1574 = CARTESIAN_POINT('',(-3.54,-10.,8.));
#1575 = VECTOR('',#1576,1.);
#1576 = DIRECTION('',(1.,0.,0.));
#1577 = ORIENTED_EDGE('',*,*,#1578,.F.);
#1578 = EDGE_CURVE('',#828,#1571,#1579,.T.);
#1579 = LINE('',#1580,#1581);
#1580 = CARTESIAN_POINT('',(4.115898035547,-9.784611786717,
    8.086155285313));
#1581 = VECTOR('',#1582,1.);
#1582 = DIRECTION('',(-0.152925937552,-0.91755562531,-0.367022250124));
#1583 = ORIENTED_EDGE('',*,*,#827,.F.);
#1584 = PLANE('',#1585);
#1585 = AXIS2_PLACEMENT_3D('',#1586,#1587,#1588);
#1586 = CARTESIAN_POINT('',(-3.54,-10.,8.));
#1587 = DIRECTION('',(0.,-0.371390676354,0.928476690885));
#1588 = DIRECTION('',(0.,0.928476690885,0.371390676354));
#1589 = ADVANCED_FACE('',(#1590),#1606,.F.);
#1590 = FACE_BOUND('',#1591,.F.);
#1591 = EDGE_LOOP('',(#1592,#1598,#1599,#1605));
#1592 = ORIENTED_EDGE('',*,*,#1593,.T.);
#1593 = EDGE_CURVE('',#836,#975,#1594,.T.);
#1594 = LINE('',#1595,#1596);
#1595 = CARTESIAN_POINT('',(5.83,-8.5,8.6));
#1596 = VECTOR('',#1597,1.);
#1597 = DIRECTION('',(0.,-2.22044604925E-16,-1.));
#1598 = ORIENTED_EDGE('',*,*,#974,.T.);
#1599 = ORIENTED_EDGE('',*,*,#1600,.F.);
#1600 = EDGE_CURVE('',#828,#967,#1601,.T.);
#1601 = LINE('',#1602,#1603);
#1602 = CARTESIAN_POINT('',(4.33,-8.5,8.6));
#1603 = VECTOR('',#1604,1.);
#1604 = DIRECTION('',(0.,-2.22044604925E-16,-1.));
#1605 = ORIENTED_EDGE('',*,*,#835,.T.);
#1606 = PLANE('',#1607);
#1607 = AXIS2_PLACEMENT_3D('',#1608,#1609,#1610);
#1608 = CARTESIAN_POINT('',(5.83,-8.5,8.6));
#1609 = DIRECTION('',(-0.,1.,-2.22044604925E-16));
#1610 = DIRECTION('',(-1.,0.,0.));
#1611 = ADVANCED_FACE('',(#1612),#1637,.T.);
#1612 = FACE_BOUND('',#1613,.T.);
#1613 = EDGE_LOOP('',(#1614,#1622,#1630,#1636));
#1614 = ORIENTED_EDGE('',*,*,#1615,.F.);
#1615 = EDGE_CURVE('',#1616,#836,#1618,.T.);
#1616 = VERTEX_POINT('',#1617);
#1617 = CARTESIAN_POINT('',(6.08,-10.,8.));
#1618 = LINE('',#1619,#1620);
#1619 = CARTESIAN_POINT('',(5.95067352666,-9.224041159963,8.310383536015
    ));
#1620 = VECTOR('',#1621,1.);
#1621 = DIRECTION('',(-0.152925937552,0.91755562531,0.367022250124));
#1622 = ORIENTED_EDGE('',*,*,#1623,.T.);
#1623 = EDGE_CURVE('',#1616,#1624,#1626,.T.);
#1624 = VERTEX_POINT('',#1625);
#1625 = CARTESIAN_POINT('',(9.16,-10.,8.));
#1626 = LINE('',#1627,#1628);
#1627 = CARTESIAN_POINT('',(-3.54,-10.,8.));
#1628 = VECTOR('',#1629,1.);
#1629 = DIRECTION('',(1.,0.,0.));
#1630 = ORIENTED_EDGE('',*,*,#1631,.F.);
#1631 = EDGE_CURVE('',#844,#1624,#1632,.T.);
#1632 = LINE('',#1633,#1634);
#1633 = CARTESIAN_POINT('',(9.136496725912,-10.14101964452,
    7.943592142189));
#1634 = VECTOR('',#1635,1.);
#1635 = DIRECTION('',(-0.152925937552,-0.91755562531,-0.367022250124));
#1636 = ORIENTED_EDGE('',*,*,#843,.F.);
#1637 = PLANE('',#1638);
#1638 = AXIS2_PLACEMENT_3D('',#1639,#1640,#1641);
#1639 = CARTESIAN_POINT('',(-3.54,-10.,8.));
#1640 = DIRECTION('',(0.,-0.371390676354,0.928476690885));
#1641 = DIRECTION('',(0.,0.928476690885,0.371390676354));
#1642 = ADVANCED_FACE('',(#1643),#1654,.F.);
#1643 = FACE_BOUND('',#1644,.F.);
#1644 = EDGE_LOOP('',(#1645,#1646,#1647,#1653));
#1645 = ORIENTED_EDGE('',*,*,#1243,.T.);
#1646 = ORIENTED_EDGE('',*,*,#1006,.T.);
#1647 = ORIENTED_EDGE('',*,*,#1648,.F.);
#1648 = EDGE_CURVE('',#844,#999,#1649,.T.);
#1649 = LINE('',#1650,#1651);
#1650 = CARTESIAN_POINT('',(9.41,-8.5,8.6));
#1651 = VECTOR('',#1652,1.);
#1652 = DIRECTION('',(0.,-2.22044604925E-16,-1.));
#1653 = ORIENTED_EDGE('',*,*,#851,.T.);
#1654 = PLANE('',#1655);
#1655 = AXIS2_PLACEMENT_3D('',#1656,#1657,#1658);
#1656 = CARTESIAN_POINT('',(10.91,-8.5,8.6));
#1657 = DIRECTION('',(-0.,1.,-2.22044604925E-16));
#1658 = DIRECTION('',(-1.,0.,0.));
#1659 = ADVANCED_FACE('',(#1660),#1671,.F.);
#1660 = FACE_BOUND('',#1661,.F.);
#1661 = EDGE_LOOP('',(#1662,#1663,#1664,#1665));
#1662 = ORIENTED_EDGE('',*,*,#1631,.F.);
#1663 = ORIENTED_EDGE('',*,*,#1648,.T.);
#1664 = ORIENTED_EDGE('',*,*,#998,.T.);
#1665 = ORIENTED_EDGE('',*,*,#1666,.F.);
#1666 = EDGE_CURVE('',#1624,#991,#1667,.T.);
#1667 = LINE('',#1668,#1669);
#1668 = CARTESIAN_POINT('',(9.16,-10.,8.6));
#1669 = VECTOR('',#1670,1.);
#1670 = DIRECTION('',(0.,-2.22044604925E-16,-1.));
#1671 = PLANE('',#1672);
#1672 = AXIS2_PLACEMENT_3D('',#1673,#1674,#1675);
#1673 = CARTESIAN_POINT('',(9.41,-8.5,8.6));
#1674 = DIRECTION('',(-0.986393923832,0.164398987305,-3.65039081863E-17)
  );
#1675 = DIRECTION('',(-0.164398987305,-0.986393923832,2.190234491178E-16
    ));
#1676 = ADVANCED_FACE('',(#1677),#1688,.T.);
#1677 = FACE_BOUND('',#1678,.T.);
#1678 = EDGE_LOOP('',(#1679,#1680,#1681,#1687));
#1679 = ORIENTED_EDGE('',*,*,#1666,.F.);
#1680 = ORIENTED_EDGE('',*,*,#1623,.F.);
#1681 = ORIENTED_EDGE('',*,*,#1682,.T.);
#1682 = EDGE_CURVE('',#1616,#983,#1683,.T.);
#1683 = LINE('',#1684,#1685);
#1684 = CARTESIAN_POINT('',(6.08,-10.,8.6));
#1685 = VECTOR('',#1686,1.);
#1686 = DIRECTION('',(0.,-2.22044604925E-16,-1.));
#1687 = ORIENTED_EDGE('',*,*,#990,.F.);
#1688 = PLANE('',#1689);
#1689 = AXIS2_PLACEMENT_3D('',#1690,#1691,#1692);
#1690 = CARTESIAN_POINT('',(-3.54,-10.,2.6645352591E-15));
#1691 = DIRECTION('',(0.,-1.,2.22044604925E-16));
#1692 = DIRECTION('',(0.,2.22044604925E-16,1.));
#1693 = ADVANCED_FACE('',(#1694),#1700,.F.);
#1694 = FACE_BOUND('',#1695,.F.);
#1695 = EDGE_LOOP('',(#1696,#1697,#1698,#1699));
#1696 = ORIENTED_EDGE('',*,*,#1615,.F.);
#1697 = ORIENTED_EDGE('',*,*,#1682,.T.);
#1698 = ORIENTED_EDGE('',*,*,#982,.T.);
#1699 = ORIENTED_EDGE('',*,*,#1593,.F.);
#1700 = PLANE('',#1701);
#1701 = AXIS2_PLACEMENT_3D('',#1702,#1703,#1704);
#1702 = CARTESIAN_POINT('',(6.08,-10.,8.6));
#1703 = DIRECTION('',(0.986393923832,0.164398987305,-3.65039081863E-17)
  );
#1704 = DIRECTION('',(-0.164398987305,0.986393923832,-2.190234491178E-16
    ));
#1705 = ADVANCED_FACE('',(#1706),#1717,.F.);
#1706 = FACE_BOUND('',#1707,.F.);
#1707 = EDGE_LOOP('',(#1708,#1709,#1710,#1711));
#1708 = ORIENTED_EDGE('',*,*,#1578,.F.);
#1709 = ORIENTED_EDGE('',*,*,#1600,.T.);
#1710 = ORIENTED_EDGE('',*,*,#966,.T.);
#1711 = ORIENTED_EDGE('',*,*,#1712,.F.);
#1712 = EDGE_CURVE('',#1571,#959,#1713,.T.);
#1713 = LINE('',#1714,#1715);
#1714 = CARTESIAN_POINT('',(4.08,-10.,8.6));
#1715 = VECTOR('',#1716,1.);
#1716 = DIRECTION('',(0.,-2.22044604925E-16,-1.));
#1717 = PLANE('',#1718);
#1718 = AXIS2_PLACEMENT_3D('',#1719,#1720,#1721);
#1719 = CARTESIAN_POINT('',(4.33,-8.5,8.6));
#1720 = DIRECTION('',(-0.986393923832,0.164398987305,-3.65039081863E-17)
  );
#1721 = DIRECTION('',(-0.164398987305,-0.986393923832,2.190234491178E-16
    ));
#1722 = ADVANCED_FACE('',(#1723),#1734,.T.);
#1723 = FACE_BOUND('',#1724,.T.);
#1724 = EDGE_LOOP('',(#1725,#1726,#1732,#1733));
#1725 = ORIENTED_EDGE('',*,*,#1570,.F.);
#1726 = ORIENTED_EDGE('',*,*,#1727,.T.);
#1727 = EDGE_CURVE('',#1563,#951,#1728,.T.);
#1728 = LINE('',#1729,#1730);
#1729 = CARTESIAN_POINT('',(1.,-10.,8.6));
#1730 = VECTOR('',#1731,1.);
#1731 = DIRECTION('',(0.,-2.22044604925E-16,-1.));
#1732 = ORIENTED_EDGE('',*,*,#958,.F.);
#1733 = ORIENTED_EDGE('',*,*,#1712,.F.);
#1734 = PLANE('',#1735);
#1735 = AXIS2_PLACEMENT_3D('',#1736,#1737,#1738);
#1736 = CARTESIAN_POINT('',(-3.54,-10.,2.6645352591E-15));
#1737 = DIRECTION('',(0.,-1.,2.22044604925E-16));
#1738 = DIRECTION('',(0.,2.22044604925E-16,1.));
#1739 = ADVANCED_FACE('',(#1740),#1746,.F.);
#1740 = FACE_BOUND('',#1741,.F.);
#1741 = EDGE_LOOP('',(#1742,#1743,#1744,#1745));
#1742 = ORIENTED_EDGE('',*,*,#1562,.F.);
#1743 = ORIENTED_EDGE('',*,*,#1727,.T.);
#1744 = ORIENTED_EDGE('',*,*,#950,.T.);
#1745 = ORIENTED_EDGE('',*,*,#1545,.F.);
#1746 = PLANE('',#1747);
#1747 = AXIS2_PLACEMENT_3D('',#1748,#1749,#1750);
#1748 = CARTESIAN_POINT('',(1.,-10.,8.6));
#1749 = DIRECTION('',(0.986393923832,0.164398987305,-3.65039081863E-17)
  );
#1750 = DIRECTION('',(-0.164398987305,0.986393923832,-2.190234491178E-16
    ));
#1751 = ADVANCED_FACE('',(#1752,#1764,#1798,#1832),#1866,.T.);
#1752 = FACE_BOUND('',#1753,.T.);
#1753 = EDGE_LOOP('',(#1754,#1755,#1756,#1757,#1758,#1759,#1760,#1761,
    #1762,#1763));
#1754 = ORIENTED_EDGE('',*,*,#1054,.T.);
#1755 = ORIENTED_EDGE('',*,*,#1077,.T.);
#1756 = ORIENTED_EDGE('',*,*,#1103,.T.);
#1757 = ORIENTED_EDGE('',*,*,#1126,.T.);
#1758 = ORIENTED_EDGE('',*,*,#1152,.T.);
#1759 = ORIENTED_EDGE('',*,*,#1175,.T.);
#1760 = ORIENTED_EDGE('',*,*,#1201,.T.);
#1761 = ORIENTED_EDGE('',*,*,#1224,.T.);
#1762 = ORIENTED_EDGE('',*,*,#926,.T.);
#1763 = ORIENTED_EDGE('',*,*,#1029,.T.);
#1764 = FACE_BOUND('',#1765,.T.);
#1765 = EDGE_LOOP('',(#1766,#1776,#1784,#1792));
#1766 = ORIENTED_EDGE('',*,*,#1767,.F.);
#1767 = EDGE_CURVE('',#1768,#1770,#1772,.T.);
#1768 = VERTEX_POINT('',#1769);
#1769 = CARTESIAN_POINT('',(10.66,-1.5,4.3));
#1770 = VERTEX_POINT('',#1771);
#1771 = CARTESIAN_POINT('',(9.66,-1.5,4.3));
#1772 = LINE('',#1773,#1774);
#1773 = CARTESIAN_POINT('',(7.37,-1.5,4.3));
#1774 = VECTOR('',#1775,1.);
#1775 = DIRECTION('',(-1.,3.180200078144E-32,0.));
#1776 = ORIENTED_EDGE('',*,*,#1777,.T.);
#1777 = EDGE_CURVE('',#1768,#1778,#1780,.T.);
#1778 = VERTEX_POINT('',#1779);
#1779 = CARTESIAN_POINT('',(10.66,-1.5,3.3));
#1780 = LINE('',#1781,#1782);
#1781 = CARTESIAN_POINT('',(10.66,-1.5,2.921144176878));
#1782 = VECTOR('',#1783,1.);
#1783 = DIRECTION('',(0.,-2.22044604925E-16,-1.));
#1784 = ORIENTED_EDGE('',*,*,#1785,.F.);
#1785 = EDGE_CURVE('',#1786,#1778,#1788,.T.);
#1786 = VERTEX_POINT('',#1787);
#1787 = CARTESIAN_POINT('',(9.66,-1.5,3.3));
#1788 = LINE('',#1789,#1790);
#1789 = CARTESIAN_POINT('',(7.37,-1.5,3.3));
#1790 = VECTOR('',#1791,1.);
#1791 = DIRECTION('',(1.,-3.180200078144E-32,0.));
#1792 = ORIENTED_EDGE('',*,*,#1793,.F.);
#1793 = EDGE_CURVE('',#1770,#1786,#1794,.T.);
#1794 = LINE('',#1795,#1796);
#1795 = CARTESIAN_POINT('',(9.66,-1.5,2.921144176878));
#1796 = VECTOR('',#1797,1.);
#1797 = DIRECTION('',(0.,-2.22044604925E-16,-1.));
#1798 = FACE_BOUND('',#1799,.T.);
#1799 = EDGE_LOOP('',(#1800,#1810,#1818,#1826));
#1800 = ORIENTED_EDGE('',*,*,#1801,.F.);
#1801 = EDGE_CURVE('',#1802,#1804,#1806,.T.);
#1802 = VERTEX_POINT('',#1803);
#1803 = CARTESIAN_POINT('',(5.58,-1.5,4.3));
#1804 = VERTEX_POINT('',#1805);
#1805 = CARTESIAN_POINT('',(4.58,-1.5,4.3));
#1806 = LINE('',#1807,#1808);
#1807 = CARTESIAN_POINT('',(4.83,-1.5,4.3));
#1808 = VECTOR('',#1809,1.);
#1809 = DIRECTION('',(-1.,3.180200078144E-32,0.));
#1810 = ORIENTED_EDGE('',*,*,#1811,.T.);
#1811 = EDGE_CURVE('',#1802,#1812,#1814,.T.);
#1812 = VERTEX_POINT('',#1813);
#1813 = CARTESIAN_POINT('',(5.58,-1.5,3.3));
#1814 = LINE('',#1815,#1816);
#1815 = CARTESIAN_POINT('',(5.58,-1.5,2.921144176878));
#1816 = VECTOR('',#1817,1.);
#1817 = DIRECTION('',(0.,-2.22044604925E-16,-1.));
#1818 = ORIENTED_EDGE('',*,*,#1819,.F.);
#1819 = EDGE_CURVE('',#1820,#1812,#1822,.T.);
#1820 = VERTEX_POINT('',#1821);
#1821 = CARTESIAN_POINT('',(4.58,-1.5,3.3));
#1822 = LINE('',#1823,#1824);
#1823 = CARTESIAN_POINT('',(4.83,-1.5,3.3));
#1824 = VECTOR('',#1825,1.);
#1825 = DIRECTION('',(1.,-3.180200078144E-32,0.));
#1826 = ORIENTED_EDGE('',*,*,#1827,.F.);
#1827 = EDGE_CURVE('',#1804,#1820,#1828,.T.);
#1828 = LINE('',#1829,#1830);
#1829 = CARTESIAN_POINT('',(4.58,-1.5,2.921144176878));
#1830 = VECTOR('',#1831,1.);
#1831 = DIRECTION('',(0.,-2.22044604925E-16,-1.));
#1832 = FACE_BOUND('',#1833,.T.);
#1833 = EDGE_LOOP('',(#1834,#1844,#1852,#1860));
#1834 = ORIENTED_EDGE('',*,*,#1835,.F.);
#1835 = EDGE_CURVE('',#1836,#1838,#1840,.T.);
#1836 = VERTEX_POINT('',#1837);
#1837 = CARTESIAN_POINT('',(-0.5,-1.5,4.3));
#1838 = VERTEX_POINT('',#1839);
#1839 = CARTESIAN_POINT('',(-0.5,-1.5,3.3));
#1840 = LINE('',#1841,#1842);
#1841 = CARTESIAN_POINT('',(-0.5,-1.5,2.921144176878));
#1842 = VECTOR('',#1843,1.);
#1843 = DIRECTION('',(0.,-2.22044604925E-16,-1.));
#1844 = ORIENTED_EDGE('',*,*,#1845,.F.);
#1845 = EDGE_CURVE('',#1846,#1836,#1848,.T.);
#1846 = VERTEX_POINT('',#1847);
#1847 = CARTESIAN_POINT('',(0.5,-1.5,4.3));
#1848 = LINE('',#1849,#1850);
#1849 = CARTESIAN_POINT('',(2.29,-1.5,4.3));
#1850 = VECTOR('',#1851,1.);
#1851 = DIRECTION('',(-1.,3.180200078144E-32,0.));
#1852 = ORIENTED_EDGE('',*,*,#1853,.T.);
#1853 = EDGE_CURVE('',#1846,#1854,#1856,.T.);
#1854 = VERTEX_POINT('',#1855);
#1855 = CARTESIAN_POINT('',(0.5,-1.5,3.3));
#1856 = LINE('',#1857,#1858);
#1857 = CARTESIAN_POINT('',(0.5,-1.5,2.921144176878));
#1858 = VECTOR('',#1859,1.);
#1859 = DIRECTION('',(0.,-2.22044604925E-16,-1.));
#1860 = ORIENTED_EDGE('',*,*,#1861,.F.);
#1861 = EDGE_CURVE('',#1838,#1854,#1862,.T.);
#1862 = LINE('',#1863,#1864);
#1863 = CARTESIAN_POINT('',(2.29,-1.5,3.3));
#1864 = VECTOR('',#1865,1.);
#1865 = DIRECTION('',(1.,-3.180200078144E-32,0.));
#1866 = PLANE('',#1867);
#1867 = AXIS2_PLACEMENT_3D('',#1868,#1869,#1870);
#1868 = CARTESIAN_POINT('',(5.08,-1.5,4.105580948287));
#1869 = DIRECTION('',(-3.180200078144E-32,-1.,2.22044604925E-16));
#1870 = DIRECTION('',(0.,2.22044604925E-16,1.));
#1871 = ADVANCED_FACE('',(#1872),#1878,.T.);
#1872 = FACE_BOUND('',#1873,.T.);
#1873 = EDGE_LOOP('',(#1874,#1875,#1876,#1877));
#1874 = ORIENTED_EDGE('',*,*,#1257,.F.);
#1875 = ORIENTED_EDGE('',*,*,#1289,.T.);
#1876 = ORIENTED_EDGE('',*,*,#1312,.T.);
#1877 = ORIENTED_EDGE('',*,*,#1337,.F.);
#1878 = PLANE('',#1879);
#1879 = AXIS2_PLACEMENT_3D('',#1880,#1881,#1882);
#1880 = CARTESIAN_POINT('',(-0.5,0.5,-4.));
#1881 = DIRECTION('',(0.,0.,-1.));
#1882 = DIRECTION('',(0.,-1.,0.));
#1883 = ADVANCED_FACE('',(#1884),#1890,.T.);
#1884 = FACE_BOUND('',#1885,.T.);
#1885 = EDGE_LOOP('',(#1886,#1887,#1888,#1889));
#1886 = ORIENTED_EDGE('',*,*,#1384,.F.);
#1887 = ORIENTED_EDGE('',*,*,#1409,.T.);
#1888 = ORIENTED_EDGE('',*,*,#1432,.T.);
#1889 = ORIENTED_EDGE('',*,*,#1361,.F.);
#1890 = PLANE('',#1891);
#1891 = AXIS2_PLACEMENT_3D('',#1892,#1893,#1894);
#1892 = CARTESIAN_POINT('',(4.58,0.5,-4.));
#1893 = DIRECTION('',(0.,0.,-1.));
#1894 = DIRECTION('',(0.,-1.,0.));
#1895 = ADVANCED_FACE('',(#1896),#1902,.T.);
#1896 = FACE_BOUND('',#1897,.T.);
#1897 = EDGE_LOOP('',(#1898,#1899,#1900,#1901));
#1898 = ORIENTED_EDGE('',*,*,#1449,.F.);
#1899 = ORIENTED_EDGE('',*,*,#1481,.T.);
#1900 = ORIENTED_EDGE('',*,*,#1504,.T.);
#1901 = ORIENTED_EDGE('',*,*,#1529,.F.);
#1902 = PLANE('',#1903);
#1903 = AXIS2_PLACEMENT_3D('',#1904,#1905,#1906);
#1904 = CARTESIAN_POINT('',(9.66,0.5,-4.));
#1905 = DIRECTION('',(0.,0.,-1.));
#1906 = DIRECTION('',(0.,-1.,0.));
#1907 = ADVANCED_FACE('',(#1908),#1933,.T.);
#1908 = FACE_BOUND('',#1909,.T.);
#1909 = EDGE_LOOP('',(#1910,#1918,#1926,#1932));
#1910 = ORIENTED_EDGE('',*,*,#1911,.F.);
#1911 = EDGE_CURVE('',#1912,#1770,#1914,.T.);
#1912 = VERTEX_POINT('',#1913);
#1913 = CARTESIAN_POINT('',(9.66,-7.4,4.3));
#1914 = LINE('',#1915,#1916);
#1915 = CARTESIAN_POINT('',(9.66,-8.,4.3));
#1916 = VECTOR('',#1917,1.);
#1917 = DIRECTION('',(0.,1.,0.));
#1918 = ORIENTED_EDGE('',*,*,#1919,.T.);
#1919 = EDGE_CURVE('',#1912,#1920,#1922,.T.);
#1920 = VERTEX_POINT('',#1921);
#1921 = CARTESIAN_POINT('',(10.66,-7.4,4.3));
#1922 = LINE('',#1923,#1924);
#1923 = CARTESIAN_POINT('',(9.86,-7.4,4.3));
#1924 = VECTOR('',#1925,1.);
#1925 = DIRECTION('',(1.,0.,0.));
#1926 = ORIENTED_EDGE('',*,*,#1927,.T.);
#1927 = EDGE_CURVE('',#1920,#1768,#1928,.T.);
#1928 = LINE('',#1929,#1930);
#1929 = CARTESIAN_POINT('',(10.66,-8.,4.3));
#1930 = VECTOR('',#1931,1.);
#1931 = DIRECTION('',(0.,1.,0.));
#1932 = ORIENTED_EDGE('',*,*,#1767,.T.);
#1933 = PLANE('',#1934);
#1934 = AXIS2_PLACEMENT_3D('',#1935,#1936,#1937);
#1935 = CARTESIAN_POINT('',(9.66,-8.,4.3));
#1936 = DIRECTION('',(0.,0.,1.));
#1937 = DIRECTION('',(0.,1.,0.));
#1938 = ADVANCED_FACE('',(#1939),#1957,.T.);
#1939 = FACE_BOUND('',#1940,.T.);
#1940 = EDGE_LOOP('',(#1941,#1942,#1950,#1956));
#1941 = ORIENTED_EDGE('',*,*,#1793,.T.);
#1942 = ORIENTED_EDGE('',*,*,#1943,.T.);
#1943 = EDGE_CURVE('',#1786,#1944,#1946,.T.);
#1944 = VERTEX_POINT('',#1945);
#1945 = CARTESIAN_POINT('',(9.66,-7.4,3.3));
#1946 = LINE('',#1947,#1948);
#1947 = CARTESIAN_POINT('',(9.66,-0.6,3.3));
#1948 = VECTOR('',#1949,1.);
#1949 = DIRECTION('',(0.,-1.,0.));
#1950 = ORIENTED_EDGE('',*,*,#1951,.T.);
#1951 = EDGE_CURVE('',#1944,#1912,#1952,.T.);
#1952 = LINE('',#1953,#1954);
#1953 = CARTESIAN_POINT('',(9.66,-7.4,3.3));
#1954 = VECTOR('',#1955,1.);
#1955 = DIRECTION('',(0.,0.,1.));
#1956 = ORIENTED_EDGE('',*,*,#1911,.T.);
#1957 = PLANE('',#1958);
#1958 = AXIS2_PLACEMENT_3D('',#1959,#1960,#1961);
#1959 = CARTESIAN_POINT('',(9.66,-2.164915238601,1.736707405469));
#1960 = DIRECTION('',(-1.,-0.,-0.));
#1961 = DIRECTION('',(0.,0.,-1.));
#1962 = ADVANCED_FACE('',(#1963),#1981,.T.);
#1963 = FACE_BOUND('',#1964,.T.);
#1964 = EDGE_LOOP('',(#1965,#1973,#1974,#1975));
#1965 = ORIENTED_EDGE('',*,*,#1966,.F.);
#1966 = EDGE_CURVE('',#1944,#1967,#1969,.T.);
#1967 = VERTEX_POINT('',#1968);
#1968 = CARTESIAN_POINT('',(10.66,-7.4,3.3));
#1969 = LINE('',#1970,#1971);
#1970 = CARTESIAN_POINT('',(9.86,-7.4,3.3));
#1971 = VECTOR('',#1972,1.);
#1972 = DIRECTION('',(1.,0.,0.));
#1973 = ORIENTED_EDGE('',*,*,#1943,.F.);
#1974 = ORIENTED_EDGE('',*,*,#1785,.T.);
#1975 = ORIENTED_EDGE('',*,*,#1976,.T.);
#1976 = EDGE_CURVE('',#1778,#1967,#1977,.T.);
#1977 = LINE('',#1978,#1979);
#1978 = CARTESIAN_POINT('',(10.66,-0.6,3.3));
#1979 = VECTOR('',#1980,1.);
#1980 = DIRECTION('',(0.,-1.,0.));
#1981 = PLANE('',#1982);
#1982 = AXIS2_PLACEMENT_3D('',#1983,#1984,#1985);
#1983 = CARTESIAN_POINT('',(9.66,-0.6,3.3));
#1984 = DIRECTION('',(0.,0.,-1.));
#1985 = DIRECTION('',(0.,-1.,0.));
#1986 = ADVANCED_FACE('',(#1987),#1998,.F.);
#1987 = FACE_BOUND('',#1988,.F.);
#1988 = EDGE_LOOP('',(#1989,#1990,#1991,#1997));
#1989 = ORIENTED_EDGE('',*,*,#1777,.T.);
#1990 = ORIENTED_EDGE('',*,*,#1976,.T.);
#1991 = ORIENTED_EDGE('',*,*,#1992,.T.);
#1992 = EDGE_CURVE('',#1967,#1920,#1993,.T.);
#1993 = LINE('',#1994,#1995);
#1994 = CARTESIAN_POINT('',(10.66,-7.4,3.3));
#1995 = VECTOR('',#1996,1.);
#1996 = DIRECTION('',(0.,0.,1.));
#1997 = ORIENTED_EDGE('',*,*,#1927,.T.);
#1998 = PLANE('',#1999);
#1999 = AXIS2_PLACEMENT_3D('',#2000,#2001,#2002);
#2000 = CARTESIAN_POINT('',(10.66,-2.164915238601,1.736707405469));
#2001 = DIRECTION('',(-1.,-0.,-0.));
#2002 = DIRECTION('',(0.,0.,-1.));
#2003 = ADVANCED_FACE('',(#2004),#2029,.T.);
#2004 = FACE_BOUND('',#2005,.T.);
#2005 = EDGE_LOOP('',(#2006,#2014,#2022,#2028));
#2006 = ORIENTED_EDGE('',*,*,#2007,.F.);
#2007 = EDGE_CURVE('',#2008,#1804,#2010,.T.);
#2008 = VERTEX_POINT('',#2009);
#2009 = CARTESIAN_POINT('',(4.58,-7.4,4.3));
#2010 = LINE('',#2011,#2012);
#2011 = CARTESIAN_POINT('',(4.58,-8.,4.3));
#2012 = VECTOR('',#2013,1.);
#2013 = DIRECTION('',(0.,1.,0.));
#2014 = ORIENTED_EDGE('',*,*,#2015,.T.);
#2015 = EDGE_CURVE('',#2008,#2016,#2018,.T.);
#2016 = VERTEX_POINT('',#2017);
#2017 = CARTESIAN_POINT('',(5.58,-7.4,4.3));
#2018 = LINE('',#2019,#2020);
#2019 = CARTESIAN_POINT('',(4.78,-7.4,4.3));
#2020 = VECTOR('',#2021,1.);
#2021 = DIRECTION('',(1.,0.,0.));
#2022 = ORIENTED_EDGE('',*,*,#2023,.T.);
#2023 = EDGE_CURVE('',#2016,#1802,#2024,.T.);
#2024 = LINE('',#2025,#2026);
#2025 = CARTESIAN_POINT('',(5.58,-8.,4.3));
#2026 = VECTOR('',#2027,1.);
#2027 = DIRECTION('',(0.,1.,0.));
#2028 = ORIENTED_EDGE('',*,*,#1801,.T.);
#2029 = PLANE('',#2030);
#2030 = AXIS2_PLACEMENT_3D('',#2031,#2032,#2033);
#2031 = CARTESIAN_POINT('',(4.58,-8.,4.3));
#2032 = DIRECTION('',(0.,0.,1.));
#2033 = DIRECTION('',(0.,1.,0.));
#2034 = ADVANCED_FACE('',(#2035),#2053,.T.);
#2035 = FACE_BOUND('',#2036,.T.);
#2036 = EDGE_LOOP('',(#2037,#2038,#2046,#2052));
#2037 = ORIENTED_EDGE('',*,*,#1827,.T.);
#2038 = ORIENTED_EDGE('',*,*,#2039,.T.);
#2039 = EDGE_CURVE('',#1820,#2040,#2042,.T.);
#2040 = VERTEX_POINT('',#2041);
#2041 = CARTESIAN_POINT('',(4.58,-7.4,3.3));
#2042 = LINE('',#2043,#2044);
#2043 = CARTESIAN_POINT('',(4.58,-0.6,3.3));
#2044 = VECTOR('',#2045,1.);
#2045 = DIRECTION('',(0.,-1.,0.));
#2046 = ORIENTED_EDGE('',*,*,#2047,.T.);
#2047 = EDGE_CURVE('',#2040,#2008,#2048,.T.);
#2048 = LINE('',#2049,#2050);
#2049 = CARTESIAN_POINT('',(4.58,-7.4,3.3));
#2050 = VECTOR('',#2051,1.);
#2051 = DIRECTION('',(0.,0.,1.));
#2052 = ORIENTED_EDGE('',*,*,#2007,.T.);
#2053 = PLANE('',#2054);
#2054 = AXIS2_PLACEMENT_3D('',#2055,#2056,#2057);
#2055 = CARTESIAN_POINT('',(4.58,-2.164915238601,1.736707405469));
#2056 = DIRECTION('',(-1.,-0.,-0.));
#2057 = DIRECTION('',(0.,0.,-1.));
#2058 = ADVANCED_FACE('',(#2059),#2077,.T.);
#2059 = FACE_BOUND('',#2060,.T.);
#2060 = EDGE_LOOP('',(#2061,#2069,#2070,#2071));
#2061 = ORIENTED_EDGE('',*,*,#2062,.F.);
#2062 = EDGE_CURVE('',#2040,#2063,#2065,.T.);
#2063 = VERTEX_POINT('',#2064);
#2064 = CARTESIAN_POINT('',(5.58,-7.4,3.3));
#2065 = LINE('',#2066,#2067);
#2066 = CARTESIAN_POINT('',(4.78,-7.4,3.3));
#2067 = VECTOR('',#2068,1.);
#2068 = DIRECTION('',(1.,0.,0.));
#2069 = ORIENTED_EDGE('',*,*,#2039,.F.);
#2070 = ORIENTED_EDGE('',*,*,#1819,.T.);
#2071 = ORIENTED_EDGE('',*,*,#2072,.T.);
#2072 = EDGE_CURVE('',#1812,#2063,#2073,.T.);
#2073 = LINE('',#2074,#2075);
#2074 = CARTESIAN_POINT('',(5.58,-0.6,3.3));
#2075 = VECTOR('',#2076,1.);
#2076 = DIRECTION('',(0.,-1.,0.));
#2077 = PLANE('',#2078);
#2078 = AXIS2_PLACEMENT_3D('',#2079,#2080,#2081);
#2079 = CARTESIAN_POINT('',(4.58,-0.6,3.3));
#2080 = DIRECTION('',(0.,0.,-1.));
#2081 = DIRECTION('',(0.,-1.,0.));
#2082 = ADVANCED_FACE('',(#2083),#2094,.F.);
#2083 = FACE_BOUND('',#2084,.F.);
#2084 = EDGE_LOOP('',(#2085,#2086,#2087,#2093));
#2085 = ORIENTED_EDGE('',*,*,#1811,.T.);
#2086 = ORIENTED_EDGE('',*,*,#2072,.T.);
#2087 = ORIENTED_EDGE('',*,*,#2088,.T.);
#2088 = EDGE_CURVE('',#2063,#2016,#2089,.T.);
#2089 = LINE('',#2090,#2091);
#2090 = CARTESIAN_POINT('',(5.58,-7.4,3.3));
#2091 = VECTOR('',#2092,1.);
#2092 = DIRECTION('',(0.,0.,1.));
#2093 = ORIENTED_EDGE('',*,*,#2023,.T.);
#2094 = PLANE('',#2095);
#2095 = AXIS2_PLACEMENT_3D('',#2096,#2097,#2098);
#2096 = CARTESIAN_POINT('',(5.58,-2.164915238601,1.736707405469));
#2097 = DIRECTION('',(-1.,-0.,-0.));
#2098 = DIRECTION('',(0.,0.,-1.));
#2099 = ADVANCED_FACE('',(#2100),#2125,.T.);
#2100 = FACE_BOUND('',#2101,.T.);
#2101 = EDGE_LOOP('',(#2102,#2103,#2111,#2119));
#2102 = ORIENTED_EDGE('',*,*,#1835,.T.);
#2103 = ORIENTED_EDGE('',*,*,#2104,.T.);
#2104 = EDGE_CURVE('',#1838,#2105,#2107,.T.);
#2105 = VERTEX_POINT('',#2106);
#2106 = CARTESIAN_POINT('',(-0.5,-7.4,3.3));
#2107 = LINE('',#2108,#2109);
#2108 = CARTESIAN_POINT('',(-0.5,-0.6,3.3));
#2109 = VECTOR('',#2110,1.);
#2110 = DIRECTION('',(0.,-1.,0.));
#2111 = ORIENTED_EDGE('',*,*,#2112,.T.);
#2112 = EDGE_CURVE('',#2105,#2113,#2115,.T.);
#2113 = VERTEX_POINT('',#2114);
#2114 = CARTESIAN_POINT('',(-0.5,-7.4,4.3));
#2115 = LINE('',#2116,#2117);
#2116 = CARTESIAN_POINT('',(-0.5,-7.4,3.3));
#2117 = VECTOR('',#2118,1.);
#2118 = DIRECTION('',(0.,0.,1.));
#2119 = ORIENTED_EDGE('',*,*,#2120,.T.);
#2120 = EDGE_CURVE('',#2113,#1836,#2121,.T.);
#2121 = LINE('',#2122,#2123);
#2122 = CARTESIAN_POINT('',(-0.5,-8.,4.3));
#2123 = VECTOR('',#2124,1.);
#2124 = DIRECTION('',(0.,1.,0.));
#2125 = PLANE('',#2126);
#2126 = AXIS2_PLACEMENT_3D('',#2127,#2128,#2129);
#2127 = CARTESIAN_POINT('',(-0.5,-2.164915238601,1.736707405469));
#2128 = DIRECTION('',(-1.,-0.,-0.));
#2129 = DIRECTION('',(0.,0.,-1.));
#2130 = ADVANCED_FACE('',(#2131),#2149,.T.);
#2131 = FACE_BOUND('',#2132,.T.);
#2132 = EDGE_LOOP('',(#2133,#2141,#2142,#2143));
#2133 = ORIENTED_EDGE('',*,*,#2134,.F.);
#2134 = EDGE_CURVE('',#2105,#2135,#2137,.T.);
#2135 = VERTEX_POINT('',#2136);
#2136 = CARTESIAN_POINT('',(0.5,-7.4,3.3));
#2137 = LINE('',#2138,#2139);
#2138 = CARTESIAN_POINT('',(-0.3,-7.4,3.3));
#2139 = VECTOR('',#2140,1.);
#2140 = DIRECTION('',(1.,0.,0.));
#2141 = ORIENTED_EDGE('',*,*,#2104,.F.);
#2142 = ORIENTED_EDGE('',*,*,#1861,.T.);
#2143 = ORIENTED_EDGE('',*,*,#2144,.T.);
#2144 = EDGE_CURVE('',#1854,#2135,#2145,.T.);
#2145 = LINE('',#2146,#2147);
#2146 = CARTESIAN_POINT('',(0.5,-0.6,3.3));
#2147 = VECTOR('',#2148,1.);
#2148 = DIRECTION('',(0.,-1.,0.));
#2149 = PLANE('',#2150);
#2150 = AXIS2_PLACEMENT_3D('',#2151,#2152,#2153);
#2151 = CARTESIAN_POINT('',(-0.5,-0.6,3.3));
#2152 = DIRECTION('',(0.,0.,-1.));
#2153 = DIRECTION('',(0.,-1.,0.));
#2154 = ADVANCED_FACE('',(#2155),#2173,.F.);
#2155 = FACE_BOUND('',#2156,.F.);
#2156 = EDGE_LOOP('',(#2157,#2158,#2159,#2167));
#2157 = ORIENTED_EDGE('',*,*,#1853,.T.);
#2158 = ORIENTED_EDGE('',*,*,#2144,.T.);
#2159 = ORIENTED_EDGE('',*,*,#2160,.T.);
#2160 = EDGE_CURVE('',#2135,#2161,#2163,.T.);
#2161 = VERTEX_POINT('',#2162);
#2162 = CARTESIAN_POINT('',(0.5,-7.4,4.3));
#2163 = LINE('',#2164,#2165);
#2164 = CARTESIAN_POINT('',(0.5,-7.4,3.3));
#2165 = VECTOR('',#2166,1.);
#2166 = DIRECTION('',(0.,0.,1.));
#2167 = ORIENTED_EDGE('',*,*,#2168,.T.);
#2168 = EDGE_CURVE('',#2161,#1846,#2169,.T.);
#2169 = LINE('',#2170,#2171);
#2170 = CARTESIAN_POINT('',(0.5,-8.,4.3));
#2171 = VECTOR('',#2172,1.);
#2172 = DIRECTION('',(0.,1.,0.));
#2173 = PLANE('',#2174);
#2174 = AXIS2_PLACEMENT_3D('',#2175,#2176,#2177);
#2175 = CARTESIAN_POINT('',(0.5,-2.164915238601,1.736707405469));
#2176 = DIRECTION('',(-1.,-0.,-0.));
#2177 = DIRECTION('',(0.,0.,-1.));
#2178 = ADVANCED_FACE('',(#2179),#2190,.T.);
#2179 = FACE_BOUND('',#2180,.T.);
#2180 = EDGE_LOOP('',(#2181,#2182,#2188,#2189));
#2181 = ORIENTED_EDGE('',*,*,#2120,.F.);
#2182 = ORIENTED_EDGE('',*,*,#2183,.T.);
#2183 = EDGE_CURVE('',#2113,#2161,#2184,.T.);
#2184 = LINE('',#2185,#2186);
#2185 = CARTESIAN_POINT('',(-0.3,-7.4,4.3));
#2186 = VECTOR('',#2187,1.);
#2187 = DIRECTION('',(1.,0.,0.));
#2188 = ORIENTED_EDGE('',*,*,#2168,.T.);
#2189 = ORIENTED_EDGE('',*,*,#1845,.T.);
#2190 = PLANE('',#2191);
#2191 = AXIS2_PLACEMENT_3D('',#2192,#2193,#2194);
#2192 = CARTESIAN_POINT('',(-0.5,-8.,4.3));
#2193 = DIRECTION('',(0.,0.,1.));
#2194 = DIRECTION('',(0.,1.,0.));
#2195 = ADVANCED_FACE('',(#2196),#2221,.T.);
#2196 = FACE_BOUND('',#2197,.T.);
#2197 = EDGE_LOOP('',(#2198,#2206,#2214,#2220));
#2198 = ORIENTED_EDGE('',*,*,#2199,.F.);
#2199 = EDGE_CURVE('',#2200,#1912,#2202,.T.);
#2200 = VERTEX_POINT('',#2201);
#2201 = CARTESIAN_POINT('',(9.86,-8.,4.1));
#2202 = LINE('',#2203,#2204);
#2203 = CARTESIAN_POINT('',(9.805454545455,-7.836363636364,
    4.154545454545));
#2204 = VECTOR('',#2205,1.);
#2205 = DIRECTION('',(-0.301511344578,0.904534033733,0.301511344578));
#2206 = ORIENTED_EDGE('',*,*,#2207,.T.);
#2207 = EDGE_CURVE('',#2200,#2208,#2210,.T.);
#2208 = VERTEX_POINT('',#2209);
#2209 = CARTESIAN_POINT('',(10.46,-8.,4.1));
#2210 = LINE('',#2211,#2212);
#2211 = CARTESIAN_POINT('',(9.86,-8.,4.1));
#2212 = VECTOR('',#2213,1.);
#2213 = DIRECTION('',(1.,0.,0.));
#2214 = ORIENTED_EDGE('',*,*,#2215,.T.);
#2215 = EDGE_CURVE('',#2208,#1920,#2216,.T.);
#2216 = LINE('',#2217,#2218);
#2217 = CARTESIAN_POINT('',(10.487272727273,-7.918181818182,
    4.127272727273));
#2218 = VECTOR('',#2219,1.);
#2219 = DIRECTION('',(0.301511344578,0.904534033733,0.301511344578));
#2220 = ORIENTED_EDGE('',*,*,#1919,.F.);
#2221 = PLANE('',#2222);
#2222 = AXIS2_PLACEMENT_3D('',#2223,#2224,#2225);
#2223 = CARTESIAN_POINT('',(9.86,-7.7,4.2));
#2224 = DIRECTION('',(0.,-0.316227766017,0.948683298051));
#2225 = DIRECTION('',(1.,0.,0.));
#2226 = ADVANCED_FACE('',(#2227),#2245,.T.);
#2227 = FACE_BOUND('',#2228,.T.);
#2228 = EDGE_LOOP('',(#2229,#2237,#2238,#2239));
#2229 = ORIENTED_EDGE('',*,*,#2230,.T.);
#2230 = EDGE_CURVE('',#2231,#2200,#2233,.T.);
#2231 = VERTEX_POINT('',#2232);
#2232 = CARTESIAN_POINT('',(9.86,-8.,3.5));
#2233 = LINE('',#2234,#2235);
#2234 = CARTESIAN_POINT('',(9.86,-8.,3.3));
#2235 = VECTOR('',#2236,1.);
#2236 = DIRECTION('',(0.,0.,1.));
#2237 = ORIENTED_EDGE('',*,*,#2199,.T.);
#2238 = ORIENTED_EDGE('',*,*,#1951,.F.);
#2239 = ORIENTED_EDGE('',*,*,#2240,.F.);
#2240 = EDGE_CURVE('',#2231,#1944,#2241,.T.);
#2241 = LINE('',#2242,#2243);
#2242 = CARTESIAN_POINT('',(9.76,-7.7,3.4));
#2243 = VECTOR('',#2244,1.);
#2244 = DIRECTION('',(-0.301511344578,0.904534033733,-0.301511344578));
#2245 = PLANE('',#2246);
#2246 = AXIS2_PLACEMENT_3D('',#2247,#2248,#2249);
#2247 = CARTESIAN_POINT('',(9.76,-7.7,3.3));
#2248 = DIRECTION('',(-0.948683298051,-0.316227766017,3.476378920805E-18
    ));
#2249 = DIRECTION('',(3.297982619863E-18,1.099327539955E-18,1.));
#2250 = ADVANCED_FACE('',(#2251),#2269,.T.);
#2251 = FACE_BOUND('',#2252,.F.);
#2252 = EDGE_LOOP('',(#2253,#2254,#2262,#2268));
#2253 = ORIENTED_EDGE('',*,*,#2240,.F.);
#2254 = ORIENTED_EDGE('',*,*,#2255,.T.);
#2255 = EDGE_CURVE('',#2231,#2256,#2258,.T.);
#2256 = VERTEX_POINT('',#2257);
#2257 = CARTESIAN_POINT('',(10.46,-8.,3.5));
#2258 = LINE('',#2259,#2260);
#2259 = CARTESIAN_POINT('',(9.86,-8.,3.5));
#2260 = VECTOR('',#2261,1.);
#2261 = DIRECTION('',(1.,0.,0.));
#2262 = ORIENTED_EDGE('',*,*,#2263,.T.);
#2263 = EDGE_CURVE('',#2256,#1967,#2264,.T.);
#2264 = LINE('',#2265,#2266);
#2265 = CARTESIAN_POINT('',(10.532727272727,-7.781818181818,
    3.427272727273));
#2266 = VECTOR('',#2267,1.);
#2267 = DIRECTION('',(0.301511344578,0.904534033733,-0.301511344578));
#2268 = ORIENTED_EDGE('',*,*,#1966,.F.);
#2269 = PLANE('',#2270);
#2270 = AXIS2_PLACEMENT_3D('',#2271,#2272,#2273);
#2271 = CARTESIAN_POINT('',(9.86,-7.7,3.4));
#2272 = DIRECTION('',(0.,-0.316227766017,-0.948683298051));
#2273 = DIRECTION('',(-1.,-0.,0.));
#2274 = ADVANCED_FACE('',(#2275),#2286,.F.);
#2275 = FACE_BOUND('',#2276,.F.);
#2276 = EDGE_LOOP('',(#2277,#2283,#2284,#2285));
#2277 = ORIENTED_EDGE('',*,*,#2278,.T.);
#2278 = EDGE_CURVE('',#2256,#2208,#2279,.T.);
#2279 = LINE('',#2280,#2281);
#2280 = CARTESIAN_POINT('',(10.46,-8.,3.3));
#2281 = VECTOR('',#2282,1.);
#2282 = DIRECTION('',(0.,0.,1.));
#2283 = ORIENTED_EDGE('',*,*,#2215,.T.);
#2284 = ORIENTED_EDGE('',*,*,#1992,.F.);
#2285 = ORIENTED_EDGE('',*,*,#2263,.F.);
#2286 = PLANE('',#2287);
#2287 = AXIS2_PLACEMENT_3D('',#2288,#2289,#2290);
#2288 = CARTESIAN_POINT('',(10.56,-7.7,3.3));
#2289 = DIRECTION('',(-0.948683298051,0.316227766017,-3.476378920805E-18
    ));
#2290 = DIRECTION('',(-3.297982619863E-18,1.099327539955E-18,1.));
#2291 = ADVANCED_FACE('',(#2292),#2317,.T.);
#2292 = FACE_BOUND('',#2293,.T.);
#2293 = EDGE_LOOP('',(#2294,#2302,#2310,#2316));
#2294 = ORIENTED_EDGE('',*,*,#2295,.F.);
#2295 = EDGE_CURVE('',#2296,#2008,#2298,.T.);
#2296 = VERTEX_POINT('',#2297);
#2297 = CARTESIAN_POINT('',(4.78,-8.,4.1));
#2298 = LINE('',#2299,#2300);
#2299 = CARTESIAN_POINT('',(4.725454545455,-7.836363636364,
    4.154545454545));
#2300 = VECTOR('',#2301,1.);
#2301 = DIRECTION('',(-0.301511344578,0.904534033733,0.301511344578));
#2302 = ORIENTED_EDGE('',*,*,#2303,.T.);
#2303 = EDGE_CURVE('',#2296,#2304,#2306,.T.);
#2304 = VERTEX_POINT('',#2305);
#2305 = CARTESIAN_POINT('',(5.38,-8.,4.1));
#2306 = LINE('',#2307,#2308);
#2307 = CARTESIAN_POINT('',(4.78,-8.,4.1));
#2308 = VECTOR('',#2309,1.);
#2309 = DIRECTION('',(1.,0.,0.));
#2310 = ORIENTED_EDGE('',*,*,#2311,.T.);
#2311 = EDGE_CURVE('',#2304,#2016,#2312,.T.);
#2312 = LINE('',#2313,#2314);
#2313 = CARTESIAN_POINT('',(5.407272727273,-7.918181818182,
    4.127272727273));
#2314 = VECTOR('',#2315,1.);
#2315 = DIRECTION('',(0.301511344578,0.904534033733,0.301511344578));
#2316 = ORIENTED_EDGE('',*,*,#2015,.F.);
#2317 = PLANE('',#2318);
#2318 = AXIS2_PLACEMENT_3D('',#2319,#2320,#2321);
#2319 = CARTESIAN_POINT('',(4.78,-7.7,4.2));
#2320 = DIRECTION('',(0.,-0.316227766017,0.948683298051));
#2321 = DIRECTION('',(1.,0.,0.));
#2322 = ADVANCED_FACE('',(#2323),#2341,.T.);
#2323 = FACE_BOUND('',#2324,.T.);
#2324 = EDGE_LOOP('',(#2325,#2333,#2334,#2335));
#2325 = ORIENTED_EDGE('',*,*,#2326,.T.);
#2326 = EDGE_CURVE('',#2327,#2296,#2329,.T.);
#2327 = VERTEX_POINT('',#2328);
#2328 = CARTESIAN_POINT('',(4.78,-8.,3.5));
#2329 = LINE('',#2330,#2331);
#2330 = CARTESIAN_POINT('',(4.78,-8.,3.3));
#2331 = VECTOR('',#2332,1.);
#2332 = DIRECTION('',(0.,0.,1.));
#2333 = ORIENTED_EDGE('',*,*,#2295,.T.);
#2334 = ORIENTED_EDGE('',*,*,#2047,.F.);
#2335 = ORIENTED_EDGE('',*,*,#2336,.F.);
#2336 = EDGE_CURVE('',#2327,#2040,#2337,.T.);
#2337 = LINE('',#2338,#2339);
#2338 = CARTESIAN_POINT('',(4.68,-7.7,3.4));
#2339 = VECTOR('',#2340,1.);
#2340 = DIRECTION('',(-0.301511344578,0.904534033733,-0.301511344578));
#2341 = PLANE('',#2342);
#2342 = AXIS2_PLACEMENT_3D('',#2343,#2344,#2345);
#2343 = CARTESIAN_POINT('',(4.68,-7.7,3.3));
#2344 = DIRECTION('',(-0.948683298051,-0.316227766017,3.476378920805E-18
    ));
#2345 = DIRECTION('',(3.297982619863E-18,1.099327539955E-18,1.));
#2346 = ADVANCED_FACE('',(#2347),#2365,.T.);
#2347 = FACE_BOUND('',#2348,.F.);
#2348 = EDGE_LOOP('',(#2349,#2350,#2358,#2364));
#2349 = ORIENTED_EDGE('',*,*,#2336,.F.);
#2350 = ORIENTED_EDGE('',*,*,#2351,.T.);
#2351 = EDGE_CURVE('',#2327,#2352,#2354,.T.);
#2352 = VERTEX_POINT('',#2353);
#2353 = CARTESIAN_POINT('',(5.38,-8.,3.5));
#2354 = LINE('',#2355,#2356);
#2355 = CARTESIAN_POINT('',(4.78,-8.,3.5));
#2356 = VECTOR('',#2357,1.);
#2357 = DIRECTION('',(1.,0.,0.));
#2358 = ORIENTED_EDGE('',*,*,#2359,.T.);
#2359 = EDGE_CURVE('',#2352,#2063,#2360,.T.);
#2360 = LINE('',#2361,#2362);
#2361 = CARTESIAN_POINT('',(5.452727272727,-7.781818181818,
    3.427272727273));
#2362 = VECTOR('',#2363,1.);
#2363 = DIRECTION('',(0.301511344578,0.904534033733,-0.301511344578));
#2364 = ORIENTED_EDGE('',*,*,#2062,.F.);
#2365 = PLANE('',#2366);
#2366 = AXIS2_PLACEMENT_3D('',#2367,#2368,#2369);
#2367 = CARTESIAN_POINT('',(4.78,-7.7,3.4));
#2368 = DIRECTION('',(0.,-0.316227766017,-0.948683298051));
#2369 = DIRECTION('',(-1.,-0.,0.));
#2370 = ADVANCED_FACE('',(#2371),#2382,.F.);
#2371 = FACE_BOUND('',#2372,.F.);
#2372 = EDGE_LOOP('',(#2373,#2379,#2380,#2381));
#2373 = ORIENTED_EDGE('',*,*,#2374,.T.);
#2374 = EDGE_CURVE('',#2352,#2304,#2375,.T.);
#2375 = LINE('',#2376,#2377);
#2376 = CARTESIAN_POINT('',(5.38,-8.,3.3));
#2377 = VECTOR('',#2378,1.);
#2378 = DIRECTION('',(0.,0.,1.));
#2379 = ORIENTED_EDGE('',*,*,#2311,.T.);
#2380 = ORIENTED_EDGE('',*,*,#2088,.F.);
#2381 = ORIENTED_EDGE('',*,*,#2359,.F.);
#2382 = PLANE('',#2383);
#2383 = AXIS2_PLACEMENT_3D('',#2384,#2385,#2386);
#2384 = CARTESIAN_POINT('',(5.48,-7.7,3.3));
#2385 = DIRECTION('',(-0.948683298051,0.316227766017,-3.476378920805E-18
    ));
#2386 = DIRECTION('',(-3.297982619863E-18,1.099327539955E-18,1.));
#2387 = ADVANCED_FACE('',(#2388),#2413,.T.);
#2388 = FACE_BOUND('',#2389,.T.);
#2389 = EDGE_LOOP('',(#2390,#2400,#2406,#2407));
#2390 = ORIENTED_EDGE('',*,*,#2391,.T.);
#2391 = EDGE_CURVE('',#2392,#2394,#2396,.T.);
#2392 = VERTEX_POINT('',#2393);
#2393 = CARTESIAN_POINT('',(-0.3,-8.,3.5));
#2394 = VERTEX_POINT('',#2395);
#2395 = CARTESIAN_POINT('',(-0.3,-8.,4.1));
#2396 = LINE('',#2397,#2398);
#2397 = CARTESIAN_POINT('',(-0.3,-8.,3.3));
#2398 = VECTOR('',#2399,1.);
#2399 = DIRECTION('',(0.,0.,1.));
#2400 = ORIENTED_EDGE('',*,*,#2401,.T.);
#2401 = EDGE_CURVE('',#2394,#2113,#2402,.T.);
#2402 = LINE('',#2403,#2404);
#2403 = CARTESIAN_POINT('',(-0.354545454545,-7.836363636364,
    4.154545454545));
#2404 = VECTOR('',#2405,1.);
#2405 = DIRECTION('',(-0.301511344578,0.904534033733,0.301511344578));
#2406 = ORIENTED_EDGE('',*,*,#2112,.F.);
#2407 = ORIENTED_EDGE('',*,*,#2408,.F.);
#2408 = EDGE_CURVE('',#2392,#2105,#2409,.T.);
#2409 = LINE('',#2410,#2411);
#2410 = CARTESIAN_POINT('',(-0.4,-7.7,3.4));
#2411 = VECTOR('',#2412,1.);
#2412 = DIRECTION('',(-0.301511344578,0.904534033733,-0.301511344578));
#2413 = PLANE('',#2414);
#2414 = AXIS2_PLACEMENT_3D('',#2415,#2416,#2417);
#2415 = CARTESIAN_POINT('',(-0.4,-7.7,3.3));
#2416 = DIRECTION('',(-0.948683298051,-0.316227766017,3.476378920805E-18
    ));
#2417 = DIRECTION('',(3.297982619863E-18,1.099327539955E-18,1.));
#2418 = ADVANCED_FACE('',(#2419),#2437,.T.);
#2419 = FACE_BOUND('',#2420,.F.);
#2420 = EDGE_LOOP('',(#2421,#2422,#2430,#2436));
#2421 = ORIENTED_EDGE('',*,*,#2408,.F.);
#2422 = ORIENTED_EDGE('',*,*,#2423,.T.);
#2423 = EDGE_CURVE('',#2392,#2424,#2426,.T.);
#2424 = VERTEX_POINT('',#2425);
#2425 = CARTESIAN_POINT('',(0.3,-8.,3.5));
#2426 = LINE('',#2427,#2428);
#2427 = CARTESIAN_POINT('',(-0.3,-8.,3.5));
#2428 = VECTOR('',#2429,1.);
#2429 = DIRECTION('',(1.,0.,0.));
#2430 = ORIENTED_EDGE('',*,*,#2431,.T.);
#2431 = EDGE_CURVE('',#2424,#2135,#2432,.T.);
#2432 = LINE('',#2433,#2434);
#2433 = CARTESIAN_POINT('',(0.372727272727,-7.781818181818,
    3.427272727273));
#2434 = VECTOR('',#2435,1.);
#2435 = DIRECTION('',(0.301511344578,0.904534033733,-0.301511344578));
#2436 = ORIENTED_EDGE('',*,*,#2134,.F.);
#2437 = PLANE('',#2438);
#2438 = AXIS2_PLACEMENT_3D('',#2439,#2440,#2441);
#2439 = CARTESIAN_POINT('',(-0.3,-7.7,3.4));
#2440 = DIRECTION('',(0.,-0.316227766017,-0.948683298051));
#2441 = DIRECTION('',(-1.,-0.,0.));
#2442 = ADVANCED_FACE('',(#2443),#2461,.F.);
#2443 = FACE_BOUND('',#2444,.F.);
#2444 = EDGE_LOOP('',(#2445,#2453,#2459,#2460));
#2445 = ORIENTED_EDGE('',*,*,#2446,.T.);
#2446 = EDGE_CURVE('',#2424,#2447,#2449,.T.);
#2447 = VERTEX_POINT('',#2448);
#2448 = CARTESIAN_POINT('',(0.3,-8.,4.1));
#2449 = LINE('',#2450,#2451);
#2450 = CARTESIAN_POINT('',(0.3,-8.,3.3));
#2451 = VECTOR('',#2452,1.);
#2452 = DIRECTION('',(0.,0.,1.));
#2453 = ORIENTED_EDGE('',*,*,#2454,.T.);
#2454 = EDGE_CURVE('',#2447,#2161,#2455,.T.);
#2455 = LINE('',#2456,#2457);
#2456 = CARTESIAN_POINT('',(0.327272727273,-7.918181818182,
    4.127272727273));
#2457 = VECTOR('',#2458,1.);
#2458 = DIRECTION('',(0.301511344578,0.904534033733,0.301511344578));
#2459 = ORIENTED_EDGE('',*,*,#2160,.F.);
#2460 = ORIENTED_EDGE('',*,*,#2431,.F.);
#2461 = PLANE('',#2462);
#2462 = AXIS2_PLACEMENT_3D('',#2463,#2464,#2465);
#2463 = CARTESIAN_POINT('',(0.4,-7.7,3.3));
#2464 = DIRECTION('',(-0.948683298051,0.316227766017,-3.476378920805E-18
    ));
#2465 = DIRECTION('',(-3.297982619863E-18,1.099327539955E-18,1.));
#2466 = ADVANCED_FACE('',(#2467),#2478,.T.);
#2467 = FACE_BOUND('',#2468,.T.);
#2468 = EDGE_LOOP('',(#2469,#2470,#2476,#2477));
#2469 = ORIENTED_EDGE('',*,*,#2401,.F.);
#2470 = ORIENTED_EDGE('',*,*,#2471,.T.);
#2471 = EDGE_CURVE('',#2394,#2447,#2472,.T.);
#2472 = LINE('',#2473,#2474);
#2473 = CARTESIAN_POINT('',(-0.3,-8.,4.1));
#2474 = VECTOR('',#2475,1.);
#2475 = DIRECTION('',(1.,0.,0.));
#2476 = ORIENTED_EDGE('',*,*,#2454,.T.);
#2477 = ORIENTED_EDGE('',*,*,#2183,.F.);
#2478 = PLANE('',#2479);
#2479 = AXIS2_PLACEMENT_3D('',#2480,#2481,#2482);
#2480 = CARTESIAN_POINT('',(-0.3,-7.7,4.2));
#2481 = DIRECTION('',(0.,-0.316227766017,0.948683298051));
#2482 = DIRECTION('',(1.,0.,0.));
#2483 = ADVANCED_FACE('',(#2484),#2490,.T.);
#2484 = FACE_BOUND('',#2485,.T.);
#2485 = EDGE_LOOP('',(#2486,#2487,#2488,#2489));
#2486 = ORIENTED_EDGE('',*,*,#2230,.F.);
#2487 = ORIENTED_EDGE('',*,*,#2255,.T.);
#2488 = ORIENTED_EDGE('',*,*,#2278,.T.);
#2489 = ORIENTED_EDGE('',*,*,#2207,.F.);
#2490 = PLANE('',#2491);
#2491 = AXIS2_PLACEMENT_3D('',#2492,#2493,#2494);
#2492 = CARTESIAN_POINT('',(9.66,-8.,3.3));
#2493 = DIRECTION('',(0.,-1.,0.));
#2494 = DIRECTION('',(0.,0.,1.));
#2495 = ADVANCED_FACE('',(#2496),#2502,.T.);
#2496 = FACE_BOUND('',#2497,.T.);
#2497 = EDGE_LOOP('',(#2498,#2499,#2500,#2501));
#2498 = ORIENTED_EDGE('',*,*,#2326,.F.);
#2499 = ORIENTED_EDGE('',*,*,#2351,.T.);
#2500 = ORIENTED_EDGE('',*,*,#2374,.T.);
#2501 = ORIENTED_EDGE('',*,*,#2303,.F.);
#2502 = PLANE('',#2503);
#2503 = AXIS2_PLACEMENT_3D('',#2504,#2505,#2506);
#2504 = CARTESIAN_POINT('',(4.58,-8.,3.3));
#2505 = DIRECTION('',(0.,-1.,0.));
#2506 = DIRECTION('',(0.,0.,1.));
#2507 = ADVANCED_FACE('',(#2508),#2514,.T.);
#2508 = FACE_BOUND('',#2509,.T.);
#2509 = EDGE_LOOP('',(#2510,#2511,#2512,#2513));
#2510 = ORIENTED_EDGE('',*,*,#2391,.F.);
#2511 = ORIENTED_EDGE('',*,*,#2423,.T.);
#2512 = ORIENTED_EDGE('',*,*,#2446,.T.);
#2513 = ORIENTED_EDGE('',*,*,#2471,.F.);
#2514 = PLANE('',#2515);
#2515 = AXIS2_PLACEMENT_3D('',#2516,#2517,#2518);
#2516 = CARTESIAN_POINT('',(-0.5,-8.,3.3));
#2517 = DIRECTION('',(0.,-1.,0.));
#2518 = DIRECTION('',(0.,0.,1.));
#2519 = ( GEOMETRIC_REPRESENTATION_CONTEXT(3) 
GLOBAL_UNCERTAINTY_ASSIGNED_CONTEXT((#2523)) 
GLOBAL_UNIT_ASSIGNED_CONTEXT((#2520,#2521,#2522)) REPRESENTATION_CONTEXT
('Context #1','3D Context with UNIT and UNCERTAINTY') );
#2520 = ( LENGTH_UNIT() NAMED_UNIT(*) SI_UNIT(.MILLI.,.METRE.) );
#2521 = ( NAMED_UNIT(*) PLANE_ANGLE_UNIT() SI_UNIT($,.RADIAN.) );
#2522 = ( NAMED_UNIT(*) SI_UNIT($,.STERADIAN.) SOLID_ANGLE_UNIT() );
#2523 = UNCERTAINTY_MEASURE_WITH_UNIT(LENGTH_MEASURE(1.E-07),#2520,
  'distance_accuracy_value','confusion accuracy');
#2524 = CONTEXT_DEPENDENT_SHAPE_REPRESENTATION(#2525,#2527);
#2525 = ( REPRESENTATION_RELATIONSHIP('','',#64,#10) 
REPRESENTATION_RELATIONSHIP_WITH_TRANSFORMATION(#2526) 
SHAPE_REPRESENTATION_RELATIONSHIP() );
#2526 = ITEM_DEFINED_TRANSFORMATION('','',#11,#15);
#2527 = PRODUCT_DEFINITION_SHAPE('Placement','Placement of an item',
  #2528);
#2528 = NEXT_ASSEMBLY_USAGE_OCCURRENCE('1','J2','',#5,#59,$);
#2529 = PRODUCT_RELATED_PRODUCT_CATEGORY('part',$,(#61));
#2530 = SHAPE_DEFINITION_REPRESENTATION(#2531,#2537);
#2531 = PRODUCT_DEFINITION_SHAPE('','',#2532);
#2532 = PRODUCT_DEFINITION('design','',#2533,#2536);
#2533 = PRODUCT_DEFINITION_FORMATION('','',#2534);
#2534 = PRODUCT('C_0805_2012Metric','C_0805_2012Metric','',(#2535));
#2535 = PRODUCT_CONTEXT('',#2,'mechanical');
#2536 = PRODUCT_DEFINITION_CONTEXT('part definition',#2,'design');
#2537 = ADVANCED_BREP_SHAPE_REPRESENTATION('',(#11,#2538),#3392);
#2538 = MANIFOLD_SOLID_BREP('',#2539);
#2539 = CLOSED_SHELL('',(#2540,#2616,#2647,#2672,#2697,#2721,#2745,#2770
    ,#2795,#2812,#2898,#2930,#2954,#2979,#3003,#3028,#3052,#3077,#3094,
    #3180,#3211,#3236,#3261,#3285,#3309,#3334,#3359,#3376));
#2540 = ADVANCED_FACE('',(#2541),#2611,.F.);
#2541 = FACE_BOUND('',#2542,.F.);
#2542 = EDGE_LOOP('',(#2543,#2553,#2562,#2570,#2579,#2587,#2596,#2604));
#2543 = ORIENTED_EDGE('',*,*,#2544,.F.);
#2544 = EDGE_CURVE('',#2545,#2547,#2549,.T.);
#2545 = VERTEX_POINT('',#2546);
#2546 = CARTESIAN_POINT('',(-1.,-0.625,4.E-02));
#2547 = VERTEX_POINT('',#2548);
#2548 = CARTESIAN_POINT('',(-1.,-0.625,1.21));
#2549 = LINE('',#2550,#2551);
#2550 = CARTESIAN_POINT('',(-1.,-0.625,0.));
#2551 = VECTOR('',#2552,1.);
#2552 = DIRECTION('',(0.,0.,1.));
#2553 = ORIENTED_EDGE('',*,*,#2554,.T.);
#2554 = EDGE_CURVE('',#2545,#2555,#2557,.T.);
#2555 = VERTEX_POINT('',#2556);
#2556 = CARTESIAN_POINT('',(-1.,-0.585,0.));
#2557 = CIRCLE('',#2558,4.E-02);
#2558 = AXIS2_PLACEMENT_3D('',#2559,#2560,#2561);
#2559 = CARTESIAN_POINT('',(-1.,-0.585,4.E-02));
#2560 = DIRECTION('',(1.,0.,-0.));
#2561 = DIRECTION('',(0.,0.,1.));
#2562 = ORIENTED_EDGE('',*,*,#2563,.T.);
#2563 = EDGE_CURVE('',#2555,#2564,#2566,.T.);
#2564 = VERTEX_POINT('',#2565);
#2565 = CARTESIAN_POINT('',(-1.,0.585,0.));
#2566 = LINE('',#2567,#2568);
#2567 = CARTESIAN_POINT('',(-1.,-0.625,0.));
#2568 = VECTOR('',#2569,1.);
#2569 = DIRECTION('',(0.,1.,0.));
#2570 = ORIENTED_EDGE('',*,*,#2571,.F.);
#2571 = EDGE_CURVE('',#2572,#2564,#2574,.T.);
#2572 = VERTEX_POINT('',#2573);
#2573 = CARTESIAN_POINT('',(-1.,0.625,4.E-02));
#2574 = CIRCLE('',#2575,4.E-02);
#2575 = AXIS2_PLACEMENT_3D('',#2576,#2577,#2578);
#2576 = CARTESIAN_POINT('',(-1.,0.585,4.E-02));
#2577 = DIRECTION('',(-1.,0.,0.));
#2578 = DIRECTION('',(0.,0.,1.));
#2579 = ORIENTED_EDGE('',*,*,#2580,.T.);
#2580 = EDGE_CURVE('',#2572,#2581,#2583,.T.);
#2581 = VERTEX_POINT('',#2582);
#2582 = CARTESIAN_POINT('',(-1.,0.625,1.21));
#2583 = LINE('',#2584,#2585);
#2584 = CARTESIAN_POINT('',(-1.,0.625,0.));
#2585 = VECTOR('',#2586,1.);
#2586 = DIRECTION('',(0.,0.,1.));
#2587 = ORIENTED_EDGE('',*,*,#2588,.T.);
#2588 = EDGE_CURVE('',#2581,#2589,#2591,.T.);
#2589 = VERTEX_POINT('',#2590);
#2590 = CARTESIAN_POINT('',(-1.,0.585,1.25));
#2591 = CIRCLE('',#2592,4.E-02);
#2592 = AXIS2_PLACEMENT_3D('',#2593,#2594,#2595);
#2593 = CARTESIAN_POINT('',(-1.,0.585,1.21));
#2594 = DIRECTION('',(1.,0.,-0.));
#2595 = DIRECTION('',(0.,0.,1.));
#2596 = ORIENTED_EDGE('',*,*,#2597,.F.);
#2597 = EDGE_CURVE('',#2598,#2589,#2600,.T.);
#2598 = VERTEX_POINT('',#2599);
#2599 = CARTESIAN_POINT('',(-1.,-0.585,1.25));
#2600 = LINE('',#2601,#2602);
#2601 = CARTESIAN_POINT('',(-1.,-0.625,1.25));
#2602 = VECTOR('',#2603,1.);
#2603 = DIRECTION('',(0.,1.,0.));
#2604 = ORIENTED_EDGE('',*,*,#2605,.F.);
#2605 = EDGE_CURVE('',#2547,#2598,#2606,.T.);
#2606 = CIRCLE('',#2607,4.E-02);
#2607 = AXIS2_PLACEMENT_3D('',#2608,#2609,#2610);
#2608 = CARTESIAN_POINT('',(-1.,-0.585,1.21));
#2609 = DIRECTION('',(-1.,0.,0.));
#2610 = DIRECTION('',(0.,0.,1.));
#2611 = PLANE('',#2612);
#2612 = AXIS2_PLACEMENT_3D('',#2613,#2614,#2615);
#2613 = CARTESIAN_POINT('',(-1.,-0.625,0.));
#2614 = DIRECTION('',(1.,0.,0.));
#2615 = DIRECTION('',(0.,0.,1.));
#2616 = ADVANCED_FACE('',(#2617),#2642,.F.);
#2617 = FACE_BOUND('',#2618,.F.);
#2618 = EDGE_LOOP('',(#2619,#2629,#2635,#2636));
#2619 = ORIENTED_EDGE('',*,*,#2620,.F.);
#2620 = EDGE_CURVE('',#2621,#2623,#2625,.T.);
#2621 = VERTEX_POINT('',#2622);
#2622 = CARTESIAN_POINT('',(-0.6,-0.625,4.E-02));
#2623 = VERTEX_POINT('',#2624);
#2624 = CARTESIAN_POINT('',(-0.6,-0.625,1.21));
#2625 = LINE('',#2626,#2627);
#2626 = CARTESIAN_POINT('',(-0.6,-0.625,0.));
#2627 = VECTOR('',#2628,1.);
#2628 = DIRECTION('',(0.,0.,1.));
#2629 = ORIENTED_EDGE('',*,*,#2630,.F.);
#2630 = EDGE_CURVE('',#2545,#2621,#2631,.T.);
#2631 = LINE('',#2632,#2633);
#2632 = CARTESIAN_POINT('',(-1.,-0.625,4.E-02));
#2633 = VECTOR('',#2634,1.);
#2634 = DIRECTION('',(1.,0.,0.));
#2635 = ORIENTED_EDGE('',*,*,#2544,.T.);
#2636 = ORIENTED_EDGE('',*,*,#2637,.T.);
#2637 = EDGE_CURVE('',#2547,#2623,#2638,.T.);
#2638 = LINE('',#2639,#2640);
#2639 = CARTESIAN_POINT('',(-1.,-0.625,1.21));
#2640 = VECTOR('',#2641,1.);
#2641 = DIRECTION('',(1.,0.,0.));
#2642 = PLANE('',#2643);
#2643 = AXIS2_PLACEMENT_3D('',#2644,#2645,#2646);
#2644 = CARTESIAN_POINT('',(-1.,-0.625,0.));
#2645 = DIRECTION('',(0.,1.,0.));
#2646 = DIRECTION('',(0.,-0.,1.));
#2647 = ADVANCED_FACE('',(#2648),#2667,.T.);
#2648 = FACE_BOUND('',#2649,.T.);
#2649 = EDGE_LOOP('',(#2650,#2651,#2659,#2666));
#2650 = ORIENTED_EDGE('',*,*,#2554,.T.);
#2651 = ORIENTED_EDGE('',*,*,#2652,.T.);
#2652 = EDGE_CURVE('',#2555,#2653,#2655,.T.);
#2653 = VERTEX_POINT('',#2654);
#2654 = CARTESIAN_POINT('',(-0.6,-0.585,0.));
#2655 = LINE('',#2656,#2657);
#2656 = CARTESIAN_POINT('',(-1.,-0.585,0.));
#2657 = VECTOR('',#2658,1.);
#2658 = DIRECTION('',(1.,0.,0.));
#2659 = ORIENTED_EDGE('',*,*,#2660,.F.);
#2660 = EDGE_CURVE('',#2621,#2653,#2661,.T.);
#2661 = CIRCLE('',#2662,4.E-02);
#2662 = AXIS2_PLACEMENT_3D('',#2663,#2664,#2665);
#2663 = CARTESIAN_POINT('',(-0.6,-0.585,4.E-02));
#2664 = DIRECTION('',(1.,0.,-0.));
#2665 = DIRECTION('',(0.,0.,1.));
#2666 = ORIENTED_EDGE('',*,*,#2630,.F.);
#2667 = CYLINDRICAL_SURFACE('',#2668,4.E-02);
#2668 = AXIS2_PLACEMENT_3D('',#2669,#2670,#2671);
#2669 = CARTESIAN_POINT('',(-1.,-0.585,4.E-02));
#2670 = DIRECTION('',(1.,0.,0.));
#2671 = DIRECTION('',(0.,-1.,0.));
#2672 = ADVANCED_FACE('',(#2673),#2692,.T.);
#2673 = FACE_BOUND('',#2674,.T.);
#2674 = EDGE_LOOP('',(#2675,#2676,#2685,#2691));
#2675 = ORIENTED_EDGE('',*,*,#2637,.T.);
#2676 = ORIENTED_EDGE('',*,*,#2677,.T.);
#2677 = EDGE_CURVE('',#2623,#2678,#2680,.T.);
#2678 = VERTEX_POINT('',#2679);
#2679 = CARTESIAN_POINT('',(-0.6,-0.585,1.25));
#2680 = CIRCLE('',#2681,4.E-02);
#2681 = AXIS2_PLACEMENT_3D('',#2682,#2683,#2684);
#2682 = CARTESIAN_POINT('',(-0.6,-0.585,1.21));
#2683 = DIRECTION('',(-1.,0.,0.));
#2684 = DIRECTION('',(0.,0.,1.));
#2685 = ORIENTED_EDGE('',*,*,#2686,.F.);
#2686 = EDGE_CURVE('',#2598,#2678,#2687,.T.);
#2687 = LINE('',#2688,#2689);
#2688 = CARTESIAN_POINT('',(-1.,-0.585,1.25));
#2689 = VECTOR('',#2690,1.);
#2690 = DIRECTION('',(1.,0.,0.));
#2691 = ORIENTED_EDGE('',*,*,#2605,.F.);
#2692 = CYLINDRICAL_SURFACE('',#2693,4.E-02);
#2693 = AXIS2_PLACEMENT_3D('',#2694,#2695,#2696);
#2694 = CARTESIAN_POINT('',(-1.,-0.585,1.21));
#2695 = DIRECTION('',(1.,0.,0.));
#2696 = DIRECTION('',(0.,-1.,0.));
#2697 = ADVANCED_FACE('',(#2698),#2716,.F.);
#2698 = FACE_BOUND('',#2699,.F.);
#2699 = EDGE_LOOP('',(#2700,#2701,#2702,#2710));
#2700 = ORIENTED_EDGE('',*,*,#2563,.F.);
#2701 = ORIENTED_EDGE('',*,*,#2652,.T.);
#2702 = ORIENTED_EDGE('',*,*,#2703,.T.);
#2703 = EDGE_CURVE('',#2653,#2704,#2706,.T.);
#2704 = VERTEX_POINT('',#2705);
#2705 = CARTESIAN_POINT('',(-0.6,0.585,0.));
#2706 = LINE('',#2707,#2708);
#2707 = CARTESIAN_POINT('',(-0.6,-0.625,0.));
#2708 = VECTOR('',#2709,1.);
#2709 = DIRECTION('',(0.,1.,0.));
#2710 = ORIENTED_EDGE('',*,*,#2711,.F.);
#2711 = EDGE_CURVE('',#2564,#2704,#2712,.T.);
#2712 = LINE('',#2713,#2714);
#2713 = CARTESIAN_POINT('',(-1.,0.585,0.));
#2714 = VECTOR('',#2715,1.);
#2715 = DIRECTION('',(1.,0.,0.));
#2716 = PLANE('',#2717);
#2717 = AXIS2_PLACEMENT_3D('',#2718,#2719,#2720);
#2718 = CARTESIAN_POINT('',(-1.,-0.625,0.));
#2719 = DIRECTION('',(0.,0.,1.));
#2720 = DIRECTION('',(1.,0.,-0.));
#2721 = ADVANCED_FACE('',(#2722),#2740,.T.);
#2722 = FACE_BOUND('',#2723,.T.);
#2723 = EDGE_LOOP('',(#2724,#2725,#2726,#2734));
#2724 = ORIENTED_EDGE('',*,*,#2597,.F.);
#2725 = ORIENTED_EDGE('',*,*,#2686,.T.);
#2726 = ORIENTED_EDGE('',*,*,#2727,.T.);
#2727 = EDGE_CURVE('',#2678,#2728,#2730,.T.);
#2728 = VERTEX_POINT('',#2729);
#2729 = CARTESIAN_POINT('',(-0.6,0.585,1.25));
#2730 = LINE('',#2731,#2732);
#2731 = CARTESIAN_POINT('',(-0.6,-0.625,1.25));
#2732 = VECTOR('',#2733,1.);
#2733 = DIRECTION('',(0.,1.,0.));
#2734 = ORIENTED_EDGE('',*,*,#2735,.F.);
#2735 = EDGE_CURVE('',#2589,#2728,#2736,.T.);
#2736 = LINE('',#2737,#2738);
#2737 = CARTESIAN_POINT('',(-1.,0.585,1.25));
#2738 = VECTOR('',#2739,1.);
#2739 = DIRECTION('',(1.,0.,0.));
#2740 = PLANE('',#2741);
#2741 = AXIS2_PLACEMENT_3D('',#2742,#2743,#2744);
#2742 = CARTESIAN_POINT('',(-1.,-0.625,1.25));
#2743 = DIRECTION('',(0.,0.,1.));
#2744 = DIRECTION('',(1.,0.,-0.));
#2745 = ADVANCED_FACE('',(#2746),#2765,.T.);
#2746 = FACE_BOUND('',#2747,.T.);
#2747 = EDGE_LOOP('',(#2748,#2756,#2763,#2764));
#2748 = ORIENTED_EDGE('',*,*,#2749,.T.);
#2749 = EDGE_CURVE('',#2572,#2750,#2752,.T.);
#2750 = VERTEX_POINT('',#2751);
#2751 = CARTESIAN_POINT('',(-0.6,0.625,4.E-02));
#2752 = LINE('',#2753,#2754);
#2753 = CARTESIAN_POINT('',(-1.,0.625,4.E-02));
#2754 = VECTOR('',#2755,1.);
#2755 = DIRECTION('',(1.,0.,0.));
#2756 = ORIENTED_EDGE('',*,*,#2757,.T.);
#2757 = EDGE_CURVE('',#2750,#2704,#2758,.T.);
#2758 = CIRCLE('',#2759,4.E-02);
#2759 = AXIS2_PLACEMENT_3D('',#2760,#2761,#2762);
#2760 = CARTESIAN_POINT('',(-0.6,0.585,4.E-02));
#2761 = DIRECTION('',(-1.,0.,0.));
#2762 = DIRECTION('',(0.,0.,1.));
#2763 = ORIENTED_EDGE('',*,*,#2711,.F.);
#2764 = ORIENTED_EDGE('',*,*,#2571,.F.);
#2765 = CYLINDRICAL_SURFACE('',#2766,4.E-02);
#2766 = AXIS2_PLACEMENT_3D('',#2767,#2768,#2769);
#2767 = CARTESIAN_POINT('',(-1.,0.585,4.E-02));
#2768 = DIRECTION('',(1.,0.,0.));
#2769 = DIRECTION('',(-0.,1.,0.));
#2770 = ADVANCED_FACE('',(#2771),#2790,.T.);
#2771 = FACE_BOUND('',#2772,.T.);
#2772 = EDGE_LOOP('',(#2773,#2774,#2775,#2784));
#2773 = ORIENTED_EDGE('',*,*,#2588,.T.);
#2774 = ORIENTED_EDGE('',*,*,#2735,.T.);
#2775 = ORIENTED_EDGE('',*,*,#2776,.F.);
#2776 = EDGE_CURVE('',#2777,#2728,#2779,.T.);
#2777 = VERTEX_POINT('',#2778);
#2778 = CARTESIAN_POINT('',(-0.6,0.625,1.21));
#2779 = CIRCLE('',#2780,4.E-02);
#2780 = AXIS2_PLACEMENT_3D('',#2781,#2782,#2783);
#2781 = CARTESIAN_POINT('',(-0.6,0.585,1.21));
#2782 = DIRECTION('',(1.,0.,-0.));
#2783 = DIRECTION('',(0.,0.,1.));
#2784 = ORIENTED_EDGE('',*,*,#2785,.F.);
#2785 = EDGE_CURVE('',#2581,#2777,#2786,.T.);
#2786 = LINE('',#2787,#2788);
#2787 = CARTESIAN_POINT('',(-1.,0.625,1.21));
#2788 = VECTOR('',#2789,1.);
#2789 = DIRECTION('',(1.,0.,0.));
#2790 = CYLINDRICAL_SURFACE('',#2791,4.E-02);
#2791 = AXIS2_PLACEMENT_3D('',#2792,#2793,#2794);
#2792 = CARTESIAN_POINT('',(-1.,0.585,1.21));
#2793 = DIRECTION('',(1.,0.,0.));
#2794 = DIRECTION('',(-0.,1.,0.));
#2795 = ADVANCED_FACE('',(#2796),#2807,.T.);
#2796 = FACE_BOUND('',#2797,.T.);
#2797 = EDGE_LOOP('',(#2798,#2804,#2805,#2806));
#2798 = ORIENTED_EDGE('',*,*,#2799,.F.);
#2799 = EDGE_CURVE('',#2750,#2777,#2800,.T.);
#2800 = LINE('',#2801,#2802);
#2801 = CARTESIAN_POINT('',(-0.6,0.625,0.));
#2802 = VECTOR('',#2803,1.);
#2803 = DIRECTION('',(0.,0.,1.));
#2804 = ORIENTED_EDGE('',*,*,#2749,.F.);
#2805 = ORIENTED_EDGE('',*,*,#2580,.T.);
#2806 = ORIENTED_EDGE('',*,*,#2785,.T.);
#2807 = PLANE('',#2808);
#2808 = AXIS2_PLACEMENT_3D('',#2809,#2810,#2811);
#2809 = CARTESIAN_POINT('',(-1.,0.625,0.));
#2810 = DIRECTION('',(0.,1.,0.));
#2811 = DIRECTION('',(0.,-0.,1.));
#2812 = ADVANCED_FACE('',(#2813,#2823),#2893,.T.);
#2813 = FACE_BOUND('',#2814,.T.);
#2814 = EDGE_LOOP('',(#2815,#2816,#2817,#2818,#2819,#2820,#2821,#2822));
#2815 = ORIENTED_EDGE('',*,*,#2620,.F.);
#2816 = ORIENTED_EDGE('',*,*,#2660,.T.);
#2817 = ORIENTED_EDGE('',*,*,#2703,.T.);
#2818 = ORIENTED_EDGE('',*,*,#2757,.F.);
#2819 = ORIENTED_EDGE('',*,*,#2799,.T.);
#2820 = ORIENTED_EDGE('',*,*,#2776,.T.);
#2821 = ORIENTED_EDGE('',*,*,#2727,.F.);
#2822 = ORIENTED_EDGE('',*,*,#2677,.F.);
#2823 = FACE_BOUND('',#2824,.T.);
#2824 = EDGE_LOOP('',(#2825,#2836,#2844,#2853,#2861,#2870,#2878,#2887));
#2825 = ORIENTED_EDGE('',*,*,#2826,.F.);
#2826 = EDGE_CURVE('',#2827,#2829,#2831,.T.);
#2827 = VERTEX_POINT('',#2828);
#2828 = CARTESIAN_POINT('',(-0.6,-0.585,8.E-02));
#2829 = VERTEX_POINT('',#2830);
#2830 = CARTESIAN_POINT('',(-0.6,-0.545,4.E-02));
#2831 = CIRCLE('',#2832,4.E-02);
#2832 = AXIS2_PLACEMENT_3D('',#2833,#2834,#2835);
#2833 = CARTESIAN_POINT('',(-0.6,-0.545,8.E-02));
#2834 = DIRECTION('',(1.,0.,-0.));
#2835 = DIRECTION('',(0.,0.,1.));
#2836 = ORIENTED_EDGE('',*,*,#2837,.T.);
#2837 = EDGE_CURVE('',#2827,#2838,#2840,.T.);
#2838 = VERTEX_POINT('',#2839);
#2839 = CARTESIAN_POINT('',(-0.6,-0.585,1.17));
#2840 = LINE('',#2841,#2842);
#2841 = CARTESIAN_POINT('',(-0.6,-0.585,4.E-02));
#2842 = VECTOR('',#2843,1.);
#2843 = DIRECTION('',(0.,0.,1.));
#2844 = ORIENTED_EDGE('',*,*,#2845,.T.);
#2845 = EDGE_CURVE('',#2838,#2846,#2848,.T.);
#2846 = VERTEX_POINT('',#2847);
#2847 = CARTESIAN_POINT('',(-0.6,-0.545,1.21));
#2848 = CIRCLE('',#2849,4.E-02);
#2849 = AXIS2_PLACEMENT_3D('',#2850,#2851,#2852);
#2850 = CARTESIAN_POINT('',(-0.6,-0.545,1.17));
#2851 = DIRECTION('',(-1.,0.,0.));
#2852 = DIRECTION('',(0.,0.,1.));
#2853 = ORIENTED_EDGE('',*,*,#2854,.T.);
#2854 = EDGE_CURVE('',#2846,#2855,#2857,.T.);
#2855 = VERTEX_POINT('',#2856);
#2856 = CARTESIAN_POINT('',(-0.6,0.545,1.21));
#2857 = LINE('',#2858,#2859);
#2858 = CARTESIAN_POINT('',(-0.6,-0.585,1.21));
#2859 = VECTOR('',#2860,1.);
#2860 = DIRECTION('',(0.,1.,0.));
#2861 = ORIENTED_EDGE('',*,*,#2862,.F.);
#2862 = EDGE_CURVE('',#2863,#2855,#2865,.T.);
#2863 = VERTEX_POINT('',#2864);
#2864 = CARTESIAN_POINT('',(-0.6,0.585,1.17));
#2865 = CIRCLE('',#2866,4.E-02);
#2866 = AXIS2_PLACEMENT_3D('',#2867,#2868,#2869);
#2867 = CARTESIAN_POINT('',(-0.6,0.545,1.17));
#2868 = DIRECTION('',(1.,0.,-0.));
#2869 = DIRECTION('',(0.,0.,1.));
#2870 = ORIENTED_EDGE('',*,*,#2871,.F.);
#2871 = EDGE_CURVE('',#2872,#2863,#2874,.T.);
#2872 = VERTEX_POINT('',#2873);
#2873 = CARTESIAN_POINT('',(-0.6,0.585,8.E-02));
#2874 = LINE('',#2875,#2876);
#2875 = CARTESIAN_POINT('',(-0.6,0.585,4.E-02));
#2876 = VECTOR('',#2877,1.);
#2877 = DIRECTION('',(0.,0.,1.));
#2878 = ORIENTED_EDGE('',*,*,#2879,.T.);
#2879 = EDGE_CURVE('',#2872,#2880,#2882,.T.);
#2880 = VERTEX_POINT('',#2881);
#2881 = CARTESIAN_POINT('',(-0.6,0.545,4.E-02));
#2882 = CIRCLE('',#2883,4.E-02);
#2883 = AXIS2_PLACEMENT_3D('',#2884,#2885,#2886);
#2884 = CARTESIAN_POINT('',(-0.6,0.545,8.E-02));
#2885 = DIRECTION('',(-1.,0.,0.));
#2886 = DIRECTION('',(0.,0.,1.));
#2887 = ORIENTED_EDGE('',*,*,#2888,.F.);
#2888 = EDGE_CURVE('',#2829,#2880,#2889,.T.);
#2889 = LINE('',#2890,#2891);
#2890 = CARTESIAN_POINT('',(-0.6,-0.585,4.E-02));
#2891 = VECTOR('',#2892,1.);
#2892 = DIRECTION('',(0.,1.,0.));
#2893 = PLANE('',#2894);
#2894 = AXIS2_PLACEMENT_3D('',#2895,#2896,#2897);
#2895 = CARTESIAN_POINT('',(-0.6,-0.625,0.));
#2896 = DIRECTION('',(1.,0.,0.));
#2897 = DIRECTION('',(0.,0.,1.));
#2898 = ADVANCED_FACE('',(#2899),#2925,.T.);
#2899 = FACE_BOUND('',#2900,.T.);
#2900 = EDGE_LOOP('',(#2901,#2902,#2910,#2919));
#2901 = ORIENTED_EDGE('',*,*,#2826,.T.);
#2902 = ORIENTED_EDGE('',*,*,#2903,.T.);
#2903 = EDGE_CURVE('',#2829,#2904,#2906,.T.);
#2904 = VERTEX_POINT('',#2905);
#2905 = CARTESIAN_POINT('',(0.6,-0.545,4.E-02));
#2906 = LINE('',#2907,#2908);
#2907 = CARTESIAN_POINT('',(-0.6,-0.545,4.E-02));
#2908 = VECTOR('',#2909,1.);
#2909 = DIRECTION('',(1.,0.,0.));
#2910 = ORIENTED_EDGE('',*,*,#2911,.F.);
#2911 = EDGE_CURVE('',#2912,#2904,#2914,.T.);
#2912 = VERTEX_POINT('',#2913);
#2913 = CARTESIAN_POINT('',(0.6,-0.585,8.E-02));
#2914 = CIRCLE('',#2915,4.E-02);
#2915 = AXIS2_PLACEMENT_3D('',#2916,#2917,#2918);
#2916 = CARTESIAN_POINT('',(0.6,-0.545,8.E-02));
#2917 = DIRECTION('',(1.,0.,-0.));
#2918 = DIRECTION('',(0.,0.,1.));
#2919 = ORIENTED_EDGE('',*,*,#2920,.F.);
#2920 = EDGE_CURVE('',#2827,#2912,#2921,.T.);
#2921 = LINE('',#2922,#2923);
#2922 = CARTESIAN_POINT('',(-0.6,-0.585,8.E-02));
#2923 = VECTOR('',#2924,1.);
#2924 = DIRECTION('',(1.,0.,0.));
#2925 = CYLINDRICAL_SURFACE('',#2926,4.E-02);
#2926 = AXIS2_PLACEMENT_3D('',#2927,#2928,#2929);
#2927 = CARTESIAN_POINT('',(-0.6,-0.545,8.E-02));
#2928 = DIRECTION('',(1.,0.,0.));
#2929 = DIRECTION('',(0.,-1.,0.));
#2930 = ADVANCED_FACE('',(#2931),#2949,.F.);
#2931 = FACE_BOUND('',#2932,.F.);
#2932 = EDGE_LOOP('',(#2933,#2934,#2935,#2943));
#2933 = ORIENTED_EDGE('',*,*,#2888,.F.);
#2934 = ORIENTED_EDGE('',*,*,#2903,.T.);
#2935 = ORIENTED_EDGE('',*,*,#2936,.T.);
#2936 = EDGE_CURVE('',#2904,#2937,#2939,.T.);
#2937 = VERTEX_POINT('',#2938);
#2938 = CARTESIAN_POINT('',(0.6,0.545,4.E-02));
#2939 = LINE('',#2940,#2941);
#2940 = CARTESIAN_POINT('',(0.6,-0.585,4.E-02));
#2941 = VECTOR('',#2942,1.);
#2942 = DIRECTION('',(0.,1.,0.));
#2943 = ORIENTED_EDGE('',*,*,#2944,.F.);
#2944 = EDGE_CURVE('',#2880,#2937,#2945,.T.);
#2945 = LINE('',#2946,#2947);
#2946 = CARTESIAN_POINT('',(-0.6,0.545,4.E-02));
#2947 = VECTOR('',#2948,1.);
#2948 = DIRECTION('',(1.,0.,0.));
#2949 = PLANE('',#2950);
#2950 = AXIS2_PLACEMENT_3D('',#2951,#2952,#2953);
#2951 = CARTESIAN_POINT('',(-0.6,-0.585,4.E-02));
#2952 = DIRECTION('',(0.,0.,1.));
#2953 = DIRECTION('',(1.,0.,-0.));
#2954 = ADVANCED_FACE('',(#2955),#2974,.T.);
#2955 = FACE_BOUND('',#2956,.T.);
#2956 = EDGE_LOOP('',(#2957,#2965,#2972,#2973));
#2957 = ORIENTED_EDGE('',*,*,#2958,.T.);
#2958 = EDGE_CURVE('',#2872,#2959,#2961,.T.);
#2959 = VERTEX_POINT('',#2960);
#2960 = CARTESIAN_POINT('',(0.6,0.585,8.E-02));
#2961 = LINE('',#2962,#2963);
#2962 = CARTESIAN_POINT('',(-0.6,0.585,8.E-02));
#2963 = VECTOR('',#2964,1.);
#2964 = DIRECTION('',(1.,0.,0.));
#2965 = ORIENTED_EDGE('',*,*,#2966,.T.);
#2966 = EDGE_CURVE('',#2959,#2937,#2967,.T.);
#2967 = CIRCLE('',#2968,4.E-02);
#2968 = AXIS2_PLACEMENT_3D('',#2969,#2970,#2971);
#2969 = CARTESIAN_POINT('',(0.6,0.545,8.E-02));
#2970 = DIRECTION('',(-1.,0.,0.));
#2971 = DIRECTION('',(0.,0.,1.));
#2972 = ORIENTED_EDGE('',*,*,#2944,.F.);
#2973 = ORIENTED_EDGE('',*,*,#2879,.F.);
#2974 = CYLINDRICAL_SURFACE('',#2975,4.E-02);
#2975 = AXIS2_PLACEMENT_3D('',#2976,#2977,#2978);
#2976 = CARTESIAN_POINT('',(-0.6,0.545,8.E-02));
#2977 = DIRECTION('',(1.,0.,0.));
#2978 = DIRECTION('',(-0.,1.,0.));
#2979 = ADVANCED_FACE('',(#2980),#2998,.T.);
#2980 = FACE_BOUND('',#2981,.T.);
#2981 = EDGE_LOOP('',(#2982,#2990,#2991,#2992));
#2982 = ORIENTED_EDGE('',*,*,#2983,.F.);
#2983 = EDGE_CURVE('',#2959,#2984,#2986,.T.);
#2984 = VERTEX_POINT('',#2985);
#2985 = CARTESIAN_POINT('',(0.6,0.585,1.17));
#2986 = LINE('',#2987,#2988);
#2987 = CARTESIAN_POINT('',(0.6,0.585,4.E-02));
#2988 = VECTOR('',#2989,1.);
#2989 = DIRECTION('',(0.,0.,1.));
#2990 = ORIENTED_EDGE('',*,*,#2958,.F.);
#2991 = ORIENTED_EDGE('',*,*,#2871,.T.);
#2992 = ORIENTED_EDGE('',*,*,#2993,.T.);
#2993 = EDGE_CURVE('',#2863,#2984,#2994,.T.);
#2994 = LINE('',#2995,#2996);
#2995 = CARTESIAN_POINT('',(-0.6,0.585,1.17));
#2996 = VECTOR('',#2997,1.);
#2997 = DIRECTION('',(1.,0.,0.));
#2998 = PLANE('',#2999);
#2999 = AXIS2_PLACEMENT_3D('',#3000,#3001,#3002);
#3000 = CARTESIAN_POINT('',(-0.6,0.585,4.E-02));
#3001 = DIRECTION('',(0.,1.,0.));
#3002 = DIRECTION('',(0.,-0.,1.));
#3003 = ADVANCED_FACE('',(#3004),#3023,.T.);
#3004 = FACE_BOUND('',#3005,.T.);
#3005 = EDGE_LOOP('',(#3006,#3007,#3015,#3022));
#3006 = ORIENTED_EDGE('',*,*,#2862,.T.);
#3007 = ORIENTED_EDGE('',*,*,#3008,.T.);
#3008 = EDGE_CURVE('',#2855,#3009,#3011,.T.);
#3009 = VERTEX_POINT('',#3010);
#3010 = CARTESIAN_POINT('',(0.6,0.545,1.21));
#3011 = LINE('',#3012,#3013);
#3012 = CARTESIAN_POINT('',(-0.6,0.545,1.21));
#3013 = VECTOR('',#3014,1.);
#3014 = DIRECTION('',(1.,0.,0.));
#3015 = ORIENTED_EDGE('',*,*,#3016,.F.);
#3016 = EDGE_CURVE('',#2984,#3009,#3017,.T.);
#3017 = CIRCLE('',#3018,4.E-02);
#3018 = AXIS2_PLACEMENT_3D('',#3019,#3020,#3021);
#3019 = CARTESIAN_POINT('',(0.6,0.545,1.17));
#3020 = DIRECTION('',(1.,0.,-0.));
#3021 = DIRECTION('',(0.,0.,1.));
#3022 = ORIENTED_EDGE('',*,*,#2993,.F.);
#3023 = CYLINDRICAL_SURFACE('',#3024,4.E-02);
#3024 = AXIS2_PLACEMENT_3D('',#3025,#3026,#3027);
#3025 = CARTESIAN_POINT('',(-0.6,0.545,1.17));
#3026 = DIRECTION('',(1.,0.,0.));
#3027 = DIRECTION('',(-0.,1.,0.));
#3028 = ADVANCED_FACE('',(#3029),#3047,.T.);
#3029 = FACE_BOUND('',#3030,.T.);
#3030 = EDGE_LOOP('',(#3031,#3032,#3040,#3046));
#3031 = ORIENTED_EDGE('',*,*,#2854,.F.);
#3032 = ORIENTED_EDGE('',*,*,#3033,.T.);
#3033 = EDGE_CURVE('',#2846,#3034,#3036,.T.);
#3034 = VERTEX_POINT('',#3035);
#3035 = CARTESIAN_POINT('',(0.6,-0.545,1.21));
#3036 = LINE('',#3037,#3038);
#3037 = CARTESIAN_POINT('',(-0.6,-0.545,1.21));
#3038 = VECTOR('',#3039,1.);
#3039 = DIRECTION('',(1.,0.,0.));
#3040 = ORIENTED_EDGE('',*,*,#3041,.T.);
#3041 = EDGE_CURVE('',#3034,#3009,#3042,.T.);
#3042 = LINE('',#3043,#3044);
#3043 = CARTESIAN_POINT('',(0.6,-0.585,1.21));
#3044 = VECTOR('',#3045,1.);
#3045 = DIRECTION('',(0.,1.,0.));
#3046 = ORIENTED_EDGE('',*,*,#3008,.F.);
#3047 = PLANE('',#3048);
#3048 = AXIS2_PLACEMENT_3D('',#3049,#3050,#3051);
#3049 = CARTESIAN_POINT('',(-0.6,-0.585,1.21));
#3050 = DIRECTION('',(0.,0.,1.));
#3051 = DIRECTION('',(1.,0.,-0.));
#3052 = ADVANCED_FACE('',(#3053),#3072,.T.);
#3053 = FACE_BOUND('',#3054,.T.);
#3054 = EDGE_LOOP('',(#3055,#3063,#3070,#3071));
#3055 = ORIENTED_EDGE('',*,*,#3056,.T.);
#3056 = EDGE_CURVE('',#2838,#3057,#3059,.T.);
#3057 = VERTEX_POINT('',#3058);
#3058 = CARTESIAN_POINT('',(0.6,-0.585,1.17));
#3059 = LINE('',#3060,#3061);
#3060 = CARTESIAN_POINT('',(-0.6,-0.585,1.17));
#3061 = VECTOR('',#3062,1.);
#3062 = DIRECTION('',(1.,0.,0.));
#3063 = ORIENTED_EDGE('',*,*,#3064,.T.);
#3064 = EDGE_CURVE('',#3057,#3034,#3065,.T.);
#3065 = CIRCLE('',#3066,4.E-02);
#3066 = AXIS2_PLACEMENT_3D('',#3067,#3068,#3069);
#3067 = CARTESIAN_POINT('',(0.6,-0.545,1.17));
#3068 = DIRECTION('',(-1.,0.,0.));
#3069 = DIRECTION('',(0.,0.,1.));
#3070 = ORIENTED_EDGE('',*,*,#3033,.F.);
#3071 = ORIENTED_EDGE('',*,*,#2845,.F.);
#3072 = CYLINDRICAL_SURFACE('',#3073,4.E-02);
#3073 = AXIS2_PLACEMENT_3D('',#3074,#3075,#3076);
#3074 = CARTESIAN_POINT('',(-0.6,-0.545,1.17));
#3075 = DIRECTION('',(1.,0.,0.));
#3076 = DIRECTION('',(0.,-1.,0.));
#3077 = ADVANCED_FACE('',(#3078),#3089,.F.);
#3078 = FACE_BOUND('',#3079,.F.);
#3079 = EDGE_LOOP('',(#3080,#3086,#3087,#3088));
#3080 = ORIENTED_EDGE('',*,*,#3081,.F.);
#3081 = EDGE_CURVE('',#2912,#3057,#3082,.T.);
#3082 = LINE('',#3083,#3084);
#3083 = CARTESIAN_POINT('',(0.6,-0.585,4.E-02));
#3084 = VECTOR('',#3085,1.);
#3085 = DIRECTION('',(0.,0.,1.));
#3086 = ORIENTED_EDGE('',*,*,#2920,.F.);
#3087 = ORIENTED_EDGE('',*,*,#2837,.T.);
#3088 = ORIENTED_EDGE('',*,*,#3056,.T.);
#3089 = PLANE('',#3090);
#3090 = AXIS2_PLACEMENT_3D('',#3091,#3092,#3093);
#3091 = CARTESIAN_POINT('',(-0.6,-0.585,4.E-02));
#3092 = DIRECTION('',(0.,1.,0.));
#3093 = DIRECTION('',(0.,-0.,1.));
#3094 = ADVANCED_FACE('',(#3095,#3165),#3175,.F.);
#3095 = FACE_BOUND('',#3096,.F.);
#3096 = EDGE_LOOP('',(#3097,#3107,#3116,#3124,#3133,#3141,#3150,#3158));
#3097 = ORIENTED_EDGE('',*,*,#3098,.F.);
#3098 = EDGE_CURVE('',#3099,#3101,#3103,.T.);
#3099 = VERTEX_POINT('',#3100);
#3100 = CARTESIAN_POINT('',(0.6,-0.625,4.E-02));
#3101 = VERTEX_POINT('',#3102);
#3102 = CARTESIAN_POINT('',(0.6,-0.625,1.21));
#3103 = LINE('',#3104,#3105);
#3104 = CARTESIAN_POINT('',(0.6,-0.625,0.));
#3105 = VECTOR('',#3106,1.);
#3106 = DIRECTION('',(0.,0.,1.));
#3107 = ORIENTED_EDGE('',*,*,#3108,.T.);
#3108 = EDGE_CURVE('',#3099,#3109,#3111,.T.);
#3109 = VERTEX_POINT('',#3110);
#3110 = CARTESIAN_POINT('',(0.6,-0.585,0.));
#3111 = CIRCLE('',#3112,4.E-02);
#3112 = AXIS2_PLACEMENT_3D('',#3113,#3114,#3115);
#3113 = CARTESIAN_POINT('',(0.6,-0.585,4.E-02));
#3114 = DIRECTION('',(1.,0.,-0.));
#3115 = DIRECTION('',(0.,0.,1.));
#3116 = ORIENTED_EDGE('',*,*,#3117,.T.);
#3117 = EDGE_CURVE('',#3109,#3118,#3120,.T.);
#3118 = VERTEX_POINT('',#3119);
#3119 = CARTESIAN_POINT('',(0.6,0.585,0.));
#3120 = LINE('',#3121,#3122);
#3121 = CARTESIAN_POINT('',(0.6,-0.625,0.));
#3122 = VECTOR('',#3123,1.);
#3123 = DIRECTION('',(0.,1.,0.));
#3124 = ORIENTED_EDGE('',*,*,#3125,.F.);
#3125 = EDGE_CURVE('',#3126,#3118,#3128,.T.);
#3126 = VERTEX_POINT('',#3127);
#3127 = CARTESIAN_POINT('',(0.6,0.625,4.E-02));
#3128 = CIRCLE('',#3129,4.E-02);
#3129 = AXIS2_PLACEMENT_3D('',#3130,#3131,#3132);
#3130 = CARTESIAN_POINT('',(0.6,0.585,4.E-02));
#3131 = DIRECTION('',(-1.,0.,0.));
#3132 = DIRECTION('',(0.,0.,1.));
#3133 = ORIENTED_EDGE('',*,*,#3134,.T.);
#3134 = EDGE_CURVE('',#3126,#3135,#3137,.T.);
#3135 = VERTEX_POINT('',#3136);
#3136 = CARTESIAN_POINT('',(0.6,0.625,1.21));
#3137 = LINE('',#3138,#3139);
#3138 = CARTESIAN_POINT('',(0.6,0.625,0.));
#3139 = VECTOR('',#3140,1.);
#3140 = DIRECTION('',(0.,0.,1.));
#3141 = ORIENTED_EDGE('',*,*,#3142,.T.);
#3142 = EDGE_CURVE('',#3135,#3143,#3145,.T.);
#3143 = VERTEX_POINT('',#3144);
#3144 = CARTESIAN_POINT('',(0.6,0.585,1.25));
#3145 = CIRCLE('',#3146,4.E-02);
#3146 = AXIS2_PLACEMENT_3D('',#3147,#3148,#3149);
#3147 = CARTESIAN_POINT('',(0.6,0.585,1.21));
#3148 = DIRECTION('',(1.,0.,-0.));
#3149 = DIRECTION('',(0.,0.,1.));
#3150 = ORIENTED_EDGE('',*,*,#3151,.F.);
#3151 = EDGE_CURVE('',#3152,#3143,#3154,.T.);
#3152 = VERTEX_POINT('',#3153);
#3153 = CARTESIAN_POINT('',(0.6,-0.585,1.25));
#3154 = LINE('',#3155,#3156);
#3155 = CARTESIAN_POINT('',(0.6,-0.625,1.25));
#3156 = VECTOR('',#3157,1.);
#3157 = DIRECTION('',(0.,1.,0.));
#3158 = ORIENTED_EDGE('',*,*,#3159,.F.);
#3159 = EDGE_CURVE('',#3101,#3152,#3160,.T.);
#3160 = CIRCLE('',#3161,4.E-02);
#3161 = AXIS2_PLACEMENT_3D('',#3162,#3163,#3164);
#3162 = CARTESIAN_POINT('',(0.6,-0.585,1.21));
#3163 = DIRECTION('',(-1.,0.,0.));
#3164 = DIRECTION('',(0.,0.,1.));
#3165 = FACE_BOUND('',#3166,.F.);
#3166 = EDGE_LOOP('',(#3167,#3168,#3169,#3170,#3171,#3172,#3173,#3174));
#3167 = ORIENTED_EDGE('',*,*,#2911,.F.);
#3168 = ORIENTED_EDGE('',*,*,#3081,.T.);
#3169 = ORIENTED_EDGE('',*,*,#3064,.T.);
#3170 = ORIENTED_EDGE('',*,*,#3041,.T.);
#3171 = ORIENTED_EDGE('',*,*,#3016,.F.);
#3172 = ORIENTED_EDGE('',*,*,#2983,.F.);
#3173 = ORIENTED_EDGE('',*,*,#2966,.T.);
#3174 = ORIENTED_EDGE('',*,*,#2936,.F.);
#3175 = PLANE('',#3176);
#3176 = AXIS2_PLACEMENT_3D('',#3177,#3178,#3179);
#3177 = CARTESIAN_POINT('',(0.6,-0.625,0.));
#3178 = DIRECTION('',(1.,0.,0.));
#3179 = DIRECTION('',(0.,0.,1.));
#3180 = ADVANCED_FACE('',(#3181),#3206,.F.);
#3181 = FACE_BOUND('',#3182,.F.);
#3182 = EDGE_LOOP('',(#3183,#3193,#3199,#3200));
#3183 = ORIENTED_EDGE('',*,*,#3184,.F.);
#3184 = EDGE_CURVE('',#3185,#3187,#3189,.T.);
#3185 = VERTEX_POINT('',#3186);
#3186 = CARTESIAN_POINT('',(1.,-0.625,4.E-02));
#3187 = VERTEX_POINT('',#3188);
#3188 = CARTESIAN_POINT('',(1.,-0.625,1.21));
#3189 = LINE('',#3190,#3191);
#3190 = CARTESIAN_POINT('',(1.,-0.625,0.));
#3191 = VECTOR('',#3192,1.);
#3192 = DIRECTION('',(0.,0.,1.));
#3193 = ORIENTED_EDGE('',*,*,#3194,.F.);
#3194 = EDGE_CURVE('',#3099,#3185,#3195,.T.);
#3195 = LINE('',#3196,#3197);
#3196 = CARTESIAN_POINT('',(0.6,-0.625,4.E-02));
#3197 = VECTOR('',#3198,1.);
#3198 = DIRECTION('',(1.,0.,0.));
#3199 = ORIENTED_EDGE('',*,*,#3098,.T.);
#3200 = ORIENTED_EDGE('',*,*,#3201,.T.);
#3201 = EDGE_CURVE('',#3101,#3187,#3202,.T.);
#3202 = LINE('',#3203,#3204);
#3203 = CARTESIAN_POINT('',(0.6,-0.625,1.21));
#3204 = VECTOR('',#3205,1.);
#3205 = DIRECTION('',(1.,0.,0.));
#3206 = PLANE('',#3207);
#3207 = AXIS2_PLACEMENT_3D('',#3208,#3209,#3210);
#3208 = CARTESIAN_POINT('',(0.6,-0.625,0.));
#3209 = DIRECTION('',(0.,1.,0.));
#3210 = DIRECTION('',(0.,-0.,1.));
#3211 = ADVANCED_FACE('',(#3212),#3231,.T.);
#3212 = FACE_BOUND('',#3213,.T.);
#3213 = EDGE_LOOP('',(#3214,#3215,#3223,#3230));
#3214 = ORIENTED_EDGE('',*,*,#3108,.T.);
#3215 = ORIENTED_EDGE('',*,*,#3216,.T.);
#3216 = EDGE_CURVE('',#3109,#3217,#3219,.T.);
#3217 = VERTEX_POINT('',#3218);
#3218 = CARTESIAN_POINT('',(1.,-0.585,0.));
#3219 = LINE('',#3220,#3221);
#3220 = CARTESIAN_POINT('',(0.6,-0.585,0.));
#3221 = VECTOR('',#3222,1.);
#3222 = DIRECTION('',(1.,0.,0.));
#3223 = ORIENTED_EDGE('',*,*,#3224,.F.);
#3224 = EDGE_CURVE('',#3185,#3217,#3225,.T.);
#3225 = CIRCLE('',#3226,4.E-02);
#3226 = AXIS2_PLACEMENT_3D('',#3227,#3228,#3229);
#3227 = CARTESIAN_POINT('',(1.,-0.585,4.E-02));
#3228 = DIRECTION('',(1.,0.,-0.));
#3229 = DIRECTION('',(0.,0.,1.));
#3230 = ORIENTED_EDGE('',*,*,#3194,.F.);
#3231 = CYLINDRICAL_SURFACE('',#3232,4.E-02);
#3232 = AXIS2_PLACEMENT_3D('',#3233,#3234,#3235);
#3233 = CARTESIAN_POINT('',(0.6,-0.585,4.E-02));
#3234 = DIRECTION('',(1.,0.,0.));
#3235 = DIRECTION('',(0.,-1.,0.));
#3236 = ADVANCED_FACE('',(#3237),#3256,.T.);
#3237 = FACE_BOUND('',#3238,.T.);
#3238 = EDGE_LOOP('',(#3239,#3240,#3249,#3255));
#3239 = ORIENTED_EDGE('',*,*,#3201,.T.);
#3240 = ORIENTED_EDGE('',*,*,#3241,.T.);
#3241 = EDGE_CURVE('',#3187,#3242,#3244,.T.);
#3242 = VERTEX_POINT('',#3243);
#3243 = CARTESIAN_POINT('',(1.,-0.585,1.25));
#3244 = CIRCLE('',#3245,4.E-02);
#3245 = AXIS2_PLACEMENT_3D('',#3246,#3247,#3248);
#3246 = CARTESIAN_POINT('',(1.,-0.585,1.21));
#3247 = DIRECTION('',(-1.,0.,0.));
#3248 = DIRECTION('',(0.,0.,1.));
#3249 = ORIENTED_EDGE('',*,*,#3250,.F.);
#3250 = EDGE_CURVE('',#3152,#3242,#3251,.T.);
#3251 = LINE('',#3252,#3253);
#3252 = CARTESIAN_POINT('',(0.6,-0.585,1.25));
#3253 = VECTOR('',#3254,1.);
#3254 = DIRECTION('',(1.,0.,0.));
#3255 = ORIENTED_EDGE('',*,*,#3159,.F.);
#3256 = CYLINDRICAL_SURFACE('',#3257,4.E-02);
#3257 = AXIS2_PLACEMENT_3D('',#3258,#3259,#3260);
#3258 = CARTESIAN_POINT('',(0.6,-0.585,1.21));
#3259 = DIRECTION('',(1.,0.,0.));
#3260 = DIRECTION('',(0.,-1.,0.));
#3261 = ADVANCED_FACE('',(#3262),#3280,.F.);
#3262 = FACE_BOUND('',#3263,.F.);
#3263 = EDGE_LOOP('',(#3264,#3265,#3266,#3274));
#3264 = ORIENTED_EDGE('',*,*,#3117,.F.);
#3265 = ORIENTED_EDGE('',*,*,#3216,.T.);
#3266 = ORIENTED_EDGE('',*,*,#3267,.T.);
#3267 = EDGE_CURVE('',#3217,#3268,#3270,.T.);
#3268 = VERTEX_POINT('',#3269);
#3269 = CARTESIAN_POINT('',(1.,0.585,0.));
#3270 = LINE('',#3271,#3272);
#3271 = CARTESIAN_POINT('',(1.,-0.625,0.));
#3272 = VECTOR('',#3273,1.);
#3273 = DIRECTION('',(0.,1.,0.));
#3274 = ORIENTED_EDGE('',*,*,#3275,.F.);
#3275 = EDGE_CURVE('',#3118,#3268,#3276,.T.);
#3276 = LINE('',#3277,#3278);
#3277 = CARTESIAN_POINT('',(0.6,0.585,0.));
#3278 = VECTOR('',#3279,1.);
#3279 = DIRECTION('',(1.,0.,0.));
#3280 = PLANE('',#3281);
#3281 = AXIS2_PLACEMENT_3D('',#3282,#3283,#3284);
#3282 = CARTESIAN_POINT('',(0.6,-0.625,0.));
#3283 = DIRECTION('',(0.,0.,1.));
#3284 = DIRECTION('',(1.,0.,-0.));
#3285 = ADVANCED_FACE('',(#3286),#3304,.T.);
#3286 = FACE_BOUND('',#3287,.T.);
#3287 = EDGE_LOOP('',(#3288,#3289,#3290,#3298));
#3288 = ORIENTED_EDGE('',*,*,#3151,.F.);
#3289 = ORIENTED_EDGE('',*,*,#3250,.T.);
#3290 = ORIENTED_EDGE('',*,*,#3291,.T.);
#3291 = EDGE_CURVE('',#3242,#3292,#3294,.T.);
#3292 = VERTEX_POINT('',#3293);
#3293 = CARTESIAN_POINT('',(1.,0.585,1.25));
#3294 = LINE('',#3295,#3296);
#3295 = CARTESIAN_POINT('',(1.,-0.625,1.25));
#3296 = VECTOR('',#3297,1.);
#3297 = DIRECTION('',(0.,1.,0.));
#3298 = ORIENTED_EDGE('',*,*,#3299,.F.);
#3299 = EDGE_CURVE('',#3143,#3292,#3300,.T.);
#3300 = LINE('',#3301,#3302);
#3301 = CARTESIAN_POINT('',(0.6,0.585,1.25));
#3302 = VECTOR('',#3303,1.);
#3303 = DIRECTION('',(1.,0.,0.));
#3304 = PLANE('',#3305);
#3305 = AXIS2_PLACEMENT_3D('',#3306,#3307,#3308);
#3306 = CARTESIAN_POINT('',(0.6,-0.625,1.25));
#3307 = DIRECTION('',(0.,0.,1.));
#3308 = DIRECTION('',(1.,0.,-0.));
#3309 = ADVANCED_FACE('',(#3310),#3329,.T.);
#3310 = FACE_BOUND('',#3311,.T.);
#3311 = EDGE_LOOP('',(#3312,#3320,#3327,#3328));
#3312 = ORIENTED_EDGE('',*,*,#3313,.T.);
#3313 = EDGE_CURVE('',#3126,#3314,#3316,.T.);
#3314 = VERTEX_POINT('',#3315);
#3315 = CARTESIAN_POINT('',(1.,0.625,4.E-02));
#3316 = LINE('',#3317,#3318);
#3317 = CARTESIAN_POINT('',(0.6,0.625,4.E-02));
#3318 = VECTOR('',#3319,1.);
#3319 = DIRECTION('',(1.,0.,0.));
#3320 = ORIENTED_EDGE('',*,*,#3321,.T.);
#3321 = EDGE_CURVE('',#3314,#3268,#3322,.T.);
#3322 = CIRCLE('',#3323,4.E-02);
#3323 = AXIS2_PLACEMENT_3D('',#3324,#3325,#3326);
#3324 = CARTESIAN_POINT('',(1.,0.585,4.E-02));
#3325 = DIRECTION('',(-1.,0.,0.));
#3326 = DIRECTION('',(0.,0.,1.));
#3327 = ORIENTED_EDGE('',*,*,#3275,.F.);
#3328 = ORIENTED_EDGE('',*,*,#3125,.F.);
#3329 = CYLINDRICAL_SURFACE('',#3330,4.E-02);
#3330 = AXIS2_PLACEMENT_3D('',#3331,#3332,#3333);
#3331 = CARTESIAN_POINT('',(0.6,0.585,4.E-02));
#3332 = DIRECTION('',(1.,0.,0.));
#3333 = DIRECTION('',(-0.,1.,0.));
#3334 = ADVANCED_FACE('',(#3335),#3354,.T.);
#3335 = FACE_BOUND('',#3336,.T.);
#3336 = EDGE_LOOP('',(#3337,#3338,#3339,#3348));
#3337 = ORIENTED_EDGE('',*,*,#3142,.T.);
#3338 = ORIENTED_EDGE('',*,*,#3299,.T.);
#3339 = ORIENTED_EDGE('',*,*,#3340,.F.);
#3340 = EDGE_CURVE('',#3341,#3292,#3343,.T.);
#3341 = VERTEX_POINT('',#3342);
#3342 = CARTESIAN_POINT('',(1.,0.625,1.21));
#3343 = CIRCLE('',#3344,4.E-02);
#3344 = AXIS2_PLACEMENT_3D('',#3345,#3346,#3347);
#3345 = CARTESIAN_POINT('',(1.,0.585,1.21));
#3346 = DIRECTION('',(1.,0.,-0.));
#3347 = DIRECTION('',(0.,0.,1.));
#3348 = ORIENTED_EDGE('',*,*,#3349,.F.);
#3349 = EDGE_CURVE('',#3135,#3341,#3350,.T.);
#3350 = LINE('',#3351,#3352);
#3351 = CARTESIAN_POINT('',(0.6,0.625,1.21));
#3352 = VECTOR('',#3353,1.);
#3353 = DIRECTION('',(1.,0.,0.));
#3354 = CYLINDRICAL_SURFACE('',#3355,4.E-02);
#3355 = AXIS2_PLACEMENT_3D('',#3356,#3357,#3358);
#3356 = CARTESIAN_POINT('',(0.6,0.585,1.21));
#3357 = DIRECTION('',(1.,0.,0.));
#3358 = DIRECTION('',(-0.,1.,0.));
#3359 = ADVANCED_FACE('',(#3360),#3371,.T.);
#3360 = FACE_BOUND('',#3361,.T.);
#3361 = EDGE_LOOP('',(#3362,#3368,#3369,#3370));
#3362 = ORIENTED_EDGE('',*,*,#3363,.F.);
#3363 = EDGE_CURVE('',#3314,#3341,#3364,.T.);
#3364 = LINE('',#3365,#3366);
#3365 = CARTESIAN_POINT('',(1.,0.625,0.));
#3366 = VECTOR('',#3367,1.);
#3367 = DIRECTION('',(0.,0.,1.));
#3368 = ORIENTED_EDGE('',*,*,#3313,.F.);
#3369 = ORIENTED_EDGE('',*,*,#3134,.T.);
#3370 = ORIENTED_EDGE('',*,*,#3349,.T.);
#3371 = PLANE('',#3372);
#3372 = AXIS2_PLACEMENT_3D('',#3373,#3374,#3375);
#3373 = CARTESIAN_POINT('',(0.6,0.625,0.));
#3374 = DIRECTION('',(0.,1.,0.));
#3375 = DIRECTION('',(0.,-0.,1.));
#3376 = ADVANCED_FACE('',(#3377),#3387,.T.);
#3377 = FACE_BOUND('',#3378,.T.);
#3378 = EDGE_LOOP('',(#3379,#3380,#3381,#3382,#3383,#3384,#3385,#3386));
#3379 = ORIENTED_EDGE('',*,*,#3184,.F.);
#3380 = ORIENTED_EDGE('',*,*,#3224,.T.);
#3381 = ORIENTED_EDGE('',*,*,#3267,.T.);
#3382 = ORIENTED_EDGE('',*,*,#3321,.F.);
#3383 = ORIENTED_EDGE('',*,*,#3363,.T.);
#3384 = ORIENTED_EDGE('',*,*,#3340,.T.);
#3385 = ORIENTED_EDGE('',*,*,#3291,.F.);
#3386 = ORIENTED_EDGE('',*,*,#3241,.F.);
#3387 = PLANE('',#3388);
#3388 = AXIS2_PLACEMENT_3D('',#3389,#3390,#3391);
#3389 = CARTESIAN_POINT('',(1.,-0.625,0.));
#3390 = DIRECTION('',(1.,0.,0.));
#3391 = DIRECTION('',(0.,0.,1.));
#3392 = ( GEOMETRIC_REPRESENTATION_CONTEXT(3) 
GLOBAL_UNCERTAINTY_ASSIGNED_CONTEXT((#3396)) 
GLOBAL_UNIT_ASSIGNED_CONTEXT((#3393,#3394,#3395)) REPRESENTATION_CONTEXT
('Context #1','3D Context with UNIT and UNCERTAINTY') );
#3393 = ( LENGTH_UNIT() NAMED_UNIT(*) SI_UNIT(.MILLI.,.METRE.) );
#3394 = ( NAMED_UNIT(*) PLANE_ANGLE_UNIT() SI_UNIT($,.RADIAN.) );
#3395 = ( NAMED_UNIT(*) SI_UNIT($,.STERADIAN.) SOLID_ANGLE_UNIT() );
#3396 = UNCERTAINTY_MEASURE_WITH_UNIT(LENGTH_MEASURE(1.E-07),#3393,
  'distance_accuracy_value','confusion accuracy');
#3397 = CONTEXT_DEPENDENT_SHAPE_REPRESENTATION(#3398,#3400);
#3398 = ( REPRESENTATION_RELATIONSHIP('','',#2537,#10) 
REPRESENTATION_RELATIONSHIP_WITH_TRANSFORMATION(#3399) 
SHAPE_REPRESENTATION_RELATIONSHIP() );
#3399 = ITEM_DEFINED_TRANSFORMATION('','',#11,#19);
#3400 = PRODUCT_DEFINITION_SHAPE('Placement','Placement of an item',
  #3401);
#3401 = NEXT_ASSEMBLY_USAGE_OCCURRENCE('2','C1','',#5,#2532,$);
#3402 = PRODUCT_RELATED_PRODUCT_CATEGORY('part',$,(#2534));
#3403 = SHAPE_DEFINITION_REPRESENTATION(#3404,#3410);
#3404 = PRODUCT_DEFINITION_SHAPE('','',#3405);
#3405 = PRODUCT_DEFINITION('design','',#3406,#3409);
#3406 = PRODUCT_DEFINITION_FORMATION('','',#3407);
#3407 = PRODUCT('R_0603_1608Metric','R_0603_1608Metric','',(#3408));
#3408 = PRODUCT_CONTEXT('',#2,'mechanical');
#3409 = PRODUCT_DEFINITION_CONTEXT('part definition',#2,'design');
#3410 = ADVANCED_BREP_SHAPE_REPRESENTATION('',(#11,#3411),#4201);
#3411 = MANIFOLD_SOLID_BREP('',#3412);
#3412 = CLOSED_SHELL('',(#3413,#3453,#3536,#3561,#3586,#3653,#3670,#3687
    ,#3736,#3753,#3770,#3819,#3836,#3905,#3936,#3960,#4029,#4053,#4070,
    #4087,#4104,#4121,#4138,#4155,#4172,#4189));
#3413 = ADVANCED_FACE('',(#3414),#3448,.F.);
#3414 = FACE_BOUND('',#3415,.F.);
#3415 = EDGE_LOOP('',(#3416,#3426,#3434,#3442));
#3416 = ORIENTED_EDGE('',*,*,#3417,.F.);
#3417 = EDGE_CURVE('',#3418,#3420,#3422,.T.);
#3418 = VERTEX_POINT('',#3419);
#3419 = CARTESIAN_POINT('',(-0.8,-0.4,4.5E-02));
#3420 = VERTEX_POINT('',#3421);
#3421 = CARTESIAN_POINT('',(-0.8,-0.4,0.405));
#3422 = LINE('',#3423,#3424);
#3423 = CARTESIAN_POINT('',(-0.8,-0.4,0.));
#3424 = VECTOR('',#3425,1.);
#3425 = DIRECTION('',(0.,0.,1.));
#3426 = ORIENTED_EDGE('',*,*,#3427,.T.);
#3427 = EDGE_CURVE('',#3418,#3428,#3430,.T.);
#3428 = VERTEX_POINT('',#3429);
#3429 = CARTESIAN_POINT('',(-0.8,0.4,4.5E-02));
#3430 = LINE('',#3431,#3432);
#3431 = CARTESIAN_POINT('',(-0.8,-0.4,4.5E-02));
#3432 = VECTOR('',#3433,1.);
#3433 = DIRECTION('',(0.,1.,0.));
#3434 = ORIENTED_EDGE('',*,*,#3435,.T.);
#3435 = EDGE_CURVE('',#3428,#3436,#3438,.T.);
#3436 = VERTEX_POINT('',#3437);
#3437 = CARTESIAN_POINT('',(-0.8,0.4,0.405));
#3438 = LINE('',#3439,#3440);
#3439 = CARTESIAN_POINT('',(-0.8,0.4,0.));
#3440 = VECTOR('',#3441,1.);
#3441 = DIRECTION('',(0.,0.,1.));
#3442 = ORIENTED_EDGE('',*,*,#3443,.F.);
#3443 = EDGE_CURVE('',#3420,#3436,#3444,.T.);
#3444 = LINE('',#3445,#3446);
#3445 = CARTESIAN_POINT('',(-0.8,-0.4,0.405));
#3446 = VECTOR('',#3447,1.);
#3447 = DIRECTION('',(0.,1.,0.));
#3448 = PLANE('',#3449);
#3449 = AXIS2_PLACEMENT_3D('',#3450,#3451,#3452);
#3450 = CARTESIAN_POINT('',(-0.8,-0.4,0.));
#3451 = DIRECTION('',(1.,0.,0.));
#3452 = DIRECTION('',(0.,0.,1.));
#3453 = ADVANCED_FACE('',(#3454),#3531,.F.);
#3454 = FACE_BOUND('',#3455,.F.);
#3455 = EDGE_LOOP('',(#3456,#3466,#3473,#3474,#3483,#3491,#3500,#3508,
    #3516,#3524));
#3456 = ORIENTED_EDGE('',*,*,#3457,.F.);
#3457 = EDGE_CURVE('',#3458,#3460,#3462,.T.);
#3458 = VERTEX_POINT('',#3459);
#3459 = CARTESIAN_POINT('',(-0.755,-0.4,-2.775557561563E-17));
#3460 = VERTEX_POINT('',#3461);
#3461 = CARTESIAN_POINT('',(-0.545,-0.4,-2.775557561563E-17));
#3462 = LINE('',#3463,#3464);
#3463 = CARTESIAN_POINT('',(-0.8,-0.4,0.));
#3464 = VECTOR('',#3465,1.);
#3465 = DIRECTION('',(1.,0.,0.));
#3466 = ORIENTED_EDGE('',*,*,#3467,.F.);
#3467 = EDGE_CURVE('',#3418,#3458,#3468,.T.);
#3468 = CIRCLE('',#3469,4.5E-02);
#3469 = AXIS2_PLACEMENT_3D('',#3470,#3471,#3472);
#3470 = CARTESIAN_POINT('',(-0.755,-0.4,4.5E-02));
#3471 = DIRECTION('',(0.,-1.,0.));
#3472 = DIRECTION('',(0.,0.,1.));
#3473 = ORIENTED_EDGE('',*,*,#3417,.T.);
#3474 = ORIENTED_EDGE('',*,*,#3475,.T.);
#3475 = EDGE_CURVE('',#3420,#3476,#3478,.T.);
#3476 = VERTEX_POINT('',#3477);
#3477 = CARTESIAN_POINT('',(-0.755,-0.4,0.45));
#3478 = CIRCLE('',#3479,4.5E-02);
#3479 = AXIS2_PLACEMENT_3D('',#3480,#3481,#3482);
#3480 = CARTESIAN_POINT('',(-0.755,-0.4,0.405));
#3481 = DIRECTION('',(0.,1.,0.));
#3482 = DIRECTION('',(0.,-0.,1.));
#3483 = ORIENTED_EDGE('',*,*,#3484,.T.);
#3484 = EDGE_CURVE('',#3476,#3485,#3487,.T.);
#3485 = VERTEX_POINT('',#3486);
#3486 = CARTESIAN_POINT('',(-0.545,-0.4,0.45));
#3487 = LINE('',#3488,#3489);
#3488 = CARTESIAN_POINT('',(-0.8,-0.4,0.45));
#3489 = VECTOR('',#3490,1.);
#3490 = DIRECTION('',(1.,0.,0.));
#3491 = ORIENTED_EDGE('',*,*,#3492,.F.);
#3492 = EDGE_CURVE('',#3493,#3485,#3495,.T.);
#3493 = VERTEX_POINT('',#3494);
#3494 = CARTESIAN_POINT('',(-0.5,-0.4,0.405));
#3495 = CIRCLE('',#3496,4.5E-02);
#3496 = AXIS2_PLACEMENT_3D('',#3497,#3498,#3499);
#3497 = CARTESIAN_POINT('',(-0.545,-0.4,0.405));
#3498 = DIRECTION('',(0.,-1.,0.));
#3499 = DIRECTION('',(0.,0.,1.));
#3500 = ORIENTED_EDGE('',*,*,#3501,.F.);
#3501 = EDGE_CURVE('',#3502,#3493,#3504,.T.);
#3502 = VERTEX_POINT('',#3503);
#3503 = CARTESIAN_POINT('',(-0.755,-0.4,0.405));
#3504 = LINE('',#3505,#3506);
#3505 = CARTESIAN_POINT('',(-0.755,-0.4,0.405));
#3506 = VECTOR('',#3507,1.);
#3507 = DIRECTION('',(1.,0.,0.));
#3508 = ORIENTED_EDGE('',*,*,#3509,.F.);
#3509 = EDGE_CURVE('',#3510,#3502,#3512,.T.);
#3510 = VERTEX_POINT('',#3511);
#3511 = CARTESIAN_POINT('',(-0.755,-0.4,4.5E-02));
#3512 = LINE('',#3513,#3514);
#3513 = CARTESIAN_POINT('',(-0.755,-0.4,4.5E-02));
#3514 = VECTOR('',#3515,1.);
#3515 = DIRECTION('',(0.,0.,1.));
#3516 = ORIENTED_EDGE('',*,*,#3517,.T.);
#3517 = EDGE_CURVE('',#3510,#3518,#3520,.T.);
#3518 = VERTEX_POINT('',#3519);
#3519 = CARTESIAN_POINT('',(-0.5,-0.4,4.5E-02));
#3520 = LINE('',#3521,#3522);
#3521 = CARTESIAN_POINT('',(-0.755,-0.4,4.5E-02));
#3522 = VECTOR('',#3523,1.);
#3523 = DIRECTION('',(1.,0.,0.));
#3524 = ORIENTED_EDGE('',*,*,#3525,.T.);
#3525 = EDGE_CURVE('',#3518,#3460,#3526,.T.);
#3526 = CIRCLE('',#3527,4.5E-02);
#3527 = AXIS2_PLACEMENT_3D('',#3528,#3529,#3530);
#3528 = CARTESIAN_POINT('',(-0.545,-0.4,4.5E-02));
#3529 = DIRECTION('',(0.,1.,0.));
#3530 = DIRECTION('',(0.,-0.,1.));
#3531 = PLANE('',#3532);
#3532 = AXIS2_PLACEMENT_3D('',#3533,#3534,#3535);
#3533 = CARTESIAN_POINT('',(-0.8,-0.4,0.));
#3534 = DIRECTION('',(0.,1.,0.));
#3535 = DIRECTION('',(0.,-0.,1.));
#3536 = ADVANCED_FACE('',(#3537),#3556,.T.);
#3537 = FACE_BOUND('',#3538,.T.);
#3538 = EDGE_LOOP('',(#3539,#3540,#3549,#3555));
#3539 = ORIENTED_EDGE('',*,*,#3427,.T.);
#3540 = ORIENTED_EDGE('',*,*,#3541,.T.);
#3541 = EDGE_CURVE('',#3428,#3542,#3544,.T.);
#3542 = VERTEX_POINT('',#3543);
#3543 = CARTESIAN_POINT('',(-0.755,0.4,-2.775557561563E-17));
#3544 = CIRCLE('',#3545,4.5E-02);
#3545 = AXIS2_PLACEMENT_3D('',#3546,#3547,#3548);
#3546 = CARTESIAN_POINT('',(-0.755,0.4,4.5E-02));
#3547 = DIRECTION('',(0.,-1.,0.));
#3548 = DIRECTION('',(0.,0.,1.));
#3549 = ORIENTED_EDGE('',*,*,#3550,.F.);
#3550 = EDGE_CURVE('',#3458,#3542,#3551,.T.);
#3551 = LINE('',#3552,#3553);
#3552 = CARTESIAN_POINT('',(-0.755,-0.4,-2.775557561563E-17));
#3553 = VECTOR('',#3554,1.);
#3554 = DIRECTION('',(0.,1.,0.));
#3555 = ORIENTED_EDGE('',*,*,#3467,.F.);
#3556 = CYLINDRICAL_SURFACE('',#3557,4.5E-02);
#3557 = AXIS2_PLACEMENT_3D('',#3558,#3559,#3560);
#3558 = CARTESIAN_POINT('',(-0.755,-0.4,4.5E-02));
#3559 = DIRECTION('',(0.,1.,0.));
#3560 = DIRECTION('',(-1.,0.,0.));
#3561 = ADVANCED_FACE('',(#3562),#3581,.T.);
#3562 = FACE_BOUND('',#3563,.T.);
#3563 = EDGE_LOOP('',(#3564,#3565,#3573,#3580));
#3564 = ORIENTED_EDGE('',*,*,#3475,.T.);
#3565 = ORIENTED_EDGE('',*,*,#3566,.T.);
#3566 = EDGE_CURVE('',#3476,#3567,#3569,.T.);
#3567 = VERTEX_POINT('',#3568);
#3568 = CARTESIAN_POINT('',(-0.755,0.4,0.45));
#3569 = LINE('',#3570,#3571);
#3570 = CARTESIAN_POINT('',(-0.755,-0.4,0.45));
#3571 = VECTOR('',#3572,1.);
#3572 = DIRECTION('',(0.,1.,0.));
#3573 = ORIENTED_EDGE('',*,*,#3574,.F.);
#3574 = EDGE_CURVE('',#3436,#3567,#3575,.T.);
#3575 = CIRCLE('',#3576,4.5E-02);
#3576 = AXIS2_PLACEMENT_3D('',#3577,#3578,#3579);
#3577 = CARTESIAN_POINT('',(-0.755,0.4,0.405));
#3578 = DIRECTION('',(0.,1.,0.));
#3579 = DIRECTION('',(0.,-0.,1.));
#3580 = ORIENTED_EDGE('',*,*,#3443,.F.);
#3581 = CYLINDRICAL_SURFACE('',#3582,4.5E-02);
#3582 = AXIS2_PLACEMENT_3D('',#3583,#3584,#3585);
#3583 = CARTESIAN_POINT('',(-0.755,-0.4,0.405));
#3584 = DIRECTION('',(0.,1.,0.));
#3585 = DIRECTION('',(-1.,0.,0.));
#3586 = ADVANCED_FACE('',(#3587),#3648,.T.);
#3587 = FACE_BOUND('',#3588,.T.);
#3588 = EDGE_LOOP('',(#3589,#3597,#3598,#3599,#3600,#3608,#3617,#3625,
    #3633,#3641));
#3589 = ORIENTED_EDGE('',*,*,#3590,.F.);
#3590 = EDGE_CURVE('',#3542,#3591,#3593,.T.);
#3591 = VERTEX_POINT('',#3592);
#3592 = CARTESIAN_POINT('',(-0.545,0.4,-2.775557561563E-17));
#3593 = LINE('',#3594,#3595);
#3594 = CARTESIAN_POINT('',(-0.8,0.4,0.));
#3595 = VECTOR('',#3596,1.);
#3596 = DIRECTION('',(1.,0.,0.));
#3597 = ORIENTED_EDGE('',*,*,#3541,.F.);
#3598 = ORIENTED_EDGE('',*,*,#3435,.T.);
#3599 = ORIENTED_EDGE('',*,*,#3574,.T.);
#3600 = ORIENTED_EDGE('',*,*,#3601,.T.);
#3601 = EDGE_CURVE('',#3567,#3602,#3604,.T.);
#3602 = VERTEX_POINT('',#3603);
#3603 = CARTESIAN_POINT('',(-0.545,0.4,0.45));
#3604 = LINE('',#3605,#3606);
#3605 = CARTESIAN_POINT('',(-0.8,0.4,0.45));
#3606 = VECTOR('',#3607,1.);
#3607 = DIRECTION('',(1.,0.,0.));
#3608 = ORIENTED_EDGE('',*,*,#3609,.F.);
#3609 = EDGE_CURVE('',#3610,#3602,#3612,.T.);
#3610 = VERTEX_POINT('',#3611);
#3611 = CARTESIAN_POINT('',(-0.5,0.4,0.405));
#3612 = CIRCLE('',#3613,4.5E-02);
#3613 = AXIS2_PLACEMENT_3D('',#3614,#3615,#3616);
#3614 = CARTESIAN_POINT('',(-0.545,0.4,0.405));
#3615 = DIRECTION('',(0.,-1.,0.));
#3616 = DIRECTION('',(0.,0.,1.));
#3617 = ORIENTED_EDGE('',*,*,#3618,.F.);
#3618 = EDGE_CURVE('',#3619,#3610,#3621,.T.);
#3619 = VERTEX_POINT('',#3620);
#3620 = CARTESIAN_POINT('',(-0.755,0.4,0.405));
#3621 = LINE('',#3622,#3623);
#3622 = CARTESIAN_POINT('',(-0.755,0.4,0.405));
#3623 = VECTOR('',#3624,1.);
#3624 = DIRECTION('',(1.,0.,0.));
#3625 = ORIENTED_EDGE('',*,*,#3626,.F.);
#3626 = EDGE_CURVE('',#3627,#3619,#3629,.T.);
#3627 = VERTEX_POINT('',#3628);
#3628 = CARTESIAN_POINT('',(-0.755,0.4,4.5E-02));
#3629 = LINE('',#3630,#3631);
#3630 = CARTESIAN_POINT('',(-0.755,0.4,4.5E-02));
#3631 = VECTOR('',#3632,1.);
#3632 = DIRECTION('',(0.,0.,1.));
#3633 = ORIENTED_EDGE('',*,*,#3634,.T.);
#3634 = EDGE_CURVE('',#3627,#3635,#3637,.T.);
#3635 = VERTEX_POINT('',#3636);
#3636 = CARTESIAN_POINT('',(-0.5,0.4,4.5E-02));
#3637 = LINE('',#3638,#3639);
#3638 = CARTESIAN_POINT('',(-0.755,0.4,4.5E-02));
#3639 = VECTOR('',#3640,1.);
#3640 = DIRECTION('',(1.,0.,0.));
#3641 = ORIENTED_EDGE('',*,*,#3642,.T.);
#3642 = EDGE_CURVE('',#3635,#3591,#3643,.T.);
#3643 = CIRCLE('',#3644,4.5E-02);
#3644 = AXIS2_PLACEMENT_3D('',#3645,#3646,#3647);
#3645 = CARTESIAN_POINT('',(-0.545,0.4,4.5E-02));
#3646 = DIRECTION('',(0.,1.,0.));
#3647 = DIRECTION('',(0.,-0.,1.));
#3648 = PLANE('',#3649);
#3649 = AXIS2_PLACEMENT_3D('',#3650,#3651,#3652);
#3650 = CARTESIAN_POINT('',(-0.8,0.4,0.));
#3651 = DIRECTION('',(0.,1.,0.));
#3652 = DIRECTION('',(0.,-0.,1.));
#3653 = ADVANCED_FACE('',(#3654),#3665,.F.);
#3654 = FACE_BOUND('',#3655,.F.);
#3655 = EDGE_LOOP('',(#3656,#3657,#3658,#3659));
#3656 = ORIENTED_EDGE('',*,*,#3590,.F.);
#3657 = ORIENTED_EDGE('',*,*,#3550,.F.);
#3658 = ORIENTED_EDGE('',*,*,#3457,.T.);
#3659 = ORIENTED_EDGE('',*,*,#3660,.T.);
#3660 = EDGE_CURVE('',#3460,#3591,#3661,.T.);
#3661 = LINE('',#3662,#3663);
#3662 = CARTESIAN_POINT('',(-0.545,-0.4,-2.775557561563E-17));
#3663 = VECTOR('',#3664,1.);
#3664 = DIRECTION('',(0.,1.,0.));
#3665 = PLANE('',#3666);
#3666 = AXIS2_PLACEMENT_3D('',#3667,#3668,#3669);
#3667 = CARTESIAN_POINT('',(-0.8,-0.4,0.));
#3668 = DIRECTION('',(0.,0.,1.));
#3669 = DIRECTION('',(1.,0.,-0.));
#3670 = ADVANCED_FACE('',(#3671),#3682,.T.);
#3671 = FACE_BOUND('',#3672,.T.);
#3672 = EDGE_LOOP('',(#3673,#3674,#3675,#3676));
#3673 = ORIENTED_EDGE('',*,*,#3525,.T.);
#3674 = ORIENTED_EDGE('',*,*,#3660,.T.);
#3675 = ORIENTED_EDGE('',*,*,#3642,.F.);
#3676 = ORIENTED_EDGE('',*,*,#3677,.F.);
#3677 = EDGE_CURVE('',#3518,#3635,#3678,.T.);
#3678 = LINE('',#3679,#3680);
#3679 = CARTESIAN_POINT('',(-0.5,-0.4,4.5E-02));
#3680 = VECTOR('',#3681,1.);
#3681 = DIRECTION('',(0.,1.,0.));
#3682 = CYLINDRICAL_SURFACE('',#3683,4.5E-02);
#3683 = AXIS2_PLACEMENT_3D('',#3684,#3685,#3686);
#3684 = CARTESIAN_POINT('',(-0.545,-0.4,4.5E-02));
#3685 = DIRECTION('',(0.,1.,0.));
#3686 = DIRECTION('',(1.,0.,0.));
#3687 = ADVANCED_FACE('',(#3688),#3731,.F.);
#3688 = FACE_BOUND('',#3689,.F.);
#3689 = EDGE_LOOP('',(#3690,#3691,#3692,#3693,#3701,#3709,#3717,#3725));
#3690 = ORIENTED_EDGE('',*,*,#3517,.F.);
#3691 = ORIENTED_EDGE('',*,*,#3509,.T.);
#3692 = ORIENTED_EDGE('',*,*,#3501,.T.);
#3693 = ORIENTED_EDGE('',*,*,#3694,.T.);
#3694 = EDGE_CURVE('',#3493,#3695,#3697,.T.);
#3695 = VERTEX_POINT('',#3696);
#3696 = CARTESIAN_POINT('',(0.5,-0.4,0.405));
#3697 = LINE('',#3698,#3699);
#3698 = CARTESIAN_POINT('',(-0.5,-0.4,0.405));
#3699 = VECTOR('',#3700,1.);
#3700 = DIRECTION('',(1.,0.,0.));
#3701 = ORIENTED_EDGE('',*,*,#3702,.T.);
#3702 = EDGE_CURVE('',#3695,#3703,#3705,.T.);
#3703 = VERTEX_POINT('',#3704);
#3704 = CARTESIAN_POINT('',(0.755,-0.4,0.405));
#3705 = LINE('',#3706,#3707);
#3706 = CARTESIAN_POINT('',(-0.755,-0.4,0.405));
#3707 = VECTOR('',#3708,1.);
#3708 = DIRECTION('',(1.,0.,0.));
#3709 = ORIENTED_EDGE('',*,*,#3710,.F.);
#3710 = EDGE_CURVE('',#3711,#3703,#3713,.T.);
#3711 = VERTEX_POINT('',#3712);
#3712 = CARTESIAN_POINT('',(0.755,-0.4,4.5E-02));
#3713 = LINE('',#3714,#3715);
#3714 = CARTESIAN_POINT('',(0.755,-0.4,4.5E-02));
#3715 = VECTOR('',#3716,1.);
#3716 = DIRECTION('',(0.,0.,1.));
#3717 = ORIENTED_EDGE('',*,*,#3718,.F.);
#3718 = EDGE_CURVE('',#3719,#3711,#3721,.T.);
#3719 = VERTEX_POINT('',#3720);
#3720 = CARTESIAN_POINT('',(0.5,-0.4,4.5E-02));
#3721 = LINE('',#3722,#3723);
#3722 = CARTESIAN_POINT('',(-0.755,-0.4,4.5E-02));
#3723 = VECTOR('',#3724,1.);
#3724 = DIRECTION('',(1.,0.,0.));
#3725 = ORIENTED_EDGE('',*,*,#3726,.F.);
#3726 = EDGE_CURVE('',#3518,#3719,#3727,.T.);
#3727 = LINE('',#3728,#3729);
#3728 = CARTESIAN_POINT('',(-0.755,-0.4,4.5E-02));
#3729 = VECTOR('',#3730,1.);
#3730 = DIRECTION('',(1.,0.,0.));
#3731 = PLANE('',#3732);
#3732 = AXIS2_PLACEMENT_3D('',#3733,#3734,#3735);
#3733 = CARTESIAN_POINT('',(-0.755,-0.4,4.5E-02));
#3734 = DIRECTION('',(0.,1.,0.));
#3735 = DIRECTION('',(0.,-0.,1.));
#3736 = ADVANCED_FACE('',(#3737),#3748,.T.);
#3737 = FACE_BOUND('',#3738,.T.);
#3738 = EDGE_LOOP('',(#3739,#3740,#3741,#3742));
#3739 = ORIENTED_EDGE('',*,*,#3601,.F.);
#3740 = ORIENTED_EDGE('',*,*,#3566,.F.);
#3741 = ORIENTED_EDGE('',*,*,#3484,.T.);
#3742 = ORIENTED_EDGE('',*,*,#3743,.T.);
#3743 = EDGE_CURVE('',#3485,#3602,#3744,.T.);
#3744 = LINE('',#3745,#3746);
#3745 = CARTESIAN_POINT('',(-0.545,-0.4,0.45));
#3746 = VECTOR('',#3747,1.);
#3747 = DIRECTION('',(0.,1.,0.));
#3748 = PLANE('',#3749);
#3749 = AXIS2_PLACEMENT_3D('',#3750,#3751,#3752);
#3750 = CARTESIAN_POINT('',(-0.8,-0.4,0.45));
#3751 = DIRECTION('',(0.,0.,1.));
#3752 = DIRECTION('',(1.,0.,-0.));
#3753 = ADVANCED_FACE('',(#3754),#3765,.T.);
#3754 = FACE_BOUND('',#3755,.T.);
#3755 = EDGE_LOOP('',(#3756,#3762,#3763,#3764));
#3756 = ORIENTED_EDGE('',*,*,#3757,.T.);
#3757 = EDGE_CURVE('',#3493,#3610,#3758,.T.);
#3758 = LINE('',#3759,#3760);
#3759 = CARTESIAN_POINT('',(-0.5,-0.4,0.405));
#3760 = VECTOR('',#3761,1.);
#3761 = DIRECTION('',(0.,1.,0.));
#3762 = ORIENTED_EDGE('',*,*,#3609,.T.);
#3763 = ORIENTED_EDGE('',*,*,#3743,.F.);
#3764 = ORIENTED_EDGE('',*,*,#3492,.F.);
#3765 = CYLINDRICAL_SURFACE('',#3766,4.5E-02);
#3766 = AXIS2_PLACEMENT_3D('',#3767,#3768,#3769);
#3767 = CARTESIAN_POINT('',(-0.545,-0.4,0.405));
#3768 = DIRECTION('',(0.,1.,0.));
#3769 = DIRECTION('',(1.,0.,0.));
#3770 = ADVANCED_FACE('',(#3771),#3814,.T.);
#3771 = FACE_BOUND('',#3772,.T.);
#3772 = EDGE_LOOP('',(#3773,#3774,#3775,#3776,#3784,#3792,#3800,#3808));
#3773 = ORIENTED_EDGE('',*,*,#3634,.F.);
#3774 = ORIENTED_EDGE('',*,*,#3626,.T.);
#3775 = ORIENTED_EDGE('',*,*,#3618,.T.);
#3776 = ORIENTED_EDGE('',*,*,#3777,.T.);
#3777 = EDGE_CURVE('',#3610,#3778,#3780,.T.);
#3778 = VERTEX_POINT('',#3779);
#3779 = CARTESIAN_POINT('',(0.5,0.4,0.405));
#3780 = LINE('',#3781,#3782);
#3781 = CARTESIAN_POINT('',(-0.5,0.4,0.405));
#3782 = VECTOR('',#3783,1.);
#3783 = DIRECTION('',(1.,0.,0.));
#3784 = ORIENTED_EDGE('',*,*,#3785,.T.);
#3785 = EDGE_CURVE('',#3778,#3786,#3788,.T.);
#3786 = VERTEX_POINT('',#3787);
#3787 = CARTESIAN_POINT('',(0.755,0.4,0.405));
#3788 = LINE('',#3789,#3790);
#3789 = CARTESIAN_POINT('',(-0.755,0.4,0.405));
#3790 = VECTOR('',#3791,1.);
#3791 = DIRECTION('',(1.,0.,0.));
#3792 = ORIENTED_EDGE('',*,*,#3793,.F.);
#3793 = EDGE_CURVE('',#3794,#3786,#3796,.T.);
#3794 = VERTEX_POINT('',#3795);
#3795 = CARTESIAN_POINT('',(0.755,0.4,4.5E-02));
#3796 = LINE('',#3797,#3798);
#3797 = CARTESIAN_POINT('',(0.755,0.4,4.5E-02));
#3798 = VECTOR('',#3799,1.);
#3799 = DIRECTION('',(0.,0.,1.));
#3800 = ORIENTED_EDGE('',*,*,#3801,.F.);
#3801 = EDGE_CURVE('',#3802,#3794,#3804,.T.);
#3802 = VERTEX_POINT('',#3803);
#3803 = CARTESIAN_POINT('',(0.5,0.4,4.5E-02));
#3804 = LINE('',#3805,#3806);
#3805 = CARTESIAN_POINT('',(-0.755,0.4,4.5E-02));
#3806 = VECTOR('',#3807,1.);
#3807 = DIRECTION('',(1.,0.,0.));
#3808 = ORIENTED_EDGE('',*,*,#3809,.F.);
#3809 = EDGE_CURVE('',#3635,#3802,#3810,.T.);
#3810 = LINE('',#3811,#3812);
#3811 = CARTESIAN_POINT('',(-0.755,0.4,4.5E-02));
#3812 = VECTOR('',#3813,1.);
#3813 = DIRECTION('',(1.,0.,0.));
#3814 = PLANE('',#3815);
#3815 = AXIS2_PLACEMENT_3D('',#3816,#3817,#3818);
#3816 = CARTESIAN_POINT('',(-0.755,0.4,4.5E-02));
#3817 = DIRECTION('',(0.,1.,0.));
#3818 = DIRECTION('',(0.,-0.,1.));
#3819 = ADVANCED_FACE('',(#3820),#3831,.F.);
#3820 = FACE_BOUND('',#3821,.F.);
#3821 = EDGE_LOOP('',(#3822,#3823,#3824,#3830));
#3822 = ORIENTED_EDGE('',*,*,#3677,.F.);
#3823 = ORIENTED_EDGE('',*,*,#3726,.T.);
#3824 = ORIENTED_EDGE('',*,*,#3825,.T.);
#3825 = EDGE_CURVE('',#3719,#3802,#3826,.T.);
#3826 = LINE('',#3827,#3828);
#3827 = CARTESIAN_POINT('',(0.5,-0.4,4.5E-02));
#3828 = VECTOR('',#3829,1.);
#3829 = DIRECTION('',(0.,1.,0.));
#3830 = ORIENTED_EDGE('',*,*,#3809,.F.);
#3831 = PLANE('',#3832);
#3832 = AXIS2_PLACEMENT_3D('',#3833,#3834,#3835);
#3833 = CARTESIAN_POINT('',(-0.755,-0.4,4.5E-02));
#3834 = DIRECTION('',(0.,0.,1.));
#3835 = DIRECTION('',(1.,0.,-0.));
#3836 = ADVANCED_FACE('',(#3837),#3900,.F.);
#3837 = FACE_BOUND('',#3838,.F.);
#3838 = EDGE_LOOP('',(#3839,#3849,#3856,#3857,#3858,#3859,#3868,#3876,
    #3885,#3893));
#3839 = ORIENTED_EDGE('',*,*,#3840,.F.);
#3840 = EDGE_CURVE('',#3841,#3843,#3845,.T.);
#3841 = VERTEX_POINT('',#3842);
#3842 = CARTESIAN_POINT('',(0.545,-0.4,-2.775557561563E-17));
#3843 = VERTEX_POINT('',#3844);
#3844 = CARTESIAN_POINT('',(0.755,-0.4,-2.775557561563E-17));
#3845 = LINE('',#3846,#3847);
#3846 = CARTESIAN_POINT('',(0.5,-0.4,0.));
#3847 = VECTOR('',#3848,1.);
#3848 = DIRECTION('',(1.,0.,0.));
#3849 = ORIENTED_EDGE('',*,*,#3850,.F.);
#3850 = EDGE_CURVE('',#3719,#3841,#3851,.T.);
#3851 = CIRCLE('',#3852,4.5E-02);
#3852 = AXIS2_PLACEMENT_3D('',#3853,#3854,#3855);
#3853 = CARTESIAN_POINT('',(0.545,-0.4,4.5E-02));
#3854 = DIRECTION('',(0.,-1.,0.));
#3855 = DIRECTION('',(0.,0.,1.));
#3856 = ORIENTED_EDGE('',*,*,#3718,.T.);
#3857 = ORIENTED_EDGE('',*,*,#3710,.T.);
#3858 = ORIENTED_EDGE('',*,*,#3702,.F.);
#3859 = ORIENTED_EDGE('',*,*,#3860,.T.);
#3860 = EDGE_CURVE('',#3695,#3861,#3863,.T.);
#3861 = VERTEX_POINT('',#3862);
#3862 = CARTESIAN_POINT('',(0.545,-0.4,0.45));
#3863 = CIRCLE('',#3864,4.5E-02);
#3864 = AXIS2_PLACEMENT_3D('',#3865,#3866,#3867);
#3865 = CARTESIAN_POINT('',(0.545,-0.4,0.405));
#3866 = DIRECTION('',(0.,1.,0.));
#3867 = DIRECTION('',(0.,-0.,1.));
#3868 = ORIENTED_EDGE('',*,*,#3869,.T.);
#3869 = EDGE_CURVE('',#3861,#3870,#3872,.T.);
#3870 = VERTEX_POINT('',#3871);
#3871 = CARTESIAN_POINT('',(0.755,-0.4,0.45));
#3872 = LINE('',#3873,#3874);
#3873 = CARTESIAN_POINT('',(0.5,-0.4,0.45));
#3874 = VECTOR('',#3875,1.);
#3875 = DIRECTION('',(1.,0.,0.));
#3876 = ORIENTED_EDGE('',*,*,#3877,.F.);
#3877 = EDGE_CURVE('',#3878,#3870,#3880,.T.);
#3878 = VERTEX_POINT('',#3879);
#3879 = CARTESIAN_POINT('',(0.8,-0.4,0.405));
#3880 = CIRCLE('',#3881,4.5E-02);
#3881 = AXIS2_PLACEMENT_3D('',#3882,#3883,#3884);
#3882 = CARTESIAN_POINT('',(0.755,-0.4,0.405));
#3883 = DIRECTION('',(0.,-1.,0.));
#3884 = DIRECTION('',(0.,0.,1.));
#3885 = ORIENTED_EDGE('',*,*,#3886,.F.);
#3886 = EDGE_CURVE('',#3887,#3878,#3889,.T.);
#3887 = VERTEX_POINT('',#3888);
#3888 = CARTESIAN_POINT('',(0.8,-0.4,4.5E-02));
#3889 = LINE('',#3890,#3891);
#3890 = CARTESIAN_POINT('',(0.8,-0.4,0.));
#3891 = VECTOR('',#3892,1.);
#3892 = DIRECTION('',(0.,0.,1.));
#3893 = ORIENTED_EDGE('',*,*,#3894,.T.);
#3894 = EDGE_CURVE('',#3887,#3843,#3895,.T.);
#3895 = CIRCLE('',#3896,4.5E-02);
#3896 = AXIS2_PLACEMENT_3D('',#3897,#3898,#3899);
#3897 = CARTESIAN_POINT('',(0.755,-0.4,4.5E-02));
#3898 = DIRECTION('',(0.,1.,0.));
#3899 = DIRECTION('',(0.,-0.,1.));
#3900 = PLANE('',#3901);
#3901 = AXIS2_PLACEMENT_3D('',#3902,#3903,#3904);
#3902 = CARTESIAN_POINT('',(0.5,-0.4,0.));
#3903 = DIRECTION('',(0.,1.,0.));
#3904 = DIRECTION('',(0.,-0.,1.));
#3905 = ADVANCED_FACE('',(#3906),#3931,.F.);
#3906 = FACE_BOUND('',#3907,.F.);
#3907 = EDGE_LOOP('',(#3908,#3909,#3917,#3925));
#3908 = ORIENTED_EDGE('',*,*,#3694,.F.);
#3909 = ORIENTED_EDGE('',*,*,#3910,.T.);
#3910 = EDGE_CURVE('',#3493,#3911,#3913,.T.);
#3911 = VERTEX_POINT('',#3912);
#3912 = CARTESIAN_POINT('',(-0.5,-0.4,0.45));
#3913 = LINE('',#3914,#3915);
#3914 = CARTESIAN_POINT('',(-0.5,-0.4,0.405));
#3915 = VECTOR('',#3916,1.);
#3916 = DIRECTION('',(0.,0.,1.));
#3917 = ORIENTED_EDGE('',*,*,#3918,.T.);
#3918 = EDGE_CURVE('',#3911,#3919,#3921,.T.);
#3919 = VERTEX_POINT('',#3920);
#3920 = CARTESIAN_POINT('',(0.5,-0.4,0.45));
#3921 = LINE('',#3922,#3923);
#3922 = CARTESIAN_POINT('',(-0.5,-0.4,0.45));
#3923 = VECTOR('',#3924,1.);
#3924 = DIRECTION('',(1.,0.,0.));
#3925 = ORIENTED_EDGE('',*,*,#3926,.F.);
#3926 = EDGE_CURVE('',#3695,#3919,#3927,.T.);
#3927 = LINE('',#3928,#3929);
#3928 = CARTESIAN_POINT('',(0.5,-0.4,0.405));
#3929 = VECTOR('',#3930,1.);
#3930 = DIRECTION('',(0.,0.,1.));
#3931 = PLANE('',#3932);
#3932 = AXIS2_PLACEMENT_3D('',#3933,#3934,#3935);
#3933 = CARTESIAN_POINT('',(-0.5,-0.4,0.405));
#3934 = DIRECTION('',(0.,1.,0.));
#3935 = DIRECTION('',(0.,-0.,1.));
#3936 = ADVANCED_FACE('',(#3937),#3955,.F.);
#3937 = FACE_BOUND('',#3938,.F.);
#3938 = EDGE_LOOP('',(#3939,#3940,#3941,#3949));
#3939 = ORIENTED_EDGE('',*,*,#3910,.F.);
#3940 = ORIENTED_EDGE('',*,*,#3757,.T.);
#3941 = ORIENTED_EDGE('',*,*,#3942,.T.);
#3942 = EDGE_CURVE('',#3610,#3943,#3945,.T.);
#3943 = VERTEX_POINT('',#3944);
#3944 = CARTESIAN_POINT('',(-0.5,0.4,0.45));
#3945 = LINE('',#3946,#3947);
#3946 = CARTESIAN_POINT('',(-0.5,0.4,0.405));
#3947 = VECTOR('',#3948,1.);
#3948 = DIRECTION('',(0.,0.,1.));
#3949 = ORIENTED_EDGE('',*,*,#3950,.F.);
#3950 = EDGE_CURVE('',#3911,#3943,#3951,.T.);
#3951 = LINE('',#3952,#3953);
#3952 = CARTESIAN_POINT('',(-0.5,-0.4,0.45));
#3953 = VECTOR('',#3954,1.);
#3954 = DIRECTION('',(0.,1.,0.));
#3955 = PLANE('',#3956);
#3956 = AXIS2_PLACEMENT_3D('',#3957,#3958,#3959);
#3957 = CARTESIAN_POINT('',(-0.5,-0.4,0.405));
#3958 = DIRECTION('',(1.,0.,0.));
#3959 = DIRECTION('',(0.,0.,1.));
#3960 = ADVANCED_FACE('',(#3961),#4024,.T.);
#3961 = FACE_BOUND('',#3962,.T.);
#3962 = EDGE_LOOP('',(#3963,#3973,#3980,#3981,#3982,#3983,#3992,#4000,
    #4009,#4017));
#3963 = ORIENTED_EDGE('',*,*,#3964,.F.);
#3964 = EDGE_CURVE('',#3965,#3967,#3969,.T.);
#3965 = VERTEX_POINT('',#3966);
#3966 = CARTESIAN_POINT('',(0.545,0.4,-2.775557561563E-17));
#3967 = VERTEX_POINT('',#3968);
#3968 = CARTESIAN_POINT('',(0.755,0.4,-2.775557561563E-17));
#3969 = LINE('',#3970,#3971);
#3970 = CARTESIAN_POINT('',(0.5,0.4,0.));
#3971 = VECTOR('',#3972,1.);
#3972 = DIRECTION('',(1.,0.,0.));
#3973 = ORIENTED_EDGE('',*,*,#3974,.F.);
#3974 = EDGE_CURVE('',#3802,#3965,#3975,.T.);
#3975 = CIRCLE('',#3976,4.5E-02);
#3976 = AXIS2_PLACEMENT_3D('',#3977,#3978,#3979);
#3977 = CARTESIAN_POINT('',(0.545,0.4,4.5E-02));
#3978 = DIRECTION('',(0.,-1.,0.));
#3979 = DIRECTION('',(0.,0.,1.));
#3980 = ORIENTED_EDGE('',*,*,#3801,.T.);
#3981 = ORIENTED_EDGE('',*,*,#3793,.T.);
#3982 = ORIENTED_EDGE('',*,*,#3785,.F.);
#3983 = ORIENTED_EDGE('',*,*,#3984,.T.);
#3984 = EDGE_CURVE('',#3778,#3985,#3987,.T.);
#3985 = VERTEX_POINT('',#3986);
#3986 = CARTESIAN_POINT('',(0.545,0.4,0.45));
#3987 = CIRCLE('',#3988,4.5E-02);
#3988 = AXIS2_PLACEMENT_3D('',#3989,#3990,#3991);
#3989 = CARTESIAN_POINT('',(0.545,0.4,0.405));
#3990 = DIRECTION('',(0.,1.,0.));
#3991 = DIRECTION('',(0.,-0.,1.));
#3992 = ORIENTED_EDGE('',*,*,#3993,.T.);
#3993 = EDGE_CURVE('',#3985,#3994,#3996,.T.);
#3994 = VERTEX_POINT('',#3995);
#3995 = CARTESIAN_POINT('',(0.755,0.4,0.45));
#3996 = LINE('',#3997,#3998);
#3997 = CARTESIAN_POINT('',(0.5,0.4,0.45));
#3998 = VECTOR('',#3999,1.);
#3999 = DIRECTION('',(1.,0.,0.));
#4000 = ORIENTED_EDGE('',*,*,#4001,.F.);
#4001 = EDGE_CURVE('',#4002,#3994,#4004,.T.);
#4002 = VERTEX_POINT('',#4003);
#4003 = CARTESIAN_POINT('',(0.8,0.4,0.405));
#4004 = CIRCLE('',#4005,4.5E-02);
#4005 = AXIS2_PLACEMENT_3D('',#4006,#4007,#4008);
#4006 = CARTESIAN_POINT('',(0.755,0.4,0.405));
#4007 = DIRECTION('',(0.,-1.,0.));
#4008 = DIRECTION('',(0.,0.,1.));
#4009 = ORIENTED_EDGE('',*,*,#4010,.F.);
#4010 = EDGE_CURVE('',#4011,#4002,#4013,.T.);
#4011 = VERTEX_POINT('',#4012);
#4012 = CARTESIAN_POINT('',(0.8,0.4,4.5E-02));
#4013 = LINE('',#4014,#4015);
#4014 = CARTESIAN_POINT('',(0.8,0.4,0.));
#4015 = VECTOR('',#4016,1.);
#4016 = DIRECTION('',(0.,0.,1.));
#4017 = ORIENTED_EDGE('',*,*,#4018,.T.);
#4018 = EDGE_CURVE('',#4011,#3967,#4019,.T.);
#4019 = CIRCLE('',#4020,4.5E-02);
#4020 = AXIS2_PLACEMENT_3D('',#4021,#4022,#4023);
#4021 = CARTESIAN_POINT('',(0.755,0.4,4.5E-02));
#4022 = DIRECTION('',(0.,1.,0.));
#4023 = DIRECTION('',(0.,-0.,1.));
#4024 = PLANE('',#4025);
#4025 = AXIS2_PLACEMENT_3D('',#4026,#4027,#4028);
#4026 = CARTESIAN_POINT('',(0.5,0.4,0.));
#4027 = DIRECTION('',(0.,1.,0.));
#4028 = DIRECTION('',(0.,-0.,1.));
#4029 = ADVANCED_FACE('',(#4030),#4048,.T.);
#4030 = FACE_BOUND('',#4031,.T.);
#4031 = EDGE_LOOP('',(#4032,#4033,#4034,#4042));
#4032 = ORIENTED_EDGE('',*,*,#3777,.F.);
#4033 = ORIENTED_EDGE('',*,*,#3942,.T.);
#4034 = ORIENTED_EDGE('',*,*,#4035,.T.);
#4035 = EDGE_CURVE('',#3943,#4036,#4038,.T.);
#4036 = VERTEX_POINT('',#4037);
#4037 = CARTESIAN_POINT('',(0.5,0.4,0.45));
#4038 = LINE('',#4039,#4040);
#4039 = CARTESIAN_POINT('',(-0.5,0.4,0.45));
#4040 = VECTOR('',#4041,1.);
#4041 = DIRECTION('',(1.,0.,0.));
#4042 = ORIENTED_EDGE('',*,*,#4043,.F.);
#4043 = EDGE_CURVE('',#3778,#4036,#4044,.T.);
#4044 = LINE('',#4045,#4046);
#4045 = CARTESIAN_POINT('',(0.5,0.4,0.405));
#4046 = VECTOR('',#4047,1.);
#4047 = DIRECTION('',(0.,0.,1.));
#4048 = PLANE('',#4049);
#4049 = AXIS2_PLACEMENT_3D('',#4050,#4051,#4052);
#4050 = CARTESIAN_POINT('',(-0.5,0.4,0.405));
#4051 = DIRECTION('',(0.,1.,0.));
#4052 = DIRECTION('',(0.,-0.,1.));
#4053 = ADVANCED_FACE('',(#4054),#4065,.T.);
#4054 = FACE_BOUND('',#4055,.T.);
#4055 = EDGE_LOOP('',(#4056,#4057,#4058,#4064));
#4056 = ORIENTED_EDGE('',*,*,#3825,.T.);
#4057 = ORIENTED_EDGE('',*,*,#3974,.T.);
#4058 = ORIENTED_EDGE('',*,*,#4059,.F.);
#4059 = EDGE_CURVE('',#3841,#3965,#4060,.T.);
#4060 = LINE('',#4061,#4062);
#4061 = CARTESIAN_POINT('',(0.545,-0.4,-2.775557561563E-17));
#4062 = VECTOR('',#4063,1.);
#4063 = DIRECTION('',(0.,1.,0.));
#4064 = ORIENTED_EDGE('',*,*,#3850,.F.);
#4065 = CYLINDRICAL_SURFACE('',#4066,4.5E-02);
#4066 = AXIS2_PLACEMENT_3D('',#4067,#4068,#4069);
#4067 = CARTESIAN_POINT('',(0.545,-0.4,4.5E-02));
#4068 = DIRECTION('',(0.,1.,0.));
#4069 = DIRECTION('',(-1.,0.,0.));
#4070 = ADVANCED_FACE('',(#4071),#4082,.F.);
#4071 = FACE_BOUND('',#4072,.F.);
#4072 = EDGE_LOOP('',(#4073,#4074,#4075,#4076));
#4073 = ORIENTED_EDGE('',*,*,#3964,.F.);
#4074 = ORIENTED_EDGE('',*,*,#4059,.F.);
#4075 = ORIENTED_EDGE('',*,*,#3840,.T.);
#4076 = ORIENTED_EDGE('',*,*,#4077,.T.);
#4077 = EDGE_CURVE('',#3843,#3967,#4078,.T.);
#4078 = LINE('',#4079,#4080);
#4079 = CARTESIAN_POINT('',(0.755,-0.4,-2.775557561563E-17));
#4080 = VECTOR('',#4081,1.);
#4081 = DIRECTION('',(0.,1.,0.));
#4082 = PLANE('',#4083);
#4083 = AXIS2_PLACEMENT_3D('',#4084,#4085,#4086);
#4084 = CARTESIAN_POINT('',(0.5,-0.4,0.));
#4085 = DIRECTION('',(0.,0.,1.));
#4086 = DIRECTION('',(1.,0.,-0.));
#4087 = ADVANCED_FACE('',(#4088),#4099,.T.);
#4088 = FACE_BOUND('',#4089,.T.);
#4089 = EDGE_LOOP('',(#4090,#4091,#4092,#4093));
#4090 = ORIENTED_EDGE('',*,*,#3894,.T.);
#4091 = ORIENTED_EDGE('',*,*,#4077,.T.);
#4092 = ORIENTED_EDGE('',*,*,#4018,.F.);
#4093 = ORIENTED_EDGE('',*,*,#4094,.F.);
#4094 = EDGE_CURVE('',#3887,#4011,#4095,.T.);
#4095 = LINE('',#4096,#4097);
#4096 = CARTESIAN_POINT('',(0.8,-0.4,4.5E-02));
#4097 = VECTOR('',#4098,1.);
#4098 = DIRECTION('',(0.,1.,0.));
#4099 = CYLINDRICAL_SURFACE('',#4100,4.5E-02);
#4100 = AXIS2_PLACEMENT_3D('',#4101,#4102,#4103);
#4101 = CARTESIAN_POINT('',(0.755,-0.4,4.5E-02));
#4102 = DIRECTION('',(0.,1.,0.));
#4103 = DIRECTION('',(1.,0.,0.));
#4104 = ADVANCED_FACE('',(#4105),#4116,.T.);
#4105 = FACE_BOUND('',#4106,.T.);
#4106 = EDGE_LOOP('',(#4107,#4108,#4109,#4110));
#4107 = ORIENTED_EDGE('',*,*,#3886,.F.);
#4108 = ORIENTED_EDGE('',*,*,#4094,.T.);
#4109 = ORIENTED_EDGE('',*,*,#4010,.T.);
#4110 = ORIENTED_EDGE('',*,*,#4111,.F.);
#4111 = EDGE_CURVE('',#3878,#4002,#4112,.T.);
#4112 = LINE('',#4113,#4114);
#4113 = CARTESIAN_POINT('',(0.8,-0.4,0.405));
#4114 = VECTOR('',#4115,1.);
#4115 = DIRECTION('',(0.,1.,0.));
#4116 = PLANE('',#4117);
#4117 = AXIS2_PLACEMENT_3D('',#4118,#4119,#4120);
#4118 = CARTESIAN_POINT('',(0.8,-0.4,0.));
#4119 = DIRECTION('',(1.,0.,0.));
#4120 = DIRECTION('',(0.,0.,1.));
#4121 = ADVANCED_FACE('',(#4122),#4133,.T.);
#4122 = FACE_BOUND('',#4123,.T.);
#4123 = EDGE_LOOP('',(#4124,#4125,#4126,#4132));
#4124 = ORIENTED_EDGE('',*,*,#4111,.T.);
#4125 = ORIENTED_EDGE('',*,*,#4001,.T.);
#4126 = ORIENTED_EDGE('',*,*,#4127,.F.);
#4127 = EDGE_CURVE('',#3870,#3994,#4128,.T.);
#4128 = LINE('',#4129,#4130);
#4129 = CARTESIAN_POINT('',(0.755,-0.4,0.45));
#4130 = VECTOR('',#4131,1.);
#4131 = DIRECTION('',(0.,1.,0.));
#4132 = ORIENTED_EDGE('',*,*,#3877,.F.);
#4133 = CYLINDRICAL_SURFACE('',#4134,4.5E-02);
#4134 = AXIS2_PLACEMENT_3D('',#4135,#4136,#4137);
#4135 = CARTESIAN_POINT('',(0.755,-0.4,0.405));
#4136 = DIRECTION('',(0.,1.,0.));
#4137 = DIRECTION('',(1.,0.,0.));
#4138 = ADVANCED_FACE('',(#4139),#4150,.T.);
#4139 = FACE_BOUND('',#4140,.T.);
#4140 = EDGE_LOOP('',(#4141,#4142,#4148,#4149));
#4141 = ORIENTED_EDGE('',*,*,#3993,.F.);
#4142 = ORIENTED_EDGE('',*,*,#4143,.F.);
#4143 = EDGE_CURVE('',#3861,#3985,#4144,.T.);
#4144 = LINE('',#4145,#4146);
#4145 = CARTESIAN_POINT('',(0.545,-0.4,0.45));
#4146 = VECTOR('',#4147,1.);
#4147 = DIRECTION('',(0.,1.,0.));
#4148 = ORIENTED_EDGE('',*,*,#3869,.T.);
#4149 = ORIENTED_EDGE('',*,*,#4127,.T.);
#4150 = PLANE('',#4151);
#4151 = AXIS2_PLACEMENT_3D('',#4152,#4153,#4154);
#4152 = CARTESIAN_POINT('',(0.5,-0.4,0.45));
#4153 = DIRECTION('',(0.,0.,1.));
#4154 = DIRECTION('',(1.,0.,-0.));
#4155 = ADVANCED_FACE('',(#4156),#4167,.T.);
#4156 = FACE_BOUND('',#4157,.T.);
#4157 = EDGE_LOOP('',(#4158,#4159,#4160,#4161));
#4158 = ORIENTED_EDGE('',*,*,#3860,.T.);
#4159 = ORIENTED_EDGE('',*,*,#4143,.T.);
#4160 = ORIENTED_EDGE('',*,*,#3984,.F.);
#4161 = ORIENTED_EDGE('',*,*,#4162,.F.);
#4162 = EDGE_CURVE('',#3695,#3778,#4163,.T.);
#4163 = LINE('',#4164,#4165);
#4164 = CARTESIAN_POINT('',(0.5,-0.4,0.405));
#4165 = VECTOR('',#4166,1.);
#4166 = DIRECTION('',(0.,1.,0.));
#4167 = CYLINDRICAL_SURFACE('',#4168,4.5E-02);
#4168 = AXIS2_PLACEMENT_3D('',#4169,#4170,#4171);
#4169 = CARTESIAN_POINT('',(0.545,-0.4,0.405));
#4170 = DIRECTION('',(0.,1.,0.));
#4171 = DIRECTION('',(-1.,0.,0.));
#4172 = ADVANCED_FACE('',(#4173),#4184,.T.);
#4173 = FACE_BOUND('',#4174,.T.);
#4174 = EDGE_LOOP('',(#4175,#4176,#4177,#4178));
#4175 = ORIENTED_EDGE('',*,*,#3926,.F.);
#4176 = ORIENTED_EDGE('',*,*,#4162,.T.);
#4177 = ORIENTED_EDGE('',*,*,#4043,.T.);
#4178 = ORIENTED_EDGE('',*,*,#4179,.F.);
#4179 = EDGE_CURVE('',#3919,#4036,#4180,.T.);
#4180 = LINE('',#4181,#4182);
#4181 = CARTESIAN_POINT('',(0.5,-0.4,0.45));
#4182 = VECTOR('',#4183,1.);
#4183 = DIRECTION('',(0.,1.,0.));
#4184 = PLANE('',#4185);
#4185 = AXIS2_PLACEMENT_3D('',#4186,#4187,#4188);
#4186 = CARTESIAN_POINT('',(0.5,-0.4,0.405));
#4187 = DIRECTION('',(1.,0.,0.));
#4188 = DIRECTION('',(0.,0.,1.));
#4189 = ADVANCED_FACE('',(#4190),#4196,.T.);
#4190 = FACE_BOUND('',#4191,.T.);
#4191 = EDGE_LOOP('',(#4192,#4193,#4194,#4195));
#4192 = ORIENTED_EDGE('',*,*,#3950,.F.);
#4193 = ORIENTED_EDGE('',*,*,#3918,.T.);
#4194 = ORIENTED_EDGE('',*,*,#4179,.T.);
#4195 = ORIENTED_EDGE('',*,*,#4035,.F.);
#4196 = PLANE('',#4197);
#4197 = AXIS2_PLACEMENT_3D('',#4198,#4199,#4200);
#4198 = CARTESIAN_POINT('',(-0.5,-0.4,0.45));
#4199 = DIRECTION('',(0.,0.,1.));
#4200 = DIRECTION('',(1.,0.,-0.));
#4201 = ( GEOMETRIC_REPRESENTATION_CONTEXT(3) 
GLOBAL_UNCERTAINTY_ASSIGNED_CONTEXT((#4205)) 
GLOBAL_UNIT_ASSIGNED_CONTEXT((#4202,#4203,#4204)) REPRESENTATION_CONTEXT
('Context #1','3D Context with UNIT and UNCERTAINTY') );
#4202 = ( LENGTH_UNIT() NAMED_UNIT(*) SI_UNIT(.MILLI.,.METRE.) );
#4203 = ( NAMED_UNIT(*) PLANE_ANGLE_UNIT() SI_UNIT($,.RADIAN.) );
#4204 = ( NAMED_UNIT(*) SI_UNIT($,.STERADIAN.) SOLID_ANGLE_UNIT() );
#4205 = UNCERTAINTY_MEASURE_WITH_UNIT(LENGTH_MEASURE(1.E-07),#4202,
  'distance_accuracy_value','confusion accuracy');
#4206 = CONTEXT_DEPENDENT_SHAPE_REPRESENTATION(#4207,#4209);
#4207 = ( REPRESENTATION_RELATIONSHIP('','',#3410,#10) 
REPRESENTATION_RELATIONSHIP_WITH_TRANSFORMATION(#4208) 
SHAPE_REPRESENTATION_RELATIONSHIP() );
#4208 = ITEM_DEFINED_TRANSFORMATION('','',#11,#23);
#4209 = PRODUCT_DEFINITION_SHAPE('Placement','Placement of an item',
  #4210);
#4210 = NEXT_ASSEMBLY_USAGE_OCCURRENCE('3','R1','',#5,#3405,$);
#4211 = PRODUCT_RELATED_PRODUCT_CATEGORY('part',$,(#3407));
#4212 = CONTEXT_DEPENDENT_SHAPE_REPRESENTATION(#4213,#4215);
#4213 = ( REPRESENTATION_RELATIONSHIP('','',#3410,#10) 
REPRESENTATION_RELATIONSHIP_WITH_TRANSFORMATION(#4214) 
SHAPE_REPRESENTATION_RELATIONSHIP() );
#4214 = ITEM_DEFINED_TRANSFORMATION('','',#11,#27);
#4215 = PRODUCT_DEFINITION_SHAPE('Placement','Placement of an item',
  #4216);
#4216 = NEXT_ASSEMBLY_USAGE_OCCURRENCE('4','R4','',#5,#3405,$);
#4217 = CONTEXT_DEPENDENT_SHAPE_REPRESENTATION(#4218,#4220);
#4218 = ( REPRESENTATION_RELATIONSHIP('','',#3410,#10) 
REPRESENTATION_RELATIONSHIP_WITH_TRANSFORMATION(#4219) 
SHAPE_REPRESENTATION_RELATIONSHIP() );
#4219 = ITEM_DEFINED_TRANSFORMATION('','',#11,#31);
#4220 = PRODUCT_DEFINITION_SHAPE('Placement','Placement of an item',
  #4221);
#4221 = NEXT_ASSEMBLY_USAGE_OCCURRENCE('5','R3','',#5,#3405,$);
#4222 = CONTEXT_DEPENDENT_SHAPE_REPRESENTATION(#4223,#4225);
#4223 = ( REPRESENTATION_RELATIONSHIP('','',#3410,#10) 
REPRESENTATION_RELATIONSHIP_WITH_TRANSFORMATION(#4224) 
SHAPE_REPRESENTATION_RELATIONSHIP() );
#4224 = ITEM_DEFINED_TRANSFORMATION('','',#11,#35);
#4225 = PRODUCT_DEFINITION_SHAPE('Placement','Placement of an item',
  #4226);
#4226 = NEXT_ASSEMBLY_USAGE_OCCURRENCE('6','R2','',#5,#3405,$);
#4227 = SHAPE_DEFINITION_REPRESENTATION(#4228,#4234);
#4228 = PRODUCT_DEFINITION_SHAPE('','',#4229);
#4229 = PRODUCT_DEFINITION('design','',#4230,#4233);
#4230 = PRODUCT_DEFINITION_FORMATION('','',#4231);
#4231 = PRODUCT('C_0603_1608Metric','C_0603_1608Metric','',(#4232));
#4232 = PRODUCT_CONTEXT('',#2,'mechanical');
#4233 = PRODUCT_DEFINITION_CONTEXT('part definition',#2,'design');
#4234 = ADVANCED_BREP_SHAPE_REPRESENTATION('',(#11,#4235),#5089);
#4235 = MANIFOLD_SOLID_BREP('',#4236);
#4236 = CLOSED_SHELL('',(#4237,#4313,#4344,#4369,#4394,#4418,#4442,#4467
    ,#4492,#4509,#4595,#4627,#4651,#4676,#4700,#4725,#4749,#4774,#4791,
    #4877,#4908,#4933,#4958,#4982,#5006,#5031,#5056,#5073));
#4237 = ADVANCED_FACE('',(#4238),#4308,.F.);
#4238 = FACE_BOUND('',#4239,.F.);
#4239 = EDGE_LOOP('',(#4240,#4250,#4259,#4267,#4276,#4284,#4293,#4301));
#4240 = ORIENTED_EDGE('',*,*,#4241,.F.);
#4241 = EDGE_CURVE('',#4242,#4244,#4246,.T.);
#4242 = VERTEX_POINT('',#4243);
#4243 = CARTESIAN_POINT('',(-0.8,-0.4,3.E-02));
#4244 = VERTEX_POINT('',#4245);
#4245 = CARTESIAN_POINT('',(-0.8,-0.4,0.77));
#4246 = LINE('',#4247,#4248);
#4247 = CARTESIAN_POINT('',(-0.8,-0.4,0.));
#4248 = VECTOR('',#4249,1.);
#4249 = DIRECTION('',(0.,0.,1.));
#4250 = ORIENTED_EDGE('',*,*,#4251,.T.);
#4251 = EDGE_CURVE('',#4242,#4252,#4254,.T.);
#4252 = VERTEX_POINT('',#4253);
#4253 = CARTESIAN_POINT('',(-0.8,-0.37,0.));
#4254 = CIRCLE('',#4255,3.E-02);
#4255 = AXIS2_PLACEMENT_3D('',#4256,#4257,#4258);
#4256 = CARTESIAN_POINT('',(-0.8,-0.37,3.E-02));
#4257 = DIRECTION('',(1.,0.,-0.));
#4258 = DIRECTION('',(0.,0.,1.));
#4259 = ORIENTED_EDGE('',*,*,#4260,.T.);
#4260 = EDGE_CURVE('',#4252,#4261,#4263,.T.);
#4261 = VERTEX_POINT('',#4262);
#4262 = CARTESIAN_POINT('',(-0.8,0.37,0.));
#4263 = LINE('',#4264,#4265);
#4264 = CARTESIAN_POINT('',(-0.8,-0.4,0.));
#4265 = VECTOR('',#4266,1.);
#4266 = DIRECTION('',(0.,1.,0.));
#4267 = ORIENTED_EDGE('',*,*,#4268,.F.);
#4268 = EDGE_CURVE('',#4269,#4261,#4271,.T.);
#4269 = VERTEX_POINT('',#4270);
#4270 = CARTESIAN_POINT('',(-0.8,0.4,3.E-02));
#4271 = CIRCLE('',#4272,3.E-02);
#4272 = AXIS2_PLACEMENT_3D('',#4273,#4274,#4275);
#4273 = CARTESIAN_POINT('',(-0.8,0.37,3.E-02));
#4274 = DIRECTION('',(-1.,0.,0.));
#4275 = DIRECTION('',(0.,0.,1.));
#4276 = ORIENTED_EDGE('',*,*,#4277,.T.);
#4277 = EDGE_CURVE('',#4269,#4278,#4280,.T.);
#4278 = VERTEX_POINT('',#4279);
#4279 = CARTESIAN_POINT('',(-0.8,0.4,0.77));
#4280 = LINE('',#4281,#4282);
#4281 = CARTESIAN_POINT('',(-0.8,0.4,0.));
#4282 = VECTOR('',#4283,1.);
#4283 = DIRECTION('',(0.,0.,1.));
#4284 = ORIENTED_EDGE('',*,*,#4285,.T.);
#4285 = EDGE_CURVE('',#4278,#4286,#4288,.T.);
#4286 = VERTEX_POINT('',#4287);
#4287 = CARTESIAN_POINT('',(-0.8,0.37,0.8));
#4288 = CIRCLE('',#4289,3.E-02);
#4289 = AXIS2_PLACEMENT_3D('',#4290,#4291,#4292);
#4290 = CARTESIAN_POINT('',(-0.8,0.37,0.77));
#4291 = DIRECTION('',(1.,0.,-0.));
#4292 = DIRECTION('',(0.,0.,1.));
#4293 = ORIENTED_EDGE('',*,*,#4294,.F.);
#4294 = EDGE_CURVE('',#4295,#4286,#4297,.T.);
#4295 = VERTEX_POINT('',#4296);
#4296 = CARTESIAN_POINT('',(-0.8,-0.37,0.8));
#4297 = LINE('',#4298,#4299);
#4298 = CARTESIAN_POINT('',(-0.8,-0.4,0.8));
#4299 = VECTOR('',#4300,1.);
#4300 = DIRECTION('',(0.,1.,0.));
#4301 = ORIENTED_EDGE('',*,*,#4302,.F.);
#4302 = EDGE_CURVE('',#4244,#4295,#4303,.T.);
#4303 = CIRCLE('',#4304,3.E-02);
#4304 = AXIS2_PLACEMENT_3D('',#4305,#4306,#4307);
#4305 = CARTESIAN_POINT('',(-0.8,-0.37,0.77));
#4306 = DIRECTION('',(-1.,0.,0.));
#4307 = DIRECTION('',(0.,0.,1.));
#4308 = PLANE('',#4309);
#4309 = AXIS2_PLACEMENT_3D('',#4310,#4311,#4312);
#4310 = CARTESIAN_POINT('',(-0.8,-0.4,0.));
#4311 = DIRECTION('',(1.,0.,0.));
#4312 = DIRECTION('',(0.,0.,1.));
#4313 = ADVANCED_FACE('',(#4314),#4339,.F.);
#4314 = FACE_BOUND('',#4315,.F.);
#4315 = EDGE_LOOP('',(#4316,#4326,#4332,#4333));
#4316 = ORIENTED_EDGE('',*,*,#4317,.F.);
#4317 = EDGE_CURVE('',#4318,#4320,#4322,.T.);
#4318 = VERTEX_POINT('',#4319);
#4319 = CARTESIAN_POINT('',(-0.5,-0.4,3.E-02));
#4320 = VERTEX_POINT('',#4321);
#4321 = CARTESIAN_POINT('',(-0.5,-0.4,0.77));
#4322 = LINE('',#4323,#4324);
#4323 = CARTESIAN_POINT('',(-0.5,-0.4,0.));
#4324 = VECTOR('',#4325,1.);
#4325 = DIRECTION('',(0.,0.,1.));
#4326 = ORIENTED_EDGE('',*,*,#4327,.F.);
#4327 = EDGE_CURVE('',#4242,#4318,#4328,.T.);
#4328 = LINE('',#4329,#4330);
#4329 = CARTESIAN_POINT('',(-0.8,-0.4,3.E-02));
#4330 = VECTOR('',#4331,1.);
#4331 = DIRECTION('',(1.,0.,0.));
#4332 = ORIENTED_EDGE('',*,*,#4241,.T.);
#4333 = ORIENTED_EDGE('',*,*,#4334,.T.);
#4334 = EDGE_CURVE('',#4244,#4320,#4335,.T.);
#4335 = LINE('',#4336,#4337);
#4336 = CARTESIAN_POINT('',(-0.8,-0.4,0.77));
#4337 = VECTOR('',#4338,1.);
#4338 = DIRECTION('',(1.,0.,0.));
#4339 = PLANE('',#4340);
#4340 = AXIS2_PLACEMENT_3D('',#4341,#4342,#4343);
#4341 = CARTESIAN_POINT('',(-0.8,-0.4,0.));
#4342 = DIRECTION('',(0.,1.,0.));
#4343 = DIRECTION('',(0.,-0.,1.));
#4344 = ADVANCED_FACE('',(#4345),#4364,.T.);
#4345 = FACE_BOUND('',#4346,.T.);
#4346 = EDGE_LOOP('',(#4347,#4348,#4356,#4363));
#4347 = ORIENTED_EDGE('',*,*,#4251,.T.);
#4348 = ORIENTED_EDGE('',*,*,#4349,.T.);
#4349 = EDGE_CURVE('',#4252,#4350,#4352,.T.);
#4350 = VERTEX_POINT('',#4351);
#4351 = CARTESIAN_POINT('',(-0.5,-0.37,0.));
#4352 = LINE('',#4353,#4354);
#4353 = CARTESIAN_POINT('',(-0.8,-0.37,0.));
#4354 = VECTOR('',#4355,1.);
#4355 = DIRECTION('',(1.,0.,0.));
#4356 = ORIENTED_EDGE('',*,*,#4357,.F.);
#4357 = EDGE_CURVE('',#4318,#4350,#4358,.T.);
#4358 = CIRCLE('',#4359,3.E-02);
#4359 = AXIS2_PLACEMENT_3D('',#4360,#4361,#4362);
#4360 = CARTESIAN_POINT('',(-0.5,-0.37,3.E-02));
#4361 = DIRECTION('',(1.,0.,-0.));
#4362 = DIRECTION('',(0.,0.,1.));
#4363 = ORIENTED_EDGE('',*,*,#4327,.F.);
#4364 = CYLINDRICAL_SURFACE('',#4365,3.E-02);
#4365 = AXIS2_PLACEMENT_3D('',#4366,#4367,#4368);
#4366 = CARTESIAN_POINT('',(-0.8,-0.37,3.E-02));
#4367 = DIRECTION('',(1.,0.,0.));
#4368 = DIRECTION('',(0.,-1.,0.));
#4369 = ADVANCED_FACE('',(#4370),#4389,.T.);
#4370 = FACE_BOUND('',#4371,.T.);
#4371 = EDGE_LOOP('',(#4372,#4373,#4382,#4388));
#4372 = ORIENTED_EDGE('',*,*,#4334,.T.);
#4373 = ORIENTED_EDGE('',*,*,#4374,.T.);
#4374 = EDGE_CURVE('',#4320,#4375,#4377,.T.);
#4375 = VERTEX_POINT('',#4376);
#4376 = CARTESIAN_POINT('',(-0.5,-0.37,0.8));
#4377 = CIRCLE('',#4378,3.E-02);
#4378 = AXIS2_PLACEMENT_3D('',#4379,#4380,#4381);
#4379 = CARTESIAN_POINT('',(-0.5,-0.37,0.77));
#4380 = DIRECTION('',(-1.,0.,0.));
#4381 = DIRECTION('',(0.,0.,1.));
#4382 = ORIENTED_EDGE('',*,*,#4383,.F.);
#4383 = EDGE_CURVE('',#4295,#4375,#4384,.T.);
#4384 = LINE('',#4385,#4386);
#4385 = CARTESIAN_POINT('',(-0.8,-0.37,0.8));
#4386 = VECTOR('',#4387,1.);
#4387 = DIRECTION('',(1.,0.,0.));
#4388 = ORIENTED_EDGE('',*,*,#4302,.F.);
#4389 = CYLINDRICAL_SURFACE('',#4390,3.E-02);
#4390 = AXIS2_PLACEMENT_3D('',#4391,#4392,#4393);
#4391 = CARTESIAN_POINT('',(-0.8,-0.37,0.77));
#4392 = DIRECTION('',(1.,0.,0.));
#4393 = DIRECTION('',(0.,-1.,0.));
#4394 = ADVANCED_FACE('',(#4395),#4413,.F.);
#4395 = FACE_BOUND('',#4396,.F.);
#4396 = EDGE_LOOP('',(#4397,#4398,#4399,#4407));
#4397 = ORIENTED_EDGE('',*,*,#4260,.F.);
#4398 = ORIENTED_EDGE('',*,*,#4349,.T.);
#4399 = ORIENTED_EDGE('',*,*,#4400,.T.);
#4400 = EDGE_CURVE('',#4350,#4401,#4403,.T.);
#4401 = VERTEX_POINT('',#4402);
#4402 = CARTESIAN_POINT('',(-0.5,0.37,0.));
#4403 = LINE('',#4404,#4405);
#4404 = CARTESIAN_POINT('',(-0.5,-0.4,0.));
#4405 = VECTOR('',#4406,1.);
#4406 = DIRECTION('',(0.,1.,0.));
#4407 = ORIENTED_EDGE('',*,*,#4408,.F.);
#4408 = EDGE_CURVE('',#4261,#4401,#4409,.T.);
#4409 = LINE('',#4410,#4411);
#4410 = CARTESIAN_POINT('',(-0.8,0.37,0.));
#4411 = VECTOR('',#4412,1.);
#4412 = DIRECTION('',(1.,0.,0.));
#4413 = PLANE('',#4414);
#4414 = AXIS2_PLACEMENT_3D('',#4415,#4416,#4417);
#4415 = CARTESIAN_POINT('',(-0.8,-0.4,0.));
#4416 = DIRECTION('',(0.,0.,1.));
#4417 = DIRECTION('',(1.,0.,-0.));
#4418 = ADVANCED_FACE('',(#4419),#4437,.T.);
#4419 = FACE_BOUND('',#4420,.T.);
#4420 = EDGE_LOOP('',(#4421,#4422,#4423,#4431));
#4421 = ORIENTED_EDGE('',*,*,#4294,.F.);
#4422 = ORIENTED_EDGE('',*,*,#4383,.T.);
#4423 = ORIENTED_EDGE('',*,*,#4424,.T.);
#4424 = EDGE_CURVE('',#4375,#4425,#4427,.T.);
#4425 = VERTEX_POINT('',#4426);
#4426 = CARTESIAN_POINT('',(-0.5,0.37,0.8));
#4427 = LINE('',#4428,#4429);
#4428 = CARTESIAN_POINT('',(-0.5,-0.4,0.8));
#4429 = VECTOR('',#4430,1.);
#4430 = DIRECTION('',(0.,1.,0.));
#4431 = ORIENTED_EDGE('',*,*,#4432,.F.);
#4432 = EDGE_CURVE('',#4286,#4425,#4433,.T.);
#4433 = LINE('',#4434,#4435);
#4434 = CARTESIAN_POINT('',(-0.8,0.37,0.8));
#4435 = VECTOR('',#4436,1.);
#4436 = DIRECTION('',(1.,0.,0.));
#4437 = PLANE('',#4438);
#4438 = AXIS2_PLACEMENT_3D('',#4439,#4440,#4441);
#4439 = CARTESIAN_POINT('',(-0.8,-0.4,0.8));
#4440 = DIRECTION('',(0.,0.,1.));
#4441 = DIRECTION('',(1.,0.,-0.));
#4442 = ADVANCED_FACE('',(#4443),#4462,.T.);
#4443 = FACE_BOUND('',#4444,.T.);
#4444 = EDGE_LOOP('',(#4445,#4453,#4460,#4461));
#4445 = ORIENTED_EDGE('',*,*,#4446,.T.);
#4446 = EDGE_CURVE('',#4269,#4447,#4449,.T.);
#4447 = VERTEX_POINT('',#4448);
#4448 = CARTESIAN_POINT('',(-0.5,0.4,3.E-02));
#4449 = LINE('',#4450,#4451);
#4450 = CARTESIAN_POINT('',(-0.8,0.4,3.E-02));
#4451 = VECTOR('',#4452,1.);
#4452 = DIRECTION('',(1.,0.,0.));
#4453 = ORIENTED_EDGE('',*,*,#4454,.T.);
#4454 = EDGE_CURVE('',#4447,#4401,#4455,.T.);
#4455 = CIRCLE('',#4456,3.E-02);
#4456 = AXIS2_PLACEMENT_3D('',#4457,#4458,#4459);
#4457 = CARTESIAN_POINT('',(-0.5,0.37,3.E-02));
#4458 = DIRECTION('',(-1.,0.,0.));
#4459 = DIRECTION('',(0.,0.,1.));
#4460 = ORIENTED_EDGE('',*,*,#4408,.F.);
#4461 = ORIENTED_EDGE('',*,*,#4268,.F.);
#4462 = CYLINDRICAL_SURFACE('',#4463,3.E-02);
#4463 = AXIS2_PLACEMENT_3D('',#4464,#4465,#4466);
#4464 = CARTESIAN_POINT('',(-0.8,0.37,3.E-02));
#4465 = DIRECTION('',(1.,0.,0.));
#4466 = DIRECTION('',(-0.,1.,0.));
#4467 = ADVANCED_FACE('',(#4468),#4487,.T.);
#4468 = FACE_BOUND('',#4469,.T.);
#4469 = EDGE_LOOP('',(#4470,#4471,#4472,#4481));
#4470 = ORIENTED_EDGE('',*,*,#4285,.T.);
#4471 = ORIENTED_EDGE('',*,*,#4432,.T.);
#4472 = ORIENTED_EDGE('',*,*,#4473,.F.);
#4473 = EDGE_CURVE('',#4474,#4425,#4476,.T.);
#4474 = VERTEX_POINT('',#4475);
#4475 = CARTESIAN_POINT('',(-0.5,0.4,0.77));
#4476 = CIRCLE('',#4477,3.E-02);
#4477 = AXIS2_PLACEMENT_3D('',#4478,#4479,#4480);
#4478 = CARTESIAN_POINT('',(-0.5,0.37,0.77));
#4479 = DIRECTION('',(1.,0.,-0.));
#4480 = DIRECTION('',(0.,0.,1.));
#4481 = ORIENTED_EDGE('',*,*,#4482,.F.);
#4482 = EDGE_CURVE('',#4278,#4474,#4483,.T.);
#4483 = LINE('',#4484,#4485);
#4484 = CARTESIAN_POINT('',(-0.8,0.4,0.77));
#4485 = VECTOR('',#4486,1.);
#4486 = DIRECTION('',(1.,0.,0.));
#4487 = CYLINDRICAL_SURFACE('',#4488,3.E-02);
#4488 = AXIS2_PLACEMENT_3D('',#4489,#4490,#4491);
#4489 = CARTESIAN_POINT('',(-0.8,0.37,0.77));
#4490 = DIRECTION('',(1.,0.,0.));
#4491 = DIRECTION('',(-0.,1.,0.));
#4492 = ADVANCED_FACE('',(#4493),#4504,.T.);
#4493 = FACE_BOUND('',#4494,.T.);
#4494 = EDGE_LOOP('',(#4495,#4501,#4502,#4503));
#4495 = ORIENTED_EDGE('',*,*,#4496,.F.);
#4496 = EDGE_CURVE('',#4447,#4474,#4497,.T.);
#4497 = LINE('',#4498,#4499);
#4498 = CARTESIAN_POINT('',(-0.5,0.4,0.));
#4499 = VECTOR('',#4500,1.);
#4500 = DIRECTION('',(0.,0.,1.));
#4501 = ORIENTED_EDGE('',*,*,#4446,.F.);
#4502 = ORIENTED_EDGE('',*,*,#4277,.T.);
#4503 = ORIENTED_EDGE('',*,*,#4482,.T.);
#4504 = PLANE('',#4505);
#4505 = AXIS2_PLACEMENT_3D('',#4506,#4507,#4508);
#4506 = CARTESIAN_POINT('',(-0.8,0.4,0.));
#4507 = DIRECTION('',(0.,1.,0.));
#4508 = DIRECTION('',(0.,-0.,1.));
#4509 = ADVANCED_FACE('',(#4510,#4520),#4590,.T.);
#4510 = FACE_BOUND('',#4511,.T.);
#4511 = EDGE_LOOP('',(#4512,#4513,#4514,#4515,#4516,#4517,#4518,#4519));
#4512 = ORIENTED_EDGE('',*,*,#4317,.F.);
#4513 = ORIENTED_EDGE('',*,*,#4357,.T.);
#4514 = ORIENTED_EDGE('',*,*,#4400,.T.);
#4515 = ORIENTED_EDGE('',*,*,#4454,.F.);
#4516 = ORIENTED_EDGE('',*,*,#4496,.T.);
#4517 = ORIENTED_EDGE('',*,*,#4473,.T.);
#4518 = ORIENTED_EDGE('',*,*,#4424,.F.);
#4519 = ORIENTED_EDGE('',*,*,#4374,.F.);
#4520 = FACE_BOUND('',#4521,.T.);
#4521 = EDGE_LOOP('',(#4522,#4533,#4541,#4550,#4558,#4567,#4575,#4584));
#4522 = ORIENTED_EDGE('',*,*,#4523,.F.);
#4523 = EDGE_CURVE('',#4524,#4526,#4528,.T.);
#4524 = VERTEX_POINT('',#4525);
#4525 = CARTESIAN_POINT('',(-0.5,-0.37,6.E-02));
#4526 = VERTEX_POINT('',#4527);
#4527 = CARTESIAN_POINT('',(-0.5,-0.34,3.E-02));
#4528 = CIRCLE('',#4529,3.E-02);
#4529 = AXIS2_PLACEMENT_3D('',#4530,#4531,#4532);
#4530 = CARTESIAN_POINT('',(-0.5,-0.34,6.E-02));
#4531 = DIRECTION('',(1.,0.,-0.));
#4532 = DIRECTION('',(0.,0.,1.));
#4533 = ORIENTED_EDGE('',*,*,#4534,.T.);
#4534 = EDGE_CURVE('',#4524,#4535,#4537,.T.);
#4535 = VERTEX_POINT('',#4536);
#4536 = CARTESIAN_POINT('',(-0.5,-0.37,0.74));
#4537 = LINE('',#4538,#4539);
#4538 = CARTESIAN_POINT('',(-0.5,-0.37,3.E-02));
#4539 = VECTOR('',#4540,1.);
#4540 = DIRECTION('',(0.,0.,1.));
#4541 = ORIENTED_EDGE('',*,*,#4542,.T.);
#4542 = EDGE_CURVE('',#4535,#4543,#4545,.T.);
#4543 = VERTEX_POINT('',#4544);
#4544 = CARTESIAN_POINT('',(-0.5,-0.34,0.77));
#4545 = CIRCLE('',#4546,3.E-02);
#4546 = AXIS2_PLACEMENT_3D('',#4547,#4548,#4549);
#4547 = CARTESIAN_POINT('',(-0.5,-0.34,0.74));
#4548 = DIRECTION('',(-1.,0.,0.));
#4549 = DIRECTION('',(0.,0.,1.));
#4550 = ORIENTED_EDGE('',*,*,#4551,.T.);
#4551 = EDGE_CURVE('',#4543,#4552,#4554,.T.);
#4552 = VERTEX_POINT('',#4553);
#4553 = CARTESIAN_POINT('',(-0.5,0.34,0.77));
#4554 = LINE('',#4555,#4556);
#4555 = CARTESIAN_POINT('',(-0.5,-0.37,0.77));
#4556 = VECTOR('',#4557,1.);
#4557 = DIRECTION('',(0.,1.,0.));
#4558 = ORIENTED_EDGE('',*,*,#4559,.F.);
#4559 = EDGE_CURVE('',#4560,#4552,#4562,.T.);
#4560 = VERTEX_POINT('',#4561);
#4561 = CARTESIAN_POINT('',(-0.5,0.37,0.74));
#4562 = CIRCLE('',#4563,3.E-02);
#4563 = AXIS2_PLACEMENT_3D('',#4564,#4565,#4566);
#4564 = CARTESIAN_POINT('',(-0.5,0.34,0.74));
#4565 = DIRECTION('',(1.,0.,-0.));
#4566 = DIRECTION('',(0.,0.,1.));
#4567 = ORIENTED_EDGE('',*,*,#4568,.F.);
#4568 = EDGE_CURVE('',#4569,#4560,#4571,.T.);
#4569 = VERTEX_POINT('',#4570);
#4570 = CARTESIAN_POINT('',(-0.5,0.37,6.E-02));
#4571 = LINE('',#4572,#4573);
#4572 = CARTESIAN_POINT('',(-0.5,0.37,3.E-02));
#4573 = VECTOR('',#4574,1.);
#4574 = DIRECTION('',(0.,0.,1.));
#4575 = ORIENTED_EDGE('',*,*,#4576,.T.);
#4576 = EDGE_CURVE('',#4569,#4577,#4579,.T.);
#4577 = VERTEX_POINT('',#4578);
#4578 = CARTESIAN_POINT('',(-0.5,0.34,3.E-02));
#4579 = CIRCLE('',#4580,3.E-02);
#4580 = AXIS2_PLACEMENT_3D('',#4581,#4582,#4583);
#4581 = CARTESIAN_POINT('',(-0.5,0.34,6.E-02));
#4582 = DIRECTION('',(-1.,0.,0.));
#4583 = DIRECTION('',(0.,0.,1.));
#4584 = ORIENTED_EDGE('',*,*,#4585,.F.);
#4585 = EDGE_CURVE('',#4526,#4577,#4586,.T.);
#4586 = LINE('',#4587,#4588);
#4587 = CARTESIAN_POINT('',(-0.5,-0.37,3.E-02));
#4588 = VECTOR('',#4589,1.);
#4589 = DIRECTION('',(0.,1.,0.));
#4590 = PLANE('',#4591);
#4591 = AXIS2_PLACEMENT_3D('',#4592,#4593,#4594);
#4592 = CARTESIAN_POINT('',(-0.5,-0.4,0.));
#4593 = DIRECTION('',(1.,0.,0.));
#4594 = DIRECTION('',(0.,0.,1.));
#4595 = ADVANCED_FACE('',(#4596),#4622,.T.);
#4596 = FACE_BOUND('',#4597,.T.);
#4597 = EDGE_LOOP('',(#4598,#4599,#4607,#4616));
#4598 = ORIENTED_EDGE('',*,*,#4523,.T.);
#4599 = ORIENTED_EDGE('',*,*,#4600,.T.);
#4600 = EDGE_CURVE('',#4526,#4601,#4603,.T.);
#4601 = VERTEX_POINT('',#4602);
#4602 = CARTESIAN_POINT('',(0.5,-0.34,3.E-02));
#4603 = LINE('',#4604,#4605);
#4604 = CARTESIAN_POINT('',(-0.5,-0.34,3.E-02));
#4605 = VECTOR('',#4606,1.);
#4606 = DIRECTION('',(1.,0.,0.));
#4607 = ORIENTED_EDGE('',*,*,#4608,.F.);
#4608 = EDGE_CURVE('',#4609,#4601,#4611,.T.);
#4609 = VERTEX_POINT('',#4610);
#4610 = CARTESIAN_POINT('',(0.5,-0.37,6.E-02));
#4611 = CIRCLE('',#4612,3.E-02);
#4612 = AXIS2_PLACEMENT_3D('',#4613,#4614,#4615);
#4613 = CARTESIAN_POINT('',(0.5,-0.34,6.E-02));
#4614 = DIRECTION('',(1.,0.,-0.));
#4615 = DIRECTION('',(0.,0.,1.));
#4616 = ORIENTED_EDGE('',*,*,#4617,.F.);
#4617 = EDGE_CURVE('',#4524,#4609,#4618,.T.);
#4618 = LINE('',#4619,#4620);
#4619 = CARTESIAN_POINT('',(-0.5,-0.37,6.E-02));
#4620 = VECTOR('',#4621,1.);
#4621 = DIRECTION('',(1.,0.,0.));
#4622 = CYLINDRICAL_SURFACE('',#4623,3.E-02);
#4623 = AXIS2_PLACEMENT_3D('',#4624,#4625,#4626);
#4624 = CARTESIAN_POINT('',(-0.5,-0.34,6.E-02));
#4625 = DIRECTION('',(1.,0.,0.));
#4626 = DIRECTION('',(0.,-1.,0.));
#4627 = ADVANCED_FACE('',(#4628),#4646,.F.);
#4628 = FACE_BOUND('',#4629,.F.);
#4629 = EDGE_LOOP('',(#4630,#4631,#4632,#4640));
#4630 = ORIENTED_EDGE('',*,*,#4585,.F.);
#4631 = ORIENTED_EDGE('',*,*,#4600,.T.);
#4632 = ORIENTED_EDGE('',*,*,#4633,.T.);
#4633 = EDGE_CURVE('',#4601,#4634,#4636,.T.);
#4634 = VERTEX_POINT('',#4635);
#4635 = CARTESIAN_POINT('',(0.5,0.34,3.E-02));
#4636 = LINE('',#4637,#4638);
#4637 = CARTESIAN_POINT('',(0.5,-0.37,3.E-02));
#4638 = VECTOR('',#4639,1.);
#4639 = DIRECTION('',(0.,1.,0.));
#4640 = ORIENTED_EDGE('',*,*,#4641,.F.);
#4641 = EDGE_CURVE('',#4577,#4634,#4642,.T.);
#4642 = LINE('',#4643,#4644);
#4643 = CARTESIAN_POINT('',(-0.5,0.34,3.E-02));
#4644 = VECTOR('',#4645,1.);
#4645 = DIRECTION('',(1.,0.,0.));
#4646 = PLANE('',#4647);
#4647 = AXIS2_PLACEMENT_3D('',#4648,#4649,#4650);
#4648 = CARTESIAN_POINT('',(-0.5,-0.37,3.E-02));
#4649 = DIRECTION('',(0.,0.,1.));
#4650 = DIRECTION('',(1.,0.,-0.));
#4651 = ADVANCED_FACE('',(#4652),#4671,.T.);
#4652 = FACE_BOUND('',#4653,.T.);
#4653 = EDGE_LOOP('',(#4654,#4662,#4669,#4670));
#4654 = ORIENTED_EDGE('',*,*,#4655,.T.);
#4655 = EDGE_CURVE('',#4569,#4656,#4658,.T.);
#4656 = VERTEX_POINT('',#4657);
#4657 = CARTESIAN_POINT('',(0.5,0.37,6.E-02));
#4658 = LINE('',#4659,#4660);
#4659 = CARTESIAN_POINT('',(-0.5,0.37,6.E-02));
#4660 = VECTOR('',#4661,1.);
#4661 = DIRECTION('',(1.,0.,0.));
#4662 = ORIENTED_EDGE('',*,*,#4663,.T.);
#4663 = EDGE_CURVE('',#4656,#4634,#4664,.T.);
#4664 = CIRCLE('',#4665,3.E-02);
#4665 = AXIS2_PLACEMENT_3D('',#4666,#4667,#4668);
#4666 = CARTESIAN_POINT('',(0.5,0.34,6.E-02));
#4667 = DIRECTION('',(-1.,0.,0.));
#4668 = DIRECTION('',(0.,0.,1.));
#4669 = ORIENTED_EDGE('',*,*,#4641,.F.);
#4670 = ORIENTED_EDGE('',*,*,#4576,.F.);
#4671 = CYLINDRICAL_SURFACE('',#4672,3.E-02);
#4672 = AXIS2_PLACEMENT_3D('',#4673,#4674,#4675);
#4673 = CARTESIAN_POINT('',(-0.5,0.34,6.E-02));
#4674 = DIRECTION('',(1.,0.,0.));
#4675 = DIRECTION('',(-0.,1.,0.));
#4676 = ADVANCED_FACE('',(#4677),#4695,.T.);
#4677 = FACE_BOUND('',#4678,.T.);
#4678 = EDGE_LOOP('',(#4679,#4687,#4688,#4689));
#4679 = ORIENTED_EDGE('',*,*,#4680,.F.);
#4680 = EDGE_CURVE('',#4656,#4681,#4683,.T.);
#4681 = VERTEX_POINT('',#4682);
#4682 = CARTESIAN_POINT('',(0.5,0.37,0.74));
#4683 = LINE('',#4684,#4685);
#4684 = CARTESIAN_POINT('',(0.5,0.37,3.E-02));
#4685 = VECTOR('',#4686,1.);
#4686 = DIRECTION('',(0.,0.,1.));
#4687 = ORIENTED_EDGE('',*,*,#4655,.F.);
#4688 = ORIENTED_EDGE('',*,*,#4568,.T.);
#4689 = ORIENTED_EDGE('',*,*,#4690,.T.);
#4690 = EDGE_CURVE('',#4560,#4681,#4691,.T.);
#4691 = LINE('',#4692,#4693);
#4692 = CARTESIAN_POINT('',(-0.5,0.37,0.74));
#4693 = VECTOR('',#4694,1.);
#4694 = DIRECTION('',(1.,0.,0.));
#4695 = PLANE('',#4696);
#4696 = AXIS2_PLACEMENT_3D('',#4697,#4698,#4699);
#4697 = CARTESIAN_POINT('',(-0.5,0.37,3.E-02));
#4698 = DIRECTION('',(0.,1.,0.));
#4699 = DIRECTION('',(0.,-0.,1.));
#4700 = ADVANCED_FACE('',(#4701),#4720,.T.);
#4701 = FACE_BOUND('',#4702,.T.);
#4702 = EDGE_LOOP('',(#4703,#4704,#4712,#4719));
#4703 = ORIENTED_EDGE('',*,*,#4559,.T.);
#4704 = ORIENTED_EDGE('',*,*,#4705,.T.);
#4705 = EDGE_CURVE('',#4552,#4706,#4708,.T.);
#4706 = VERTEX_POINT('',#4707);
#4707 = CARTESIAN_POINT('',(0.5,0.34,0.77));
#4708 = LINE('',#4709,#4710);
#4709 = CARTESIAN_POINT('',(-0.5,0.34,0.77));
#4710 = VECTOR('',#4711,1.);
#4711 = DIRECTION('',(1.,0.,0.));
#4712 = ORIENTED_EDGE('',*,*,#4713,.F.);
#4713 = EDGE_CURVE('',#4681,#4706,#4714,.T.);
#4714 = CIRCLE('',#4715,3.E-02);
#4715 = AXIS2_PLACEMENT_3D('',#4716,#4717,#4718);
#4716 = CARTESIAN_POINT('',(0.5,0.34,0.74));
#4717 = DIRECTION('',(1.,0.,-0.));
#4718 = DIRECTION('',(0.,0.,1.));
#4719 = ORIENTED_EDGE('',*,*,#4690,.F.);
#4720 = CYLINDRICAL_SURFACE('',#4721,3.E-02);
#4721 = AXIS2_PLACEMENT_3D('',#4722,#4723,#4724);
#4722 = CARTESIAN_POINT('',(-0.5,0.34,0.74));
#4723 = DIRECTION('',(1.,0.,0.));
#4724 = DIRECTION('',(-0.,1.,0.));
#4725 = ADVANCED_FACE('',(#4726),#4744,.T.);
#4726 = FACE_BOUND('',#4727,.T.);
#4727 = EDGE_LOOP('',(#4728,#4729,#4737,#4743));
#4728 = ORIENTED_EDGE('',*,*,#4551,.F.);
#4729 = ORIENTED_EDGE('',*,*,#4730,.T.);
#4730 = EDGE_CURVE('',#4543,#4731,#4733,.T.);
#4731 = VERTEX_POINT('',#4732);
#4732 = CARTESIAN_POINT('',(0.5,-0.34,0.77));
#4733 = LINE('',#4734,#4735);
#4734 = CARTESIAN_POINT('',(-0.5,-0.34,0.77));
#4735 = VECTOR('',#4736,1.);
#4736 = DIRECTION('',(1.,0.,0.));
#4737 = ORIENTED_EDGE('',*,*,#4738,.T.);
#4738 = EDGE_CURVE('',#4731,#4706,#4739,.T.);
#4739 = LINE('',#4740,#4741);
#4740 = CARTESIAN_POINT('',(0.5,-0.37,0.77));
#4741 = VECTOR('',#4742,1.);
#4742 = DIRECTION('',(0.,1.,0.));
#4743 = ORIENTED_EDGE('',*,*,#4705,.F.);
#4744 = PLANE('',#4745);
#4745 = AXIS2_PLACEMENT_3D('',#4746,#4747,#4748);
#4746 = CARTESIAN_POINT('',(-0.5,-0.37,0.77));
#4747 = DIRECTION('',(0.,0.,1.));
#4748 = DIRECTION('',(1.,0.,-0.));
#4749 = ADVANCED_FACE('',(#4750),#4769,.T.);
#4750 = FACE_BOUND('',#4751,.T.);
#4751 = EDGE_LOOP('',(#4752,#4760,#4767,#4768));
#4752 = ORIENTED_EDGE('',*,*,#4753,.T.);
#4753 = EDGE_CURVE('',#4535,#4754,#4756,.T.);
#4754 = VERTEX_POINT('',#4755);
#4755 = CARTESIAN_POINT('',(0.5,-0.37,0.74));
#4756 = LINE('',#4757,#4758);
#4757 = CARTESIAN_POINT('',(-0.5,-0.37,0.74));
#4758 = VECTOR('',#4759,1.);
#4759 = DIRECTION('',(1.,0.,0.));
#4760 = ORIENTED_EDGE('',*,*,#4761,.T.);
#4761 = EDGE_CURVE('',#4754,#4731,#4762,.T.);
#4762 = CIRCLE('',#4763,3.E-02);
#4763 = AXIS2_PLACEMENT_3D('',#4764,#4765,#4766);
#4764 = CARTESIAN_POINT('',(0.5,-0.34,0.74));
#4765 = DIRECTION('',(-1.,0.,0.));
#4766 = DIRECTION('',(0.,0.,1.));
#4767 = ORIENTED_EDGE('',*,*,#4730,.F.);
#4768 = ORIENTED_EDGE('',*,*,#4542,.F.);
#4769 = CYLINDRICAL_SURFACE('',#4770,3.E-02);
#4770 = AXIS2_PLACEMENT_3D('',#4771,#4772,#4773);
#4771 = CARTESIAN_POINT('',(-0.5,-0.34,0.74));
#4772 = DIRECTION('',(1.,0.,0.));
#4773 = DIRECTION('',(0.,-1.,0.));
#4774 = ADVANCED_FACE('',(#4775),#4786,.F.);
#4775 = FACE_BOUND('',#4776,.F.);
#4776 = EDGE_LOOP('',(#4777,#4783,#4784,#4785));
#4777 = ORIENTED_EDGE('',*,*,#4778,.F.);
#4778 = EDGE_CURVE('',#4609,#4754,#4779,.T.);
#4779 = LINE('',#4780,#4781);
#4780 = CARTESIAN_POINT('',(0.5,-0.37,3.E-02));
#4781 = VECTOR('',#4782,1.);
#4782 = DIRECTION('',(0.,0.,1.));
#4783 = ORIENTED_EDGE('',*,*,#4617,.F.);
#4784 = ORIENTED_EDGE('',*,*,#4534,.T.);
#4785 = ORIENTED_EDGE('',*,*,#4753,.T.);
#4786 = PLANE('',#4787);
#4787 = AXIS2_PLACEMENT_3D('',#4788,#4789,#4790);
#4788 = CARTESIAN_POINT('',(-0.5,-0.37,3.E-02));
#4789 = DIRECTION('',(0.,1.,0.));
#4790 = DIRECTION('',(0.,-0.,1.));
#4791 = ADVANCED_FACE('',(#4792,#4862),#4872,.F.);
#4792 = FACE_BOUND('',#4793,.F.);
#4793 = EDGE_LOOP('',(#4794,#4804,#4813,#4821,#4830,#4838,#4847,#4855));
#4794 = ORIENTED_EDGE('',*,*,#4795,.F.);
#4795 = EDGE_CURVE('',#4796,#4798,#4800,.T.);
#4796 = VERTEX_POINT('',#4797);
#4797 = CARTESIAN_POINT('',(0.5,-0.4,3.E-02));
#4798 = VERTEX_POINT('',#4799);
#4799 = CARTESIAN_POINT('',(0.5,-0.4,0.77));
#4800 = LINE('',#4801,#4802);
#4801 = CARTESIAN_POINT('',(0.5,-0.4,0.));
#4802 = VECTOR('',#4803,1.);
#4803 = DIRECTION('',(0.,0.,1.));
#4804 = ORIENTED_EDGE('',*,*,#4805,.T.);
#4805 = EDGE_CURVE('',#4796,#4806,#4808,.T.);
#4806 = VERTEX_POINT('',#4807);
#4807 = CARTESIAN_POINT('',(0.5,-0.37,0.));
#4808 = CIRCLE('',#4809,3.E-02);
#4809 = AXIS2_PLACEMENT_3D('',#4810,#4811,#4812);
#4810 = CARTESIAN_POINT('',(0.5,-0.37,3.E-02));
#4811 = DIRECTION('',(1.,0.,-0.));
#4812 = DIRECTION('',(0.,0.,1.));
#4813 = ORIENTED_EDGE('',*,*,#4814,.T.);
#4814 = EDGE_CURVE('',#4806,#4815,#4817,.T.);
#4815 = VERTEX_POINT('',#4816);
#4816 = CARTESIAN_POINT('',(0.5,0.37,0.));
#4817 = LINE('',#4818,#4819);
#4818 = CARTESIAN_POINT('',(0.5,-0.4,0.));
#4819 = VECTOR('',#4820,1.);
#4820 = DIRECTION('',(0.,1.,0.));
#4821 = ORIENTED_EDGE('',*,*,#4822,.F.);
#4822 = EDGE_CURVE('',#4823,#4815,#4825,.T.);
#4823 = VERTEX_POINT('',#4824);
#4824 = CARTESIAN_POINT('',(0.5,0.4,3.E-02));
#4825 = CIRCLE('',#4826,3.E-02);
#4826 = AXIS2_PLACEMENT_3D('',#4827,#4828,#4829);
#4827 = CARTESIAN_POINT('',(0.5,0.37,3.E-02));
#4828 = DIRECTION('',(-1.,0.,0.));
#4829 = DIRECTION('',(0.,0.,1.));
#4830 = ORIENTED_EDGE('',*,*,#4831,.T.);
#4831 = EDGE_CURVE('',#4823,#4832,#4834,.T.);
#4832 = VERTEX_POINT('',#4833);
#4833 = CARTESIAN_POINT('',(0.5,0.4,0.77));
#4834 = LINE('',#4835,#4836);
#4835 = CARTESIAN_POINT('',(0.5,0.4,0.));
#4836 = VECTOR('',#4837,1.);
#4837 = DIRECTION('',(0.,0.,1.));
#4838 = ORIENTED_EDGE('',*,*,#4839,.T.);
#4839 = EDGE_CURVE('',#4832,#4840,#4842,.T.);
#4840 = VERTEX_POINT('',#4841);
#4841 = CARTESIAN_POINT('',(0.5,0.37,0.8));
#4842 = CIRCLE('',#4843,3.E-02);
#4843 = AXIS2_PLACEMENT_3D('',#4844,#4845,#4846);
#4844 = CARTESIAN_POINT('',(0.5,0.37,0.77));
#4845 = DIRECTION('',(1.,0.,-0.));
#4846 = DIRECTION('',(0.,0.,1.));
#4847 = ORIENTED_EDGE('',*,*,#4848,.F.);
#4848 = EDGE_CURVE('',#4849,#4840,#4851,.T.);
#4849 = VERTEX_POINT('',#4850);
#4850 = CARTESIAN_POINT('',(0.5,-0.37,0.8));
#4851 = LINE('',#4852,#4853);
#4852 = CARTESIAN_POINT('',(0.5,-0.4,0.8));
#4853 = VECTOR('',#4854,1.);
#4854 = DIRECTION('',(0.,1.,0.));
#4855 = ORIENTED_EDGE('',*,*,#4856,.F.);
#4856 = EDGE_CURVE('',#4798,#4849,#4857,.T.);
#4857 = CIRCLE('',#4858,3.E-02);
#4858 = AXIS2_PLACEMENT_3D('',#4859,#4860,#4861);
#4859 = CARTESIAN_POINT('',(0.5,-0.37,0.77));
#4860 = DIRECTION('',(-1.,0.,0.));
#4861 = DIRECTION('',(0.,0.,1.));
#4862 = FACE_BOUND('',#4863,.F.);
#4863 = EDGE_LOOP('',(#4864,#4865,#4866,#4867,#4868,#4869,#4870,#4871));
#4864 = ORIENTED_EDGE('',*,*,#4608,.F.);
#4865 = ORIENTED_EDGE('',*,*,#4778,.T.);
#4866 = ORIENTED_EDGE('',*,*,#4761,.T.);
#4867 = ORIENTED_EDGE('',*,*,#4738,.T.);
#4868 = ORIENTED_EDGE('',*,*,#4713,.F.);
#4869 = ORIENTED_EDGE('',*,*,#4680,.F.);
#4870 = ORIENTED_EDGE('',*,*,#4663,.T.);
#4871 = ORIENTED_EDGE('',*,*,#4633,.F.);
#4872 = PLANE('',#4873);
#4873 = AXIS2_PLACEMENT_3D('',#4874,#4875,#4876);
#4874 = CARTESIAN_POINT('',(0.5,-0.4,0.));
#4875 = DIRECTION('',(1.,0.,0.));
#4876 = DIRECTION('',(0.,0.,1.));
#4877 = ADVANCED_FACE('',(#4878),#4903,.F.);
#4878 = FACE_BOUND('',#4879,.F.);
#4879 = EDGE_LOOP('',(#4880,#4890,#4896,#4897));
#4880 = ORIENTED_EDGE('',*,*,#4881,.F.);
#4881 = EDGE_CURVE('',#4882,#4884,#4886,.T.);
#4882 = VERTEX_POINT('',#4883);
#4883 = CARTESIAN_POINT('',(0.8,-0.4,3.E-02));
#4884 = VERTEX_POINT('',#4885);
#4885 = CARTESIAN_POINT('',(0.8,-0.4,0.77));
#4886 = LINE('',#4887,#4888);
#4887 = CARTESIAN_POINT('',(0.8,-0.4,0.));
#4888 = VECTOR('',#4889,1.);
#4889 = DIRECTION('',(0.,0.,1.));
#4890 = ORIENTED_EDGE('',*,*,#4891,.F.);
#4891 = EDGE_CURVE('',#4796,#4882,#4892,.T.);
#4892 = LINE('',#4893,#4894);
#4893 = CARTESIAN_POINT('',(0.5,-0.4,3.E-02));
#4894 = VECTOR('',#4895,1.);
#4895 = DIRECTION('',(1.,0.,0.));
#4896 = ORIENTED_EDGE('',*,*,#4795,.T.);
#4897 = ORIENTED_EDGE('',*,*,#4898,.T.);
#4898 = EDGE_CURVE('',#4798,#4884,#4899,.T.);
#4899 = LINE('',#4900,#4901);
#4900 = CARTESIAN_POINT('',(0.5,-0.4,0.77));
#4901 = VECTOR('',#4902,1.);
#4902 = DIRECTION('',(1.,0.,0.));
#4903 = PLANE('',#4904);
#4904 = AXIS2_PLACEMENT_3D('',#4905,#4906,#4907);
#4905 = CARTESIAN_POINT('',(0.5,-0.4,0.));
#4906 = DIRECTION('',(0.,1.,0.));
#4907 = DIRECTION('',(0.,-0.,1.));
#4908 = ADVANCED_FACE('',(#4909),#4928,.T.);
#4909 = FACE_BOUND('',#4910,.T.);
#4910 = EDGE_LOOP('',(#4911,#4912,#4920,#4927));
#4911 = ORIENTED_EDGE('',*,*,#4805,.T.);
#4912 = ORIENTED_EDGE('',*,*,#4913,.T.);
#4913 = EDGE_CURVE('',#4806,#4914,#4916,.T.);
#4914 = VERTEX_POINT('',#4915);
#4915 = CARTESIAN_POINT('',(0.8,-0.37,0.));
#4916 = LINE('',#4917,#4918);
#4917 = CARTESIAN_POINT('',(0.5,-0.37,0.));
#4918 = VECTOR('',#4919,1.);
#4919 = DIRECTION('',(1.,0.,0.));
#4920 = ORIENTED_EDGE('',*,*,#4921,.F.);
#4921 = EDGE_CURVE('',#4882,#4914,#4922,.T.);
#4922 = CIRCLE('',#4923,3.E-02);
#4923 = AXIS2_PLACEMENT_3D('',#4924,#4925,#4926);
#4924 = CARTESIAN_POINT('',(0.8,-0.37,3.E-02));
#4925 = DIRECTION('',(1.,0.,-0.));
#4926 = DIRECTION('',(0.,0.,1.));
#4927 = ORIENTED_EDGE('',*,*,#4891,.F.);
#4928 = CYLINDRICAL_SURFACE('',#4929,3.E-02);
#4929 = AXIS2_PLACEMENT_3D('',#4930,#4931,#4932);
#4930 = CARTESIAN_POINT('',(0.5,-0.37,3.E-02));
#4931 = DIRECTION('',(1.,0.,0.));
#4932 = DIRECTION('',(0.,-1.,0.));
#4933 = ADVANCED_FACE('',(#4934),#4953,.T.);
#4934 = FACE_BOUND('',#4935,.T.);
#4935 = EDGE_LOOP('',(#4936,#4937,#4946,#4952));
#4936 = ORIENTED_EDGE('',*,*,#4898,.T.);
#4937 = ORIENTED_EDGE('',*,*,#4938,.T.);
#4938 = EDGE_CURVE('',#4884,#4939,#4941,.T.);
#4939 = VERTEX_POINT('',#4940);
#4940 = CARTESIAN_POINT('',(0.8,-0.37,0.8));
#4941 = CIRCLE('',#4942,3.E-02);
#4942 = AXIS2_PLACEMENT_3D('',#4943,#4944,#4945);
#4943 = CARTESIAN_POINT('',(0.8,-0.37,0.77));
#4944 = DIRECTION('',(-1.,0.,0.));
#4945 = DIRECTION('',(0.,0.,1.));
#4946 = ORIENTED_EDGE('',*,*,#4947,.F.);
#4947 = EDGE_CURVE('',#4849,#4939,#4948,.T.);
#4948 = LINE('',#4949,#4950);
#4949 = CARTESIAN_POINT('',(0.5,-0.37,0.8));
#4950 = VECTOR('',#4951,1.);
#4951 = DIRECTION('',(1.,0.,0.));
#4952 = ORIENTED_EDGE('',*,*,#4856,.F.);
#4953 = CYLINDRICAL_SURFACE('',#4954,3.E-02);
#4954 = AXIS2_PLACEMENT_3D('',#4955,#4956,#4957);
#4955 = CARTESIAN_POINT('',(0.5,-0.37,0.77));
#4956 = DIRECTION('',(1.,0.,0.));
#4957 = DIRECTION('',(0.,-1.,0.));
#4958 = ADVANCED_FACE('',(#4959),#4977,.F.);
#4959 = FACE_BOUND('',#4960,.F.);
#4960 = EDGE_LOOP('',(#4961,#4962,#4963,#4971));
#4961 = ORIENTED_EDGE('',*,*,#4814,.F.);
#4962 = ORIENTED_EDGE('',*,*,#4913,.T.);
#4963 = ORIENTED_EDGE('',*,*,#4964,.T.);
#4964 = EDGE_CURVE('',#4914,#4965,#4967,.T.);
#4965 = VERTEX_POINT('',#4966);
#4966 = CARTESIAN_POINT('',(0.8,0.37,0.));
#4967 = LINE('',#4968,#4969);
#4968 = CARTESIAN_POINT('',(0.8,-0.4,0.));
#4969 = VECTOR('',#4970,1.);
#4970 = DIRECTION('',(0.,1.,0.));
#4971 = ORIENTED_EDGE('',*,*,#4972,.F.);
#4972 = EDGE_CURVE('',#4815,#4965,#4973,.T.);
#4973 = LINE('',#4974,#4975);
#4974 = CARTESIAN_POINT('',(0.5,0.37,0.));
#4975 = VECTOR('',#4976,1.);
#4976 = DIRECTION('',(1.,0.,0.));
#4977 = PLANE('',#4978);
#4978 = AXIS2_PLACEMENT_3D('',#4979,#4980,#4981);
#4979 = CARTESIAN_POINT('',(0.5,-0.4,0.));
#4980 = DIRECTION('',(0.,0.,1.));
#4981 = DIRECTION('',(1.,0.,-0.));
#4982 = ADVANCED_FACE('',(#4983),#5001,.T.);
#4983 = FACE_BOUND('',#4984,.T.);
#4984 = EDGE_LOOP('',(#4985,#4986,#4987,#4995));
#4985 = ORIENTED_EDGE('',*,*,#4848,.F.);
#4986 = ORIENTED_EDGE('',*,*,#4947,.T.);
#4987 = ORIENTED_EDGE('',*,*,#4988,.T.);
#4988 = EDGE_CURVE('',#4939,#4989,#4991,.T.);
#4989 = VERTEX_POINT('',#4990);
#4990 = CARTESIAN_POINT('',(0.8,0.37,0.8));
#4991 = LINE('',#4992,#4993);
#4992 = CARTESIAN_POINT('',(0.8,-0.4,0.8));
#4993 = VECTOR('',#4994,1.);
#4994 = DIRECTION('',(0.,1.,0.));
#4995 = ORIENTED_EDGE('',*,*,#4996,.F.);
#4996 = EDGE_CURVE('',#4840,#4989,#4997,.T.);
#4997 = LINE('',#4998,#4999);
#4998 = CARTESIAN_POINT('',(0.5,0.37,0.8));
#4999 = VECTOR('',#5000,1.);
#5000 = DIRECTION('',(1.,0.,0.));
#5001 = PLANE('',#5002);
#5002 = AXIS2_PLACEMENT_3D('',#5003,#5004,#5005);
#5003 = CARTESIAN_POINT('',(0.5,-0.4,0.8));
#5004 = DIRECTION('',(0.,0.,1.));
#5005 = DIRECTION('',(1.,0.,-0.));
#5006 = ADVANCED_FACE('',(#5007),#5026,.T.);
#5007 = FACE_BOUND('',#5008,.T.);
#5008 = EDGE_LOOP('',(#5009,#5017,#5024,#5025));
#5009 = ORIENTED_EDGE('',*,*,#5010,.T.);
#5010 = EDGE_CURVE('',#4823,#5011,#5013,.T.);
#5011 = VERTEX_POINT('',#5012);
#5012 = CARTESIAN_POINT('',(0.8,0.4,3.E-02));
#5013 = LINE('',#5014,#5015);
#5014 = CARTESIAN_POINT('',(0.5,0.4,3.E-02));
#5015 = VECTOR('',#5016,1.);
#5016 = DIRECTION('',(1.,0.,0.));
#5017 = ORIENTED_EDGE('',*,*,#5018,.T.);
#5018 = EDGE_CURVE('',#5011,#4965,#5019,.T.);
#5019 = CIRCLE('',#5020,3.E-02);
#5020 = AXIS2_PLACEMENT_3D('',#5021,#5022,#5023);
#5021 = CARTESIAN_POINT('',(0.8,0.37,3.E-02));
#5022 = DIRECTION('',(-1.,0.,0.));
#5023 = DIRECTION('',(0.,0.,1.));
#5024 = ORIENTED_EDGE('',*,*,#4972,.F.);
#5025 = ORIENTED_EDGE('',*,*,#4822,.F.);
#5026 = CYLINDRICAL_SURFACE('',#5027,3.E-02);
#5027 = AXIS2_PLACEMENT_3D('',#5028,#5029,#5030);
#5028 = CARTESIAN_POINT('',(0.5,0.37,3.E-02));
#5029 = DIRECTION('',(1.,0.,0.));
#5030 = DIRECTION('',(-0.,1.,0.));
#5031 = ADVANCED_FACE('',(#5032),#5051,.T.);
#5032 = FACE_BOUND('',#5033,.T.);
#5033 = EDGE_LOOP('',(#5034,#5035,#5036,#5045));
#5034 = ORIENTED_EDGE('',*,*,#4839,.T.);
#5035 = ORIENTED_EDGE('',*,*,#4996,.T.);
#5036 = ORIENTED_EDGE('',*,*,#5037,.F.);
#5037 = EDGE_CURVE('',#5038,#4989,#5040,.T.);
#5038 = VERTEX_POINT('',#5039);
#5039 = CARTESIAN_POINT('',(0.8,0.4,0.77));
#5040 = CIRCLE('',#5041,3.E-02);
#5041 = AXIS2_PLACEMENT_3D('',#5042,#5043,#5044);
#5042 = CARTESIAN_POINT('',(0.8,0.37,0.77));
#5043 = DIRECTION('',(1.,0.,-0.));
#5044 = DIRECTION('',(0.,0.,1.));
#5045 = ORIENTED_EDGE('',*,*,#5046,.F.);
#5046 = EDGE_CURVE('',#4832,#5038,#5047,.T.);
#5047 = LINE('',#5048,#5049);
#5048 = CARTESIAN_POINT('',(0.5,0.4,0.77));
#5049 = VECTOR('',#5050,1.);
#5050 = DIRECTION('',(1.,0.,0.));
#5051 = CYLINDRICAL_SURFACE('',#5052,3.E-02);
#5052 = AXIS2_PLACEMENT_3D('',#5053,#5054,#5055);
#5053 = CARTESIAN_POINT('',(0.5,0.37,0.77));
#5054 = DIRECTION('',(1.,0.,0.));
#5055 = DIRECTION('',(-0.,1.,0.));
#5056 = ADVANCED_FACE('',(#5057),#5068,.T.);
#5057 = FACE_BOUND('',#5058,.T.);
#5058 = EDGE_LOOP('',(#5059,#5065,#5066,#5067));
#5059 = ORIENTED_EDGE('',*,*,#5060,.F.);
#5060 = EDGE_CURVE('',#5011,#5038,#5061,.T.);
#5061 = LINE('',#5062,#5063);
#5062 = CARTESIAN_POINT('',(0.8,0.4,0.));
#5063 = VECTOR('',#5064,1.);
#5064 = DIRECTION('',(0.,0.,1.));
#5065 = ORIENTED_EDGE('',*,*,#5010,.F.);
#5066 = ORIENTED_EDGE('',*,*,#4831,.T.);
#5067 = ORIENTED_EDGE('',*,*,#5046,.T.);
#5068 = PLANE('',#5069);
#5069 = AXIS2_PLACEMENT_3D('',#5070,#5071,#5072);
#5070 = CARTESIAN_POINT('',(0.5,0.4,0.));
#5071 = DIRECTION('',(0.,1.,0.));
#5072 = DIRECTION('',(0.,-0.,1.));
#5073 = ADVANCED_FACE('',(#5074),#5084,.T.);
#5074 = FACE_BOUND('',#5075,.T.);
#5075 = EDGE_LOOP('',(#5076,#5077,#5078,#5079,#5080,#5081,#5082,#5083));
#5076 = ORIENTED_EDGE('',*,*,#4881,.F.);
#5077 = ORIENTED_EDGE('',*,*,#4921,.T.);
#5078 = ORIENTED_EDGE('',*,*,#4964,.T.);
#5079 = ORIENTED_EDGE('',*,*,#5018,.F.);
#5080 = ORIENTED_EDGE('',*,*,#5060,.T.);
#5081 = ORIENTED_EDGE('',*,*,#5037,.T.);
#5082 = ORIENTED_EDGE('',*,*,#4988,.F.);
#5083 = ORIENTED_EDGE('',*,*,#4938,.F.);
#5084 = PLANE('',#5085);
#5085 = AXIS2_PLACEMENT_3D('',#5086,#5087,#5088);
#5086 = CARTESIAN_POINT('',(0.8,-0.4,0.));
#5087 = DIRECTION('',(1.,0.,0.));
#5088 = DIRECTION('',(0.,0.,1.));
#5089 = ( GEOMETRIC_REPRESENTATION_CONTEXT(3) 
GLOBAL_UNCERTAINTY_ASSIGNED_CONTEXT((#5093)) 
GLOBAL_UNIT_ASSIGNED_CONTEXT((#5090,#5091,#5092)) REPRESENTATION_CONTEXT
('Context #1','3D Context with UNIT and UNCERTAINTY') );
#5090 = ( LENGTH_UNIT() NAMED_UNIT(*) SI_UNIT(.MILLI.,.METRE.) );
#5091 = ( NAMED_UNIT(*) PLANE_ANGLE_UNIT() SI_UNIT($,.RADIAN.) );
#5092 = ( NAMED_UNIT(*) SI_UNIT($,.STERADIAN.) SOLID_ANGLE_UNIT() );
#5093 = UNCERTAINTY_MEASURE_WITH_UNIT(LENGTH_MEASURE(1.E-07),#5090,
  'distance_accuracy_value','confusion accuracy');
#5094 = CONTEXT_DEPENDENT_SHAPE_REPRESENTATION(#5095,#5097);
#5095 = ( REPRESENTATION_RELATIONSHIP('','',#4234,#10) 
REPRESENTATION_RELATIONSHIP_WITH_TRANSFORMATION(#5096) 
SHAPE_REPRESENTATION_RELATIONSHIP() );
#5096 = ITEM_DEFINED_TRANSFORMATION('','',#11,#39);
#5097 = PRODUCT_DEFINITION_SHAPE('Placement','Placement of an item',
  #5098);
#5098 = NEXT_ASSEMBLY_USAGE_OCCURRENCE('7','C2','',#5,#4229,$);
#5099 = PRODUCT_RELATED_PRODUCT_CATEGORY('part',$,(#4231));
#5100 = SHAPE_DEFINITION_REPRESENTATION(#5101,#5107);
#5101 = PRODUCT_DEFINITION_SHAPE('','',#5102);
#5102 = PRODUCT_DEFINITION('design','',#5103,#5106);
#5103 = PRODUCT_DEFINITION_FORMATION('','',#5104);
#5104 = PRODUCT('SOIC-8_3.9x4.9mm_P1.27mm','SOIC-8_3.9x4.9mm_P1.27mm',''
  ,(#5105));
#5105 = PRODUCT_CONTEXT('',#2,'mechanical');
#5106 = PRODUCT_DEFINITION_CONTEXT('part definition',#2,'design');
#5107 = ADVANCED_BREP_SHAPE_REPRESENTATION('',(#11,#5108),#9576);
#5108 = MANIFOLD_SOLID_BREP('',#5109);
#5109 = CLOSED_SHELL('',(#5110,#5148,#5211,#5234,#5263,#5286,#5373,#5460
    ,#5483,#5506,#5523,#5546,#5634,#5650,#5680,#5711,#5742,#5773,#5804,
    #5835,#5866,#5897,#5914,#5931,#5962,#5993,#6024,#6055,#6086,#6117,
    #6148,#6178,#6201,#6224,#6241,#6286,#6372,#6395,#6418,#6441,#6528,
    #6566,#6615,#6707,#6732,#6816,#6838,#6930,#6955,#7039,#7061,#7153,
    #7178,#7262,#7279,#7364,#7389,#7466,#7551,#7576,#7653,#7670,#7762,
    #7787,#7871,#7893,#7985,#8010,#8094,#8116,#8208,#8233,#8317,#8334,
    #8353,#8372,#8391,#8437,#8453,#8472,#8491,#8510,#8526,#8543,#8555,
    #8572,#8589,#8606,#8623,#8640,#8657,#8674,#8686,#8703,#8720,#8737,
    #8754,#8771,#8788,#8805,#8817,#8834,#8851,#8868,#8885,#8902,#8919,
    #8936,#8948,#8965,#8982,#8999,#9016,#9033,#9050,#9062,#9079,#9096,
    #9113,#9130,#9147,#9164,#9176,#9193,#9210,#9227,#9244,#9261,#9278,
    #9295,#9307,#9324,#9341,#9358,#9375,#9392,#9409,#9426,#9438,#9455,
    #9472,#9489,#9506,#9523,#9540,#9557,#9569));
#5110 = ADVANCED_FACE('',(#5111),#5143,.F.);
#5111 = FACE_BOUND('',#5112,.F.);
#5112 = EDGE_LOOP('',(#5113,#5123,#5130,#5138));
#5113 = ORIENTED_EDGE('',*,*,#5114,.T.);
#5114 = EDGE_CURVE('',#5115,#5117,#5119,.T.);
#5115 = VERTEX_POINT('',#5116);
#5116 = CARTESIAN_POINT('',(-1.717585640382,2.335171280765,0.1));
#5117 = VERTEX_POINT('',#5118);
#5118 = CARTESIAN_POINT('',(1.717585640382,2.335171280765,0.1));
#5119 = LINE('',#5120,#5121);
#5120 = CARTESIAN_POINT('',(-1.717585640382,2.335171280765,0.1));
#5121 = VECTOR('',#5122,1.);
#5122 = DIRECTION('',(1.,1.110223024625E-16,0.));
#5123 = ORIENTED_EDGE('',*,*,#5124,.T.);
#5124 = EDGE_CURVE('',#5117,#5125,#5127,.T.);
#5125 = VERTEX_POINT('',#5126);
#5126 = CARTESIAN_POINT('',(1.775,2.45,0.825));
#5127 = B_SPLINE_CURVE_WITH_KNOTS('',1,(#5128,#5129),.UNSPECIFIED.,.F.,
  .F.,(2,2),(0.,1.),.PIECEWISE_BEZIER_KNOTS.);
#5128 = CARTESIAN_POINT('',(1.717585640382,2.335171280765,0.1));
#5129 = CARTESIAN_POINT('',(1.775,2.45,0.825));
#5130 = ORIENTED_EDGE('',*,*,#5131,.F.);
#5131 = EDGE_CURVE('',#5132,#5125,#5134,.T.);
#5132 = VERTEX_POINT('',#5133);
#5133 = CARTESIAN_POINT('',(-1.775,2.45,0.825));
#5134 = LINE('',#5135,#5136);
#5135 = CARTESIAN_POINT('',(-1.775,2.45,0.825));
#5136 = VECTOR('',#5137,1.);
#5137 = DIRECTION('',(1.,1.110223024625E-16,0.));
#5138 = ORIENTED_EDGE('',*,*,#5139,.F.);
#5139 = EDGE_CURVE('',#5115,#5132,#5140,.T.);
#5140 = B_SPLINE_CURVE_WITH_KNOTS('',1,(#5141,#5142),.UNSPECIFIED.,.F.,
  .F.,(2,2),(0.,1.),.PIECEWISE_BEZIER_KNOTS.);
#5141 = CARTESIAN_POINT('',(-1.717585640382,2.335171280765,0.1));
#5142 = CARTESIAN_POINT('',(-1.775,2.45,0.825));
#5143 = B_SPLINE_SURFACE_WITH_KNOTS('',1,1,(
    (#5144,#5145)
    ,(#5146,#5147
    )),.UNSPECIFIED.,.F.,.F.,.F.,(2,2),(2,2),(0.,3.55),(0.,1.),
  .PIECEWISE_BEZIER_KNOTS.);
#5144 = CARTESIAN_POINT('',(-1.717585640382,2.335171280765,0.1));
#5145 = CARTESIAN_POINT('',(-1.775,2.45,0.825));
#5146 = CARTESIAN_POINT('',(1.717585640382,2.335171280765,0.1));
#5147 = CARTESIAN_POINT('',(1.775,2.45,0.825));
#5148 = ADVANCED_FACE('',(#5149),#5206,.F.);
#5149 = FACE_BOUND('',#5150,.T.);
#5150 = EDGE_LOOP('',(#5151,#5152,#5160,#5168,#5176,#5184,#5192,#5200));
#5151 = ORIENTED_EDGE('',*,*,#5114,.T.);
#5152 = ORIENTED_EDGE('',*,*,#5153,.T.);
#5153 = EDGE_CURVE('',#5117,#5154,#5156,.T.);
#5154 = VERTEX_POINT('',#5155);
#5155 = CARTESIAN_POINT('',(1.835171280765,2.217585640382,0.1));
#5156 = LINE('',#5157,#5158);
#5157 = CARTESIAN_POINT('',(1.717585640382,2.335171280765,0.1));
#5158 = VECTOR('',#5159,1.);
#5159 = DIRECTION('',(0.707106781187,-0.707106781187,0.));
#5160 = ORIENTED_EDGE('',*,*,#5161,.T.);
#5161 = EDGE_CURVE('',#5154,#5162,#5164,.T.);
#5162 = VERTEX_POINT('',#5163);
#5163 = CARTESIAN_POINT('',(1.835171280765,-2.217585640382,0.1));
#5164 = LINE('',#5165,#5166);
#5165 = CARTESIAN_POINT('',(1.835171280765,2.217585640382,0.1));
#5166 = VECTOR('',#5167,1.);
#5167 = DIRECTION('',(1.110223024625E-16,-1.,0.));
#5168 = ORIENTED_EDGE('',*,*,#5169,.T.);
#5169 = EDGE_CURVE('',#5162,#5170,#5172,.T.);
#5170 = VERTEX_POINT('',#5171);
#5171 = CARTESIAN_POINT('',(1.717585640382,-2.335171280765,0.1));
#5172 = LINE('',#5173,#5174);
#5173 = CARTESIAN_POINT('',(1.835171280765,-2.217585640382,0.1));
#5174 = VECTOR('',#5175,1.);
#5175 = DIRECTION('',(-0.707106781187,-0.707106781187,0.));
#5176 = ORIENTED_EDGE('',*,*,#5177,.T.);
#5177 = EDGE_CURVE('',#5170,#5178,#5180,.T.);
#5178 = VERTEX_POINT('',#5179);
#5179 = CARTESIAN_POINT('',(-1.717585640382,-2.335171280765,0.1));
#5180 = LINE('',#5181,#5182);
#5181 = CARTESIAN_POINT('',(1.717585640382,-2.335171280765,0.1));
#5182 = VECTOR('',#5183,1.);
#5183 = DIRECTION('',(-1.,-1.110223024625E-16,0.));
#5184 = ORIENTED_EDGE('',*,*,#5185,.T.);
#5185 = EDGE_CURVE('',#5178,#5186,#5188,.T.);
#5186 = VERTEX_POINT('',#5187);
#5187 = CARTESIAN_POINT('',(-1.835171280765,-2.217585640382,0.1));
#5188 = LINE('',#5189,#5190);
#5189 = CARTESIAN_POINT('',(-1.717585640382,-2.335171280765,0.1));
#5190 = VECTOR('',#5191,1.);
#5191 = DIRECTION('',(-0.707106781187,0.707106781187,0.));
#5192 = ORIENTED_EDGE('',*,*,#5193,.T.);
#5193 = EDGE_CURVE('',#5186,#5194,#5196,.T.);
#5194 = VERTEX_POINT('',#5195);
#5195 = CARTESIAN_POINT('',(-1.835171280765,2.217585640382,0.1));
#5196 = LINE('',#5197,#5198);
#5197 = CARTESIAN_POINT('',(-1.835171280765,-2.217585640382,0.1));
#5198 = VECTOR('',#5199,1.);
#5199 = DIRECTION('',(-1.110223024625E-16,1.,0.));
#5200 = ORIENTED_EDGE('',*,*,#5201,.T.);
#5201 = EDGE_CURVE('',#5194,#5115,#5202,.T.);
#5202 = LINE('',#5203,#5204);
#5203 = CARTESIAN_POINT('',(-1.835171280765,2.217585640382,0.1));
#5204 = VECTOR('',#5205,1.);
#5205 = DIRECTION('',(0.707106781187,0.707106781187,0.));
#5206 = PLANE('',#5207);
#5207 = AXIS2_PLACEMENT_3D('',#5208,#5209,#5210);
#5208 = CARTESIAN_POINT('',(-1.717585640382,2.335171280765,0.1));
#5209 = DIRECTION('',(0.,0.,1.));
#5210 = DIRECTION('',(0.592513131498,-0.805560791625,0.));
#5211 = ADVANCED_FACE('',(#5212),#5229,.F.);
#5212 = FACE_BOUND('',#5213,.F.);
#5213 = EDGE_LOOP('',(#5214,#5215,#5222,#5228));
#5214 = ORIENTED_EDGE('',*,*,#5153,.T.);
#5215 = ORIENTED_EDGE('',*,*,#5216,.T.);
#5216 = EDGE_CURVE('',#5154,#5217,#5219,.T.);
#5217 = VERTEX_POINT('',#5218);
#5218 = CARTESIAN_POINT('',(1.95,2.275,0.825));
#5219 = B_SPLINE_CURVE_WITH_KNOTS('',1,(#5220,#5221),.UNSPECIFIED.,.F.,
  .F.,(2,2),(0.,1.),.PIECEWISE_BEZIER_KNOTS.);
#5220 = CARTESIAN_POINT('',(1.835171280765,2.217585640382,0.1));
#5221 = CARTESIAN_POINT('',(1.95,2.275,0.825));
#5222 = ORIENTED_EDGE('',*,*,#5223,.F.);
#5223 = EDGE_CURVE('',#5125,#5217,#5224,.T.);
#5224 = LINE('',#5225,#5226);
#5225 = CARTESIAN_POINT('',(1.775,2.45,0.825));
#5226 = VECTOR('',#5227,1.);
#5227 = DIRECTION('',(0.707106781187,-0.707106781187,0.));
#5228 = ORIENTED_EDGE('',*,*,#5124,.F.);
#5229 = B_SPLINE_SURFACE_WITH_KNOTS('',1,1,(
    (#5230,#5231)
    ,(#5232,#5233
    )),.UNSPECIFIED.,.F.,.F.,.F.,(2,2),(2,2),(0.,0.247487373415),(0.,1.)
  ,.PIECEWISE_BEZIER_KNOTS.);
#5230 = CARTESIAN_POINT('',(1.717585640382,2.335171280765,0.1));
#5231 = CARTESIAN_POINT('',(1.775,2.45,0.825));
#5232 = CARTESIAN_POINT('',(1.835171280765,2.217585640382,0.1));
#5233 = CARTESIAN_POINT('',(1.95,2.275,0.825));
#5234 = ADVANCED_FACE('',(#5235),#5258,.F.);
#5235 = FACE_BOUND('',#5236,.F.);
#5236 = EDGE_LOOP('',(#5237,#5238,#5245,#5253));
#5237 = ORIENTED_EDGE('',*,*,#5131,.T.);
#5238 = ORIENTED_EDGE('',*,*,#5239,.T.);
#5239 = EDGE_CURVE('',#5125,#5240,#5242,.T.);
#5240 = VERTEX_POINT('',#5241);
#5241 = CARTESIAN_POINT('',(1.775,2.45,1.025));
#5242 = B_SPLINE_CURVE_WITH_KNOTS('',1,(#5243,#5244),.UNSPECIFIED.,.F.,
  .F.,(2,2),(0.,1.),.PIECEWISE_BEZIER_KNOTS.);
#5243 = CARTESIAN_POINT('',(1.775,2.45,0.825));
#5244 = CARTESIAN_POINT('',(1.775,2.45,1.025));
#5245 = ORIENTED_EDGE('',*,*,#5246,.F.);
#5246 = EDGE_CURVE('',#5247,#5240,#5249,.T.);
#5247 = VERTEX_POINT('',#5248);
#5248 = CARTESIAN_POINT('',(-1.775,2.45,1.025));
#5249 = LINE('',#5250,#5251);
#5250 = CARTESIAN_POINT('',(-1.775,2.45,1.025));
#5251 = VECTOR('',#5252,1.);
#5252 = DIRECTION('',(1.,1.110223024625E-16,0.));
#5253 = ORIENTED_EDGE('',*,*,#5254,.F.);
#5254 = EDGE_CURVE('',#5132,#5247,#5255,.T.);
#5255 = B_SPLINE_CURVE_WITH_KNOTS('',1,(#5256,#5257),.UNSPECIFIED.,.F.,
  .F.,(2,2),(0.,1.),.PIECEWISE_BEZIER_KNOTS.);
#5256 = CARTESIAN_POINT('',(-1.775,2.45,0.825));
#5257 = CARTESIAN_POINT('',(-1.775,2.45,1.025));
#5258 = PLANE('',#5259);
#5259 = AXIS2_PLACEMENT_3D('',#5260,#5261,#5262);
#5260 = CARTESIAN_POINT('',(-1.775,2.45,1.025));
#5261 = DIRECTION('',(1.110223024625E-16,-1.,0.));
#5262 = DIRECTION('',(1.,1.110223024625E-16,0.));
#5263 = ADVANCED_FACE('',(#5264),#5281,.F.);
#5264 = FACE_BOUND('',#5265,.F.);
#5265 = EDGE_LOOP('',(#5266,#5267,#5268,#5276));
#5266 = ORIENTED_EDGE('',*,*,#5201,.T.);
#5267 = ORIENTED_EDGE('',*,*,#5139,.T.);
#5268 = ORIENTED_EDGE('',*,*,#5269,.F.);
#5269 = EDGE_CURVE('',#5270,#5132,#5272,.T.);
#5270 = VERTEX_POINT('',#5271);
#5271 = CARTESIAN_POINT('',(-1.95,2.275,0.825));
#5272 = LINE('',#5273,#5274);
#5273 = CARTESIAN_POINT('',(-1.95,2.275,0.825));
#5274 = VECTOR('',#5275,1.);
#5275 = DIRECTION('',(0.707106781187,0.707106781187,0.));
#5276 = ORIENTED_EDGE('',*,*,#5277,.F.);
#5277 = EDGE_CURVE('',#5194,#5270,#5278,.T.);
#5278 = B_SPLINE_CURVE_WITH_KNOTS('',1,(#5279,#5280),.UNSPECIFIED.,.F.,
  .F.,(2,2),(0.,1.),.PIECEWISE_BEZIER_KNOTS.);
#5279 = CARTESIAN_POINT('',(-1.835171280765,2.217585640382,0.1));
#5280 = CARTESIAN_POINT('',(-1.95,2.275,0.825));
#5281 = B_SPLINE_SURFACE_WITH_KNOTS('',1,1,(
    (#5282,#5283)
    ,(#5284,#5285
    )),.UNSPECIFIED.,.F.,.F.,.F.,(2,2),(2,2),(0.,0.247487373415),(0.,1.)
  ,.PIECEWISE_BEZIER_KNOTS.);
#5282 = CARTESIAN_POINT('',(-1.835171280765,2.217585640382,0.1));
#5283 = CARTESIAN_POINT('',(-1.95,2.275,0.825));
#5284 = CARTESIAN_POINT('',(-1.717585640382,2.335171280765,0.1));
#5285 = CARTESIAN_POINT('',(-1.775,2.45,0.825));
#5286 = ADVANCED_FACE('',(#5287),#5368,.F.);
#5287 = FACE_BOUND('',#5288,.F.);
#5288 = EDGE_LOOP('',(#5289,#5290,#5291,#5299,#5307,#5315,#5323,#5331,
    #5339,#5347,#5355,#5363));
#5289 = ORIENTED_EDGE('',*,*,#5193,.T.);
#5290 = ORIENTED_EDGE('',*,*,#5277,.T.);
#5291 = ORIENTED_EDGE('',*,*,#5292,.F.);
#5292 = EDGE_CURVE('',#5293,#5270,#5295,.T.);
#5293 = VERTEX_POINT('',#5294);
#5294 = CARTESIAN_POINT('',(-1.95,2.11,0.825));
#5295 = LINE('',#5296,#5297);
#5296 = CARTESIAN_POINT('',(-1.95,-2.275,0.825));
#5297 = VECTOR('',#5298,1.);
#5298 = DIRECTION('',(-1.110223024625E-16,1.,0.));
#5299 = ORIENTED_EDGE('',*,*,#5300,.F.);
#5300 = EDGE_CURVE('',#5301,#5293,#5303,.T.);
#5301 = VERTEX_POINT('',#5302);
#5302 = CARTESIAN_POINT('',(-1.95,1.7,0.825));
#5303 = LINE('',#5304,#5305);
#5304 = CARTESIAN_POINT('',(-1.95,-2.275,0.825));
#5305 = VECTOR('',#5306,1.);
#5306 = DIRECTION('',(-1.110223024625E-16,1.,0.));
#5307 = ORIENTED_EDGE('',*,*,#5308,.F.);
#5308 = EDGE_CURVE('',#5309,#5301,#5311,.T.);
#5309 = VERTEX_POINT('',#5310);
#5310 = CARTESIAN_POINT('',(-1.95,0.84,0.825));
#5311 = LINE('',#5312,#5313);
#5312 = CARTESIAN_POINT('',(-1.95,-2.275,0.825));
#5313 = VECTOR('',#5314,1.);
#5314 = DIRECTION('',(-1.110223024625E-16,1.,0.));
#5315 = ORIENTED_EDGE('',*,*,#5316,.F.);
#5316 = EDGE_CURVE('',#5317,#5309,#5319,.T.);
#5317 = VERTEX_POINT('',#5318);
#5318 = CARTESIAN_POINT('',(-1.95,0.43,0.825));
#5319 = LINE('',#5320,#5321);
#5320 = CARTESIAN_POINT('',(-1.95,-2.275,0.825));
#5321 = VECTOR('',#5322,1.);
#5322 = DIRECTION('',(-1.110223024625E-16,1.,0.));
#5323 = ORIENTED_EDGE('',*,*,#5324,.F.);
#5324 = EDGE_CURVE('',#5325,#5317,#5327,.T.);
#5325 = VERTEX_POINT('',#5326);
#5326 = CARTESIAN_POINT('',(-1.95,-0.43,0.825));
#5327 = LINE('',#5328,#5329);
#5328 = CARTESIAN_POINT('',(-1.95,-2.275,0.825));
#5329 = VECTOR('',#5330,1.);
#5330 = DIRECTION('',(-1.110223024625E-16,1.,0.));
#5331 = ORIENTED_EDGE('',*,*,#5332,.F.);
#5332 = EDGE_CURVE('',#5333,#5325,#5335,.T.);
#5333 = VERTEX_POINT('',#5334);
#5334 = CARTESIAN_POINT('',(-1.95,-0.84,0.825));
#5335 = LINE('',#5336,#5337);
#5336 = CARTESIAN_POINT('',(-1.95,-2.275,0.825));
#5337 = VECTOR('',#5338,1.);
#5338 = DIRECTION('',(-1.110223024625E-16,1.,0.));
#5339 = ORIENTED_EDGE('',*,*,#5340,.F.);
#5340 = EDGE_CURVE('',#5341,#5333,#5343,.T.);
#5341 = VERTEX_POINT('',#5342);
#5342 = CARTESIAN_POINT('',(-1.95,-1.7,0.825));
#5343 = LINE('',#5344,#5345);
#5344 = CARTESIAN_POINT('',(-1.95,-2.275,0.825));
#5345 = VECTOR('',#5346,1.);
#5346 = DIRECTION('',(-1.110223024625E-16,1.,0.));
#5347 = ORIENTED_EDGE('',*,*,#5348,.F.);
#5348 = EDGE_CURVE('',#5349,#5341,#5351,.T.);
#5349 = VERTEX_POINT('',#5350);
#5350 = CARTESIAN_POINT('',(-1.95,-2.11,0.825));
#5351 = LINE('',#5352,#5353);
#5352 = CARTESIAN_POINT('',(-1.95,-2.275,0.825));
#5353 = VECTOR('',#5354,1.);
#5354 = DIRECTION('',(-1.110223024625E-16,1.,0.));
#5355 = ORIENTED_EDGE('',*,*,#5356,.F.);
#5356 = EDGE_CURVE('',#5357,#5349,#5359,.T.);
#5357 = VERTEX_POINT('',#5358);
#5358 = CARTESIAN_POINT('',(-1.95,-2.275,0.825));
#5359 = LINE('',#5360,#5361);
#5360 = CARTESIAN_POINT('',(-1.95,-2.275,0.825));
#5361 = VECTOR('',#5362,1.);
#5362 = DIRECTION('',(-1.110223024625E-16,1.,0.));
#5363 = ORIENTED_EDGE('',*,*,#5364,.F.);
#5364 = EDGE_CURVE('',#5186,#5357,#5365,.T.);
#5365 = B_SPLINE_CURVE_WITH_KNOTS('',1,(#5366,#5367),.UNSPECIFIED.,.F.,
  .F.,(2,2),(0.,1.),.PIECEWISE_BEZIER_KNOTS.);
#5366 = CARTESIAN_POINT('',(-1.835171280765,-2.217585640382,0.1));
#5367 = CARTESIAN_POINT('',(-1.95,-2.275,0.825));
#5368 = B_SPLINE_SURFACE_WITH_KNOTS('',1,1,(
    (#5369,#5370)
    ,(#5371,#5372
    )),.UNSPECIFIED.,.F.,.F.,.F.,(2,2),(2,2),(0.,4.55),(0.,1.),
  .PIECEWISE_BEZIER_KNOTS.);
#5369 = CARTESIAN_POINT('',(-1.835171280765,-2.217585640382,0.1));
#5370 = CARTESIAN_POINT('',(-1.95,-2.275,0.825));
#5371 = CARTESIAN_POINT('',(-1.835171280765,2.217585640382,0.1));
#5372 = CARTESIAN_POINT('',(-1.95,2.275,0.825));
#5373 = ADVANCED_FACE('',(#5374),#5455,.F.);
#5374 = FACE_BOUND('',#5375,.F.);
#5375 = EDGE_LOOP('',(#5376,#5377,#5384,#5392,#5400,#5408,#5416,#5424,
    #5432,#5440,#5448,#5454));
#5376 = ORIENTED_EDGE('',*,*,#5161,.T.);
#5377 = ORIENTED_EDGE('',*,*,#5378,.T.);
#5378 = EDGE_CURVE('',#5162,#5379,#5381,.T.);
#5379 = VERTEX_POINT('',#5380);
#5380 = CARTESIAN_POINT('',(1.95,-2.275,0.825));
#5381 = B_SPLINE_CURVE_WITH_KNOTS('',1,(#5382,#5383),.UNSPECIFIED.,.F.,
  .F.,(2,2),(0.,1.),.PIECEWISE_BEZIER_KNOTS.);
#5382 = CARTESIAN_POINT('',(1.835171280765,-2.217585640382,0.1));
#5383 = CARTESIAN_POINT('',(1.95,-2.275,0.825));
#5384 = ORIENTED_EDGE('',*,*,#5385,.F.);
#5385 = EDGE_CURVE('',#5386,#5379,#5388,.T.);
#5386 = VERTEX_POINT('',#5387);
#5387 = CARTESIAN_POINT('',(1.95,-2.11,0.825));
#5388 = LINE('',#5389,#5390);
#5389 = CARTESIAN_POINT('',(1.95,2.275,0.825));
#5390 = VECTOR('',#5391,1.);
#5391 = DIRECTION('',(1.110223024625E-16,-1.,0.));
#5392 = ORIENTED_EDGE('',*,*,#5393,.F.);
#5393 = EDGE_CURVE('',#5394,#5386,#5396,.T.);
#5394 = VERTEX_POINT('',#5395);
#5395 = CARTESIAN_POINT('',(1.95,-1.7,0.825));
#5396 = LINE('',#5397,#5398);
#5397 = CARTESIAN_POINT('',(1.95,2.275,0.825));
#5398 = VECTOR('',#5399,1.);
#5399 = DIRECTION('',(1.110223024625E-16,-1.,0.));
#5400 = ORIENTED_EDGE('',*,*,#5401,.F.);
#5401 = EDGE_CURVE('',#5402,#5394,#5404,.T.);
#5402 = VERTEX_POINT('',#5403);
#5403 = CARTESIAN_POINT('',(1.95,-0.84,0.825));
#5404 = LINE('',#5405,#5406);
#5405 = CARTESIAN_POINT('',(1.95,2.275,0.825));
#5406 = VECTOR('',#5407,1.);
#5407 = DIRECTION('',(1.110223024625E-16,-1.,0.));
#5408 = ORIENTED_EDGE('',*,*,#5409,.F.);
#5409 = EDGE_CURVE('',#5410,#5402,#5412,.T.);
#5410 = VERTEX_POINT('',#5411);
#5411 = CARTESIAN_POINT('',(1.95,-0.43,0.825));
#5412 = LINE('',#5413,#5414);
#5413 = CARTESIAN_POINT('',(1.95,2.275,0.825));
#5414 = VECTOR('',#5415,1.);
#5415 = DIRECTION('',(1.110223024625E-16,-1.,0.));
#5416 = ORIENTED_EDGE('',*,*,#5417,.F.);
#5417 = EDGE_CURVE('',#5418,#5410,#5420,.T.);
#5418 = VERTEX_POINT('',#5419);
#5419 = CARTESIAN_POINT('',(1.95,0.43,0.825));
#5420 = LINE('',#5421,#5422);
#5421 = CARTESIAN_POINT('',(1.95,2.275,0.825));
#5422 = VECTOR('',#5423,1.);
#5423 = DIRECTION('',(1.110223024625E-16,-1.,0.));
#5424 = ORIENTED_EDGE('',*,*,#5425,.F.);
#5425 = EDGE_CURVE('',#5426,#5418,#5428,.T.);
#5426 = VERTEX_POINT('',#5427);
#5427 = CARTESIAN_POINT('',(1.95,0.84,0.825));
#5428 = LINE('',#5429,#5430);
#5429 = CARTESIAN_POINT('',(1.95,2.275,0.825));
#5430 = VECTOR('',#5431,1.);
#5431 = DIRECTION('',(1.110223024625E-16,-1.,0.));
#5432 = ORIENTED_EDGE('',*,*,#5433,.F.);
#5433 = EDGE_CURVE('',#5434,#5426,#5436,.T.);
#5434 = VERTEX_POINT('',#5435);
#5435 = CARTESIAN_POINT('',(1.95,1.7,0.825));
#5436 = LINE('',#5437,#5438);
#5437 = CARTESIAN_POINT('',(1.95,2.275,0.825));
#5438 = VECTOR('',#5439,1.);
#5439 = DIRECTION('',(1.110223024625E-16,-1.,0.));
#5440 = ORIENTED_EDGE('',*,*,#5441,.F.);
#5441 = EDGE_CURVE('',#5442,#5434,#5444,.T.);
#5442 = VERTEX_POINT('',#5443);
#5443 = CARTESIAN_POINT('',(1.95,2.11,0.825));
#5444 = LINE('',#5445,#5446);
#5445 = CARTESIAN_POINT('',(1.95,2.275,0.825));
#5446 = VECTOR('',#5447,1.);
#5447 = DIRECTION('',(1.110223024625E-16,-1.,0.));
#5448 = ORIENTED_EDGE('',*,*,#5449,.F.);
#5449 = EDGE_CURVE('',#5217,#5442,#5450,.T.);
#5450 = LINE('',#5451,#5452);
#5451 = CARTESIAN_POINT('',(1.95,2.275,0.825));
#5452 = VECTOR('',#5453,1.);
#5453 = DIRECTION('',(1.110223024625E-16,-1.,0.));
#5454 = ORIENTED_EDGE('',*,*,#5216,.F.);
#5455 = B_SPLINE_SURFACE_WITH_KNOTS('',1,1,(
    (#5456,#5457)
    ,(#5458,#5459
    )),.UNSPECIFIED.,.F.,.F.,.F.,(2,2),(2,2),(0.,4.55),(0.,1.),
  .PIECEWISE_BEZIER_KNOTS.);
#5456 = CARTESIAN_POINT('',(1.835171280765,2.217585640382,0.1));
#5457 = CARTESIAN_POINT('',(1.95,2.275,0.825));
#5458 = CARTESIAN_POINT('',(1.835171280765,-2.217585640382,0.1));
#5459 = CARTESIAN_POINT('',(1.95,-2.275,0.825));
#5460 = ADVANCED_FACE('',(#5461),#5478,.F.);
#5461 = FACE_BOUND('',#5462,.F.);
#5462 = EDGE_LOOP('',(#5463,#5464,#5465,#5473));
#5463 = ORIENTED_EDGE('',*,*,#5185,.T.);
#5464 = ORIENTED_EDGE('',*,*,#5364,.T.);
#5465 = ORIENTED_EDGE('',*,*,#5466,.F.);
#5466 = EDGE_CURVE('',#5467,#5357,#5469,.T.);
#5467 = VERTEX_POINT('',#5468);
#5468 = CARTESIAN_POINT('',(-1.775,-2.45,0.825));
#5469 = LINE('',#5470,#5471);
#5470 = CARTESIAN_POINT('',(-1.775,-2.45,0.825));
#5471 = VECTOR('',#5472,1.);
#5472 = DIRECTION('',(-0.707106781187,0.707106781187,0.));
#5473 = ORIENTED_EDGE('',*,*,#5474,.F.);
#5474 = EDGE_CURVE('',#5178,#5467,#5475,.T.);
#5475 = B_SPLINE_CURVE_WITH_KNOTS('',1,(#5476,#5477),.UNSPECIFIED.,.F.,
  .F.,(2,2),(0.,1.),.PIECEWISE_BEZIER_KNOTS.);
#5476 = CARTESIAN_POINT('',(-1.717585640382,-2.335171280765,0.1));
#5477 = CARTESIAN_POINT('',(-1.775,-2.45,0.825));
#5478 = B_SPLINE_SURFACE_WITH_KNOTS('',1,1,(
    (#5479,#5480)
    ,(#5481,#5482
    )),.UNSPECIFIED.,.F.,.F.,.F.,(2,2),(2,2),(0.,0.247487373415),(0.,1.)
  ,.PIECEWISE_BEZIER_KNOTS.);
#5479 = CARTESIAN_POINT('',(-1.717585640382,-2.335171280765,0.1));
#5480 = CARTESIAN_POINT('',(-1.775,-2.45,0.825));
#5481 = CARTESIAN_POINT('',(-1.835171280765,-2.217585640382,0.1));
#5482 = CARTESIAN_POINT('',(-1.95,-2.275,0.825));
#5483 = ADVANCED_FACE('',(#5484),#5501,.F.);
#5484 = FACE_BOUND('',#5485,.F.);
#5485 = EDGE_LOOP('',(#5486,#5487,#5494,#5500));
#5486 = ORIENTED_EDGE('',*,*,#5169,.T.);
#5487 = ORIENTED_EDGE('',*,*,#5488,.T.);
#5488 = EDGE_CURVE('',#5170,#5489,#5491,.T.);
#5489 = VERTEX_POINT('',#5490);
#5490 = CARTESIAN_POINT('',(1.775,-2.45,0.825));
#5491 = B_SPLINE_CURVE_WITH_KNOTS('',1,(#5492,#5493),.UNSPECIFIED.,.F.,
  .F.,(2,2),(0.,1.),.PIECEWISE_BEZIER_KNOTS.);
#5492 = CARTESIAN_POINT('',(1.717585640382,-2.335171280765,0.1));
#5493 = CARTESIAN_POINT('',(1.775,-2.45,0.825));
#5494 = ORIENTED_EDGE('',*,*,#5495,.F.);
#5495 = EDGE_CURVE('',#5379,#5489,#5496,.T.);
#5496 = LINE('',#5497,#5498);
#5497 = CARTESIAN_POINT('',(1.95,-2.275,0.825));
#5498 = VECTOR('',#5499,1.);
#5499 = DIRECTION('',(-0.707106781187,-0.707106781187,0.));
#5500 = ORIENTED_EDGE('',*,*,#5378,.F.);
#5501 = B_SPLINE_SURFACE_WITH_KNOTS('',1,1,(
    (#5502,#5503)
    ,(#5504,#5505
    )),.UNSPECIFIED.,.F.,.F.,.F.,(2,2),(2,2),(0.,0.247487373415),(0.,1.)
  ,.PIECEWISE_BEZIER_KNOTS.);
#5502 = CARTESIAN_POINT('',(1.835171280765,-2.217585640382,0.1));
#5503 = CARTESIAN_POINT('',(1.95,-2.275,0.825));
#5504 = CARTESIAN_POINT('',(1.717585640382,-2.335171280765,0.1));
#5505 = CARTESIAN_POINT('',(1.775,-2.45,0.825));
#5506 = ADVANCED_FACE('',(#5507),#5518,.F.);
#5507 = FACE_BOUND('',#5508,.F.);
#5508 = EDGE_LOOP('',(#5509,#5510,#5511,#5517));
#5509 = ORIENTED_EDGE('',*,*,#5177,.T.);
#5510 = ORIENTED_EDGE('',*,*,#5474,.T.);
#5511 = ORIENTED_EDGE('',*,*,#5512,.F.);
#5512 = EDGE_CURVE('',#5489,#5467,#5513,.T.);
#5513 = LINE('',#5514,#5515);
#5514 = CARTESIAN_POINT('',(1.775,-2.45,0.825));
#5515 = VECTOR('',#5516,1.);
#5516 = DIRECTION('',(-1.,-1.110223024625E-16,0.));
#5517 = ORIENTED_EDGE('',*,*,#5488,.F.);
#5518 = B_SPLINE_SURFACE_WITH_KNOTS('',1,1,(
    (#5519,#5520)
    ,(#5521,#5522
    )),.UNSPECIFIED.,.F.,.F.,.F.,(2,2),(2,2),(0.,3.55),(0.,1.),
  .PIECEWISE_BEZIER_KNOTS.);
#5519 = CARTESIAN_POINT('',(1.717585640382,-2.335171280765,0.1));
#5520 = CARTESIAN_POINT('',(1.775,-2.45,0.825));
#5521 = CARTESIAN_POINT('',(-1.717585640382,-2.335171280765,0.1));
#5522 = CARTESIAN_POINT('',(-1.775,-2.45,0.825));
#5523 = ADVANCED_FACE('',(#5524),#5541,.F.);
#5524 = FACE_BOUND('',#5525,.F.);
#5525 = EDGE_LOOP('',(#5526,#5527,#5534,#5540));
#5526 = ORIENTED_EDGE('',*,*,#5223,.T.);
#5527 = ORIENTED_EDGE('',*,*,#5528,.T.);
#5528 = EDGE_CURVE('',#5217,#5529,#5531,.T.);
#5529 = VERTEX_POINT('',#5530);
#5530 = CARTESIAN_POINT('',(1.95,2.275,1.025));
#5531 = B_SPLINE_CURVE_WITH_KNOTS('',1,(#5532,#5533),.UNSPECIFIED.,.F.,
  .F.,(2,2),(0.,1.),.PIECEWISE_BEZIER_KNOTS.);
#5532 = CARTESIAN_POINT('',(1.95,2.275,0.825));
#5533 = CARTESIAN_POINT('',(1.95,2.275,1.025));
#5534 = ORIENTED_EDGE('',*,*,#5535,.F.);
#5535 = EDGE_CURVE('',#5240,#5529,#5536,.T.);
#5536 = LINE('',#5537,#5538);
#5537 = CARTESIAN_POINT('',(1.775,2.45,1.025));
#5538 = VECTOR('',#5539,1.);
#5539 = DIRECTION('',(0.707106781187,-0.707106781187,0.));
#5540 = ORIENTED_EDGE('',*,*,#5239,.F.);
#5541 = PLANE('',#5542);
#5542 = AXIS2_PLACEMENT_3D('',#5543,#5544,#5545);
#5543 = CARTESIAN_POINT('',(1.775,2.45,1.025));
#5544 = DIRECTION('',(-0.707106781187,-0.707106781187,0.));
#5545 = DIRECTION('',(0.707106781187,-0.707106781187,0.));
#5546 = ADVANCED_FACE('',(#5547),#5629,.F.);
#5547 = FACE_BOUND('',#5548,.F.);
#5548 = EDGE_LOOP('',(#5549,#5557,#5558,#5559,#5567,#5575,#5583,#5591,
    #5599,#5607,#5615,#5623));
#5549 = ORIENTED_EDGE('',*,*,#5550,.T.);
#5550 = EDGE_CURVE('',#5551,#5247,#5553,.T.);
#5551 = VERTEX_POINT('',#5552);
#5552 = CARTESIAN_POINT('',(-1.95,2.275,1.025));
#5553 = LINE('',#5554,#5555);
#5554 = CARTESIAN_POINT('',(-1.95,2.275,1.025));
#5555 = VECTOR('',#5556,1.);
#5556 = DIRECTION('',(0.707106781187,0.707106781187,0.));
#5557 = ORIENTED_EDGE('',*,*,#5246,.T.);
#5558 = ORIENTED_EDGE('',*,*,#5535,.T.);
#5559 = ORIENTED_EDGE('',*,*,#5560,.T.);
#5560 = EDGE_CURVE('',#5529,#5561,#5563,.T.);
#5561 = VERTEX_POINT('',#5562);
#5562 = CARTESIAN_POINT('',(1.95,2.11,1.025));
#5563 = LINE('',#5564,#5565);
#5564 = CARTESIAN_POINT('',(1.95,2.275,1.025));
#5565 = VECTOR('',#5566,1.);
#5566 = DIRECTION('',(1.110223024625E-16,-1.,0.));
#5567 = ORIENTED_EDGE('',*,*,#5568,.T.);
#5568 = EDGE_CURVE('',#5561,#5569,#5571,.T.);
#5569 = VERTEX_POINT('',#5570);
#5570 = CARTESIAN_POINT('',(1.875,2.11,1.025));
#5571 = LINE('',#5572,#5573);
#5572 = CARTESIAN_POINT('',(2.25,2.11,1.025));
#5573 = VECTOR('',#5574,1.);
#5574 = DIRECTION('',(-1.,-1.110223024625E-16,0.));
#5575 = ORIENTED_EDGE('',*,*,#5576,.F.);
#5576 = EDGE_CURVE('',#5577,#5569,#5579,.T.);
#5577 = VERTEX_POINT('',#5578);
#5578 = CARTESIAN_POINT('',(1.875,2.2375,1.025));
#5579 = LINE('',#5580,#5581);
#5580 = CARTESIAN_POINT('',(1.875,2.2375,1.025));
#5581 = VECTOR('',#5582,1.);
#5582 = DIRECTION('',(1.110223024625E-16,-1.,0.));
#5583 = ORIENTED_EDGE('',*,*,#5584,.F.);
#5584 = EDGE_CURVE('',#5585,#5577,#5587,.T.);
#5585 = VERTEX_POINT('',#5586);
#5586 = CARTESIAN_POINT('',(1.7375,2.375,1.025));
#5587 = LINE('',#5588,#5589);
#5588 = CARTESIAN_POINT('',(1.7375,2.375,1.025));
#5589 = VECTOR('',#5590,1.);
#5590 = DIRECTION('',(0.707106781187,-0.707106781187,0.));
#5591 = ORIENTED_EDGE('',*,*,#5592,.F.);
#5592 = EDGE_CURVE('',#5593,#5585,#5595,.T.);
#5593 = VERTEX_POINT('',#5594);
#5594 = CARTESIAN_POINT('',(-1.7375,2.375,1.025));
#5595 = LINE('',#5596,#5597);
#5596 = CARTESIAN_POINT('',(-1.7375,2.375,1.025));
#5597 = VECTOR('',#5598,1.);
#5598 = DIRECTION('',(1.,1.110223024625E-16,0.));
#5599 = ORIENTED_EDGE('',*,*,#5600,.F.);
#5600 = EDGE_CURVE('',#5601,#5593,#5603,.T.);
#5601 = VERTEX_POINT('',#5602);
#5602 = CARTESIAN_POINT('',(-1.875,2.2375,1.025));
#5603 = LINE('',#5604,#5605);
#5604 = CARTESIAN_POINT('',(-1.875,2.2375,1.025));
#5605 = VECTOR('',#5606,1.);
#5606 = DIRECTION('',(0.707106781187,0.707106781187,0.));
#5607 = ORIENTED_EDGE('',*,*,#5608,.F.);
#5608 = EDGE_CURVE('',#5609,#5601,#5611,.T.);
#5609 = VERTEX_POINT('',#5610);
#5610 = CARTESIAN_POINT('',(-1.875,2.11,1.025));
#5611 = LINE('',#5612,#5613);
#5612 = CARTESIAN_POINT('',(-1.875,-2.2375,1.025));
#5613 = VECTOR('',#5614,1.);
#5614 = DIRECTION('',(-1.110223024625E-16,1.,0.));
#5615 = ORIENTED_EDGE('',*,*,#5616,.F.);
#5616 = EDGE_CURVE('',#5617,#5609,#5619,.T.);
#5617 = VERTEX_POINT('',#5618);
#5618 = CARTESIAN_POINT('',(-1.95,2.11,1.025));
#5619 = LINE('',#5620,#5621);
#5620 = CARTESIAN_POINT('',(-2.25,2.11,1.025));
#5621 = VECTOR('',#5622,1.);
#5622 = DIRECTION('',(1.,-1.144237745222E-17,0.));
#5623 = ORIENTED_EDGE('',*,*,#5624,.T.);
#5624 = EDGE_CURVE('',#5617,#5551,#5625,.T.);
#5625 = LINE('',#5626,#5627);
#5626 = CARTESIAN_POINT('',(-1.95,-2.275,1.025));
#5627 = VECTOR('',#5628,1.);
#5628 = DIRECTION('',(-1.110223024625E-16,1.,0.));
#5629 = PLANE('',#5630);
#5630 = AXIS2_PLACEMENT_3D('',#5631,#5632,#5633);
#5631 = CARTESIAN_POINT('',(-3.027078129022E-16,2.4125,1.025));
#5632 = DIRECTION('',(2.007919022429E-31,-7.713306628828E-27,-1.));
#5633 = DIRECTION('',(1.,1.112083013911E-16,2.00791902242E-31));
#5634 = ADVANCED_FACE('',(#5635),#5645,.F.);
#5635 = FACE_BOUND('',#5636,.F.);
#5636 = EDGE_LOOP('',(#5637,#5638,#5639,#5640));
#5637 = ORIENTED_EDGE('',*,*,#5269,.T.);
#5638 = ORIENTED_EDGE('',*,*,#5254,.T.);
#5639 = ORIENTED_EDGE('',*,*,#5550,.F.);
#5640 = ORIENTED_EDGE('',*,*,#5641,.F.);
#5641 = EDGE_CURVE('',#5270,#5551,#5642,.T.);
#5642 = B_SPLINE_CURVE_WITH_KNOTS('',1,(#5643,#5644),.UNSPECIFIED.,.F.,
  .F.,(2,2),(0.,1.),.PIECEWISE_BEZIER_KNOTS.);
#5643 = CARTESIAN_POINT('',(-1.95,2.275,0.825));
#5644 = CARTESIAN_POINT('',(-1.95,2.275,1.025));
#5645 = PLANE('',#5646);
#5646 = AXIS2_PLACEMENT_3D('',#5647,#5648,#5649);
#5647 = CARTESIAN_POINT('',(-1.95,2.275,1.025));
#5648 = DIRECTION('',(0.707106781187,-0.707106781187,0.));
#5649 = DIRECTION('',(0.707106781187,0.707106781187,0.));
#5650 = ADVANCED_FACE('',(#5651),#5675,.F.);
#5651 = FACE_BOUND('',#5652,.F.);
#5652 = EDGE_LOOP('',(#5653,#5660,#5661,#5669));
#5653 = ORIENTED_EDGE('',*,*,#5654,.F.);
#5654 = EDGE_CURVE('',#5357,#5655,#5657,.T.);
#5655 = VERTEX_POINT('',#5656);
#5656 = CARTESIAN_POINT('',(-1.95,-2.275,1.025));
#5657 = B_SPLINE_CURVE_WITH_KNOTS('',1,(#5658,#5659),.UNSPECIFIED.,.F.,
  .F.,(2,2),(0.,1.),.PIECEWISE_BEZIER_KNOTS.);
#5658 = CARTESIAN_POINT('',(-1.95,-2.275,0.825));
#5659 = CARTESIAN_POINT('',(-1.95,-2.275,1.025));
#5660 = ORIENTED_EDGE('',*,*,#5356,.T.);
#5661 = ORIENTED_EDGE('',*,*,#5662,.T.);
#5662 = EDGE_CURVE('',#5349,#5663,#5665,.T.);
#5663 = VERTEX_POINT('',#5664);
#5664 = CARTESIAN_POINT('',(-1.95,-2.11,1.025));
#5665 = LINE('',#5666,#5667);
#5666 = CARTESIAN_POINT('',(-1.95,-2.11,0.786976568901));
#5667 = VECTOR('',#5668,1.);
#5668 = DIRECTION('',(0.,0.,1.));
#5669 = ORIENTED_EDGE('',*,*,#5670,.F.);
#5670 = EDGE_CURVE('',#5655,#5663,#5671,.T.);
#5671 = LINE('',#5672,#5673);
#5672 = CARTESIAN_POINT('',(-1.95,-2.275,1.025));
#5673 = VECTOR('',#5674,1.);
#5674 = DIRECTION('',(-1.110223024625E-16,1.,0.));
#5675 = PLANE('',#5676);
#5676 = AXIS2_PLACEMENT_3D('',#5677,#5678,#5679);
#5677 = CARTESIAN_POINT('',(-1.95,-2.275,1.025));
#5678 = DIRECTION('',(1.,1.110223024625E-16,0.));
#5679 = DIRECTION('',(-1.110223024625E-16,1.,0.));
#5680 = ADVANCED_FACE('',(#5681),#5706,.F.);
#5681 = FACE_BOUND('',#5682,.F.);
#5682 = EDGE_LOOP('',(#5683,#5691,#5692,#5700));
#5683 = ORIENTED_EDGE('',*,*,#5684,.F.);
#5684 = EDGE_CURVE('',#5349,#5685,#5687,.T.);
#5685 = VERTEX_POINT('',#5686);
#5686 = CARTESIAN_POINT('',(-2.25,-2.11,0.825));
#5687 = LINE('',#5688,#5689);
#5688 = CARTESIAN_POINT('',(-1.8,-2.11,0.825));
#5689 = VECTOR('',#5690,1.);
#5690 = DIRECTION('',(-1.,1.144237745222E-17,0.));
#5691 = ORIENTED_EDGE('',*,*,#5348,.T.);
#5692 = ORIENTED_EDGE('',*,*,#5693,.T.);
#5693 = EDGE_CURVE('',#5341,#5694,#5696,.T.);
#5694 = VERTEX_POINT('',#5695);
#5695 = CARTESIAN_POINT('',(-2.25,-1.7,0.825));
#5696 = LINE('',#5697,#5698);
#5697 = CARTESIAN_POINT('',(-1.8,-1.7,0.825));
#5698 = VECTOR('',#5699,1.);
#5699 = DIRECTION('',(-1.,1.144237745222E-17,0.));
#5700 = ORIENTED_EDGE('',*,*,#5701,.F.);
#5701 = EDGE_CURVE('',#5685,#5694,#5702,.T.);
#5702 = LINE('',#5703,#5704);
#5703 = CARTESIAN_POINT('',(-2.25,-2.11,0.825));
#5704 = VECTOR('',#5705,1.);
#5705 = DIRECTION('',(1.144237745222E-17,1.,0.));
#5706 = PLANE('',#5707);
#5707 = AXIS2_PLACEMENT_3D('',#5708,#5709,#5710);
#5708 = CARTESIAN_POINT('',(-1.8,-2.11,0.825));
#5709 = DIRECTION('',(0.,0.,1.));
#5710 = DIRECTION('',(-1.,1.144237745222E-17,0.));
#5711 = ADVANCED_FACE('',(#5712),#5737,.F.);
#5712 = FACE_BOUND('',#5713,.F.);
#5713 = EDGE_LOOP('',(#5714,#5722,#5723,#5731));
#5714 = ORIENTED_EDGE('',*,*,#5715,.F.);
#5715 = EDGE_CURVE('',#5341,#5716,#5718,.T.);
#5716 = VERTEX_POINT('',#5717);
#5717 = CARTESIAN_POINT('',(-1.95,-1.7,1.025));
#5718 = LINE('',#5719,#5720);
#5719 = CARTESIAN_POINT('',(-1.95,-1.7,0.786976568901));
#5720 = VECTOR('',#5721,1.);
#5721 = DIRECTION('',(0.,0.,1.));
#5722 = ORIENTED_EDGE('',*,*,#5340,.T.);
#5723 = ORIENTED_EDGE('',*,*,#5724,.T.);
#5724 = EDGE_CURVE('',#5333,#5725,#5727,.T.);
#5725 = VERTEX_POINT('',#5726);
#5726 = CARTESIAN_POINT('',(-1.95,-0.84,1.025));
#5727 = LINE('',#5728,#5729);
#5728 = CARTESIAN_POINT('',(-1.95,-0.84,0.786976568901));
#5729 = VECTOR('',#5730,1.);
#5730 = DIRECTION('',(0.,0.,1.));
#5731 = ORIENTED_EDGE('',*,*,#5732,.F.);
#5732 = EDGE_CURVE('',#5716,#5725,#5733,.T.);
#5733 = LINE('',#5734,#5735);
#5734 = CARTESIAN_POINT('',(-1.95,-2.275,1.025));
#5735 = VECTOR('',#5736,1.);
#5736 = DIRECTION('',(-1.110223024625E-16,1.,0.));
#5737 = PLANE('',#5738);
#5738 = AXIS2_PLACEMENT_3D('',#5739,#5740,#5741);
#5739 = CARTESIAN_POINT('',(-1.95,-2.275,1.025));
#5740 = DIRECTION('',(1.,1.110223024625E-16,0.));
#5741 = DIRECTION('',(-1.110223024625E-16,1.,0.));
#5742 = ADVANCED_FACE('',(#5743),#5768,.F.);
#5743 = FACE_BOUND('',#5744,.F.);
#5744 = EDGE_LOOP('',(#5745,#5753,#5754,#5762));
#5745 = ORIENTED_EDGE('',*,*,#5746,.F.);
#5746 = EDGE_CURVE('',#5333,#5747,#5749,.T.);
#5747 = VERTEX_POINT('',#5748);
#5748 = CARTESIAN_POINT('',(-2.25,-0.84,0.825));
#5749 = LINE('',#5750,#5751);
#5750 = CARTESIAN_POINT('',(-1.8,-0.84,0.825));
#5751 = VECTOR('',#5752,1.);
#5752 = DIRECTION('',(-1.,1.144237745222E-17,0.));
#5753 = ORIENTED_EDGE('',*,*,#5332,.T.);
#5754 = ORIENTED_EDGE('',*,*,#5755,.T.);
#5755 = EDGE_CURVE('',#5325,#5756,#5758,.T.);
#5756 = VERTEX_POINT('',#5757);
#5757 = CARTESIAN_POINT('',(-2.25,-0.43,0.825));
#5758 = LINE('',#5759,#5760);
#5759 = CARTESIAN_POINT('',(-1.8,-0.43,0.825));
#5760 = VECTOR('',#5761,1.);
#5761 = DIRECTION('',(-1.,1.144237745222E-17,0.));
#5762 = ORIENTED_EDGE('',*,*,#5763,.F.);
#5763 = EDGE_CURVE('',#5747,#5756,#5764,.T.);
#5764 = LINE('',#5765,#5766);
#5765 = CARTESIAN_POINT('',(-2.25,-0.84,0.825));
#5766 = VECTOR('',#5767,1.);
#5767 = DIRECTION('',(1.144237745222E-17,1.,0.));
#5768 = PLANE('',#5769);
#5769 = AXIS2_PLACEMENT_3D('',#5770,#5771,#5772);
#5770 = CARTESIAN_POINT('',(-1.8,-0.84,0.825));
#5771 = DIRECTION('',(0.,0.,1.));
#5772 = DIRECTION('',(-1.,1.144237745222E-17,0.));
#5773 = ADVANCED_FACE('',(#5774),#5799,.F.);
#5774 = FACE_BOUND('',#5775,.F.);
#5775 = EDGE_LOOP('',(#5776,#5784,#5785,#5793));
#5776 = ORIENTED_EDGE('',*,*,#5777,.F.);
#5777 = EDGE_CURVE('',#5325,#5778,#5780,.T.);
#5778 = VERTEX_POINT('',#5779);
#5779 = CARTESIAN_POINT('',(-1.95,-0.43,1.025));
#5780 = LINE('',#5781,#5782);
#5781 = CARTESIAN_POINT('',(-1.95,-0.43,0.786976568901));
#5782 = VECTOR('',#5783,1.);
#5783 = DIRECTION('',(0.,0.,1.));
#5784 = ORIENTED_EDGE('',*,*,#5324,.T.);
#5785 = ORIENTED_EDGE('',*,*,#5786,.T.);
#5786 = EDGE_CURVE('',#5317,#5787,#5789,.T.);
#5787 = VERTEX_POINT('',#5788);
#5788 = CARTESIAN_POINT('',(-1.95,0.43,1.025));
#5789 = LINE('',#5790,#5791);
#5790 = CARTESIAN_POINT('',(-1.95,0.43,0.786976568901));
#5791 = VECTOR('',#5792,1.);
#5792 = DIRECTION('',(0.,0.,1.));
#5793 = ORIENTED_EDGE('',*,*,#5794,.F.);
#5794 = EDGE_CURVE('',#5778,#5787,#5795,.T.);
#5795 = LINE('',#5796,#5797);
#5796 = CARTESIAN_POINT('',(-1.95,-2.275,1.025));
#5797 = VECTOR('',#5798,1.);
#5798 = DIRECTION('',(-1.110223024625E-16,1.,0.));
#5799 = PLANE('',#5800);
#5800 = AXIS2_PLACEMENT_3D('',#5801,#5802,#5803);
#5801 = CARTESIAN_POINT('',(-1.95,-2.275,1.025));
#5802 = DIRECTION('',(1.,1.110223024625E-16,0.));
#5803 = DIRECTION('',(-1.110223024625E-16,1.,0.));
#5804 = ADVANCED_FACE('',(#5805),#5830,.F.);
#5805 = FACE_BOUND('',#5806,.F.);
#5806 = EDGE_LOOP('',(#5807,#5815,#5816,#5824));
#5807 = ORIENTED_EDGE('',*,*,#5808,.F.);
#5808 = EDGE_CURVE('',#5317,#5809,#5811,.T.);
#5809 = VERTEX_POINT('',#5810);
#5810 = CARTESIAN_POINT('',(-2.25,0.43,0.825));
#5811 = LINE('',#5812,#5813);
#5812 = CARTESIAN_POINT('',(-1.8,0.43,0.825));
#5813 = VECTOR('',#5814,1.);
#5814 = DIRECTION('',(-1.,1.144237745222E-17,0.));
#5815 = ORIENTED_EDGE('',*,*,#5316,.T.);
#5816 = ORIENTED_EDGE('',*,*,#5817,.T.);
#5817 = EDGE_CURVE('',#5309,#5818,#5820,.T.);
#5818 = VERTEX_POINT('',#5819);
#5819 = CARTESIAN_POINT('',(-2.25,0.84,0.825));
#5820 = LINE('',#5821,#5822);
#5821 = CARTESIAN_POINT('',(-1.8,0.84,0.825));
#5822 = VECTOR('',#5823,1.);
#5823 = DIRECTION('',(-1.,1.144237745222E-17,0.));
#5824 = ORIENTED_EDGE('',*,*,#5825,.F.);
#5825 = EDGE_CURVE('',#5809,#5818,#5826,.T.);
#5826 = LINE('',#5827,#5828);
#5827 = CARTESIAN_POINT('',(-2.25,0.43,0.825));
#5828 = VECTOR('',#5829,1.);
#5829 = DIRECTION('',(1.144237745222E-17,1.,0.));
#5830 = PLANE('',#5831);
#5831 = AXIS2_PLACEMENT_3D('',#5832,#5833,#5834);
#5832 = CARTESIAN_POINT('',(-1.8,0.43,0.825));
#5833 = DIRECTION('',(0.,0.,1.));
#5834 = DIRECTION('',(-1.,1.144237745222E-17,0.));
#5835 = ADVANCED_FACE('',(#5836),#5861,.F.);
#5836 = FACE_BOUND('',#5837,.F.);
#5837 = EDGE_LOOP('',(#5838,#5846,#5847,#5855));
#5838 = ORIENTED_EDGE('',*,*,#5839,.F.);
#5839 = EDGE_CURVE('',#5309,#5840,#5842,.T.);
#5840 = VERTEX_POINT('',#5841);
#5841 = CARTESIAN_POINT('',(-1.95,0.84,1.025));
#5842 = LINE('',#5843,#5844);
#5843 = CARTESIAN_POINT('',(-1.95,0.84,0.786976568901));
#5844 = VECTOR('',#5845,1.);
#5845 = DIRECTION('',(0.,0.,1.));
#5846 = ORIENTED_EDGE('',*,*,#5308,.T.);
#5847 = ORIENTED_EDGE('',*,*,#5848,.T.);
#5848 = EDGE_CURVE('',#5301,#5849,#5851,.T.);
#5849 = VERTEX_POINT('',#5850);
#5850 = CARTESIAN_POINT('',(-1.95,1.7,1.025));
#5851 = LINE('',#5852,#5853);
#5852 = CARTESIAN_POINT('',(-1.95,1.7,0.786976568901));
#5853 = VECTOR('',#5854,1.);
#5854 = DIRECTION('',(0.,0.,1.));
#5855 = ORIENTED_EDGE('',*,*,#5856,.F.);
#5856 = EDGE_CURVE('',#5840,#5849,#5857,.T.);
#5857 = LINE('',#5858,#5859);
#5858 = CARTESIAN_POINT('',(-1.95,-2.275,1.025));
#5859 = VECTOR('',#5860,1.);
#5860 = DIRECTION('',(-1.110223024625E-16,1.,0.));
#5861 = PLANE('',#5862);
#5862 = AXIS2_PLACEMENT_3D('',#5863,#5864,#5865);
#5863 = CARTESIAN_POINT('',(-1.95,-2.275,1.025));
#5864 = DIRECTION('',(1.,1.110223024625E-16,0.));
#5865 = DIRECTION('',(-1.110223024625E-16,1.,0.));
#5866 = ADVANCED_FACE('',(#5867),#5892,.F.);
#5867 = FACE_BOUND('',#5868,.F.);
#5868 = EDGE_LOOP('',(#5869,#5877,#5878,#5886));
#5869 = ORIENTED_EDGE('',*,*,#5870,.F.);
#5870 = EDGE_CURVE('',#5301,#5871,#5873,.T.);
#5871 = VERTEX_POINT('',#5872);
#5872 = CARTESIAN_POINT('',(-2.25,1.7,0.825));
#5873 = LINE('',#5874,#5875);
#5874 = CARTESIAN_POINT('',(-1.8,1.7,0.825));
#5875 = VECTOR('',#5876,1.);
#5876 = DIRECTION('',(-1.,1.144237745222E-17,0.));
#5877 = ORIENTED_EDGE('',*,*,#5300,.T.);
#5878 = ORIENTED_EDGE('',*,*,#5879,.T.);
#5879 = EDGE_CURVE('',#5293,#5880,#5882,.T.);
#5880 = VERTEX_POINT('',#5881);
#5881 = CARTESIAN_POINT('',(-2.25,2.11,0.825));
#5882 = LINE('',#5883,#5884);
#5883 = CARTESIAN_POINT('',(-1.8,2.11,0.825));
#5884 = VECTOR('',#5885,1.);
#5885 = DIRECTION('',(-1.,1.144237745222E-17,0.));
#5886 = ORIENTED_EDGE('',*,*,#5887,.F.);
#5887 = EDGE_CURVE('',#5871,#5880,#5888,.T.);
#5888 = LINE('',#5889,#5890);
#5889 = CARTESIAN_POINT('',(-2.25,1.7,0.825));
#5890 = VECTOR('',#5891,1.);
#5891 = DIRECTION('',(1.144237745222E-17,1.,0.));
#5892 = PLANE('',#5893);
#5893 = AXIS2_PLACEMENT_3D('',#5894,#5895,#5896);
#5894 = CARTESIAN_POINT('',(-1.8,1.7,0.825));
#5895 = DIRECTION('',(0.,0.,1.));
#5896 = DIRECTION('',(-1.,1.144237745222E-17,0.));
#5897 = ADVANCED_FACE('',(#5898),#5909,.F.);
#5898 = FACE_BOUND('',#5899,.F.);
#5899 = EDGE_LOOP('',(#5900,#5906,#5907,#5908));
#5900 = ORIENTED_EDGE('',*,*,#5901,.F.);
#5901 = EDGE_CURVE('',#5293,#5617,#5902,.T.);
#5902 = LINE('',#5903,#5904);
#5903 = CARTESIAN_POINT('',(-1.95,2.11,0.786976568901));
#5904 = VECTOR('',#5905,1.);
#5905 = DIRECTION('',(0.,0.,1.));
#5906 = ORIENTED_EDGE('',*,*,#5292,.T.);
#5907 = ORIENTED_EDGE('',*,*,#5641,.T.);
#5908 = ORIENTED_EDGE('',*,*,#5624,.F.);
#5909 = PLANE('',#5910);
#5910 = AXIS2_PLACEMENT_3D('',#5911,#5912,#5913);
#5911 = CARTESIAN_POINT('',(-1.95,-2.275,1.025));
#5912 = DIRECTION('',(1.,1.110223024625E-16,0.));
#5913 = DIRECTION('',(-1.110223024625E-16,1.,0.));
#5914 = ADVANCED_FACE('',(#5915),#5926,.F.);
#5915 = FACE_BOUND('',#5916,.F.);
#5916 = EDGE_LOOP('',(#5917,#5918,#5919,#5925));
#5917 = ORIENTED_EDGE('',*,*,#5528,.F.);
#5918 = ORIENTED_EDGE('',*,*,#5449,.T.);
#5919 = ORIENTED_EDGE('',*,*,#5920,.T.);
#5920 = EDGE_CURVE('',#5442,#5561,#5921,.T.);
#5921 = LINE('',#5922,#5923);
#5922 = CARTESIAN_POINT('',(1.95,2.11,0.786976568901));
#5923 = VECTOR('',#5924,1.);
#5924 = DIRECTION('',(0.,0.,1.));
#5925 = ORIENTED_EDGE('',*,*,#5560,.F.);
#5926 = PLANE('',#5927);
#5927 = AXIS2_PLACEMENT_3D('',#5928,#5929,#5930);
#5928 = CARTESIAN_POINT('',(1.95,2.275,1.025));
#5929 = DIRECTION('',(-1.,-1.110223024625E-16,0.));
#5930 = DIRECTION('',(1.110223024625E-16,-1.,0.));
#5931 = ADVANCED_FACE('',(#5932),#5957,.F.);
#5932 = FACE_BOUND('',#5933,.F.);
#5933 = EDGE_LOOP('',(#5934,#5942,#5943,#5951));
#5934 = ORIENTED_EDGE('',*,*,#5935,.F.);
#5935 = EDGE_CURVE('',#5442,#5936,#5938,.T.);
#5936 = VERTEX_POINT('',#5937);
#5937 = CARTESIAN_POINT('',(2.25,2.11,0.825));
#5938 = LINE('',#5939,#5940);
#5939 = CARTESIAN_POINT('',(1.8,2.11,0.825));
#5940 = VECTOR('',#5941,1.);
#5941 = DIRECTION('',(1.,1.110223024625E-16,0.));
#5942 = ORIENTED_EDGE('',*,*,#5441,.T.);
#5943 = ORIENTED_EDGE('',*,*,#5944,.T.);
#5944 = EDGE_CURVE('',#5434,#5945,#5947,.T.);
#5945 = VERTEX_POINT('',#5946);
#5946 = CARTESIAN_POINT('',(2.25,1.7,0.825));
#5947 = LINE('',#5948,#5949);
#5948 = CARTESIAN_POINT('',(1.8,1.7,0.825));
#5949 = VECTOR('',#5950,1.);
#5950 = DIRECTION('',(1.,1.110223024625E-16,0.));
#5951 = ORIENTED_EDGE('',*,*,#5952,.F.);
#5952 = EDGE_CURVE('',#5936,#5945,#5953,.T.);
#5953 = LINE('',#5954,#5955);
#5954 = CARTESIAN_POINT('',(2.25,2.11,0.825));
#5955 = VECTOR('',#5956,1.);
#5956 = DIRECTION('',(1.110223024625E-16,-1.,0.));
#5957 = PLANE('',#5958);
#5958 = AXIS2_PLACEMENT_3D('',#5959,#5960,#5961);
#5959 = CARTESIAN_POINT('',(1.8,2.11,0.825));
#5960 = DIRECTION('',(0.,0.,1.));
#5961 = DIRECTION('',(1.,1.110223024625E-16,-0.));
#5962 = ADVANCED_FACE('',(#5963),#5988,.F.);
#5963 = FACE_BOUND('',#5964,.F.);
#5964 = EDGE_LOOP('',(#5965,#5973,#5974,#5982));
#5965 = ORIENTED_EDGE('',*,*,#5966,.F.);
#5966 = EDGE_CURVE('',#5434,#5967,#5969,.T.);
#5967 = VERTEX_POINT('',#5968);
#5968 = CARTESIAN_POINT('',(1.95,1.7,1.025));
#5969 = LINE('',#5970,#5971);
#5970 = CARTESIAN_POINT('',(1.95,1.7,0.786976568901));
#5971 = VECTOR('',#5972,1.);
#5972 = DIRECTION('',(0.,0.,1.));
#5973 = ORIENTED_EDGE('',*,*,#5433,.T.);
#5974 = ORIENTED_EDGE('',*,*,#5975,.T.);
#5975 = EDGE_CURVE('',#5426,#5976,#5978,.T.);
#5976 = VERTEX_POINT('',#5977);
#5977 = CARTESIAN_POINT('',(1.95,0.84,1.025));
#5978 = LINE('',#5979,#5980);
#5979 = CARTESIAN_POINT('',(1.95,0.84,0.786976568901));
#5980 = VECTOR('',#5981,1.);
#5981 = DIRECTION('',(0.,0.,1.));
#5982 = ORIENTED_EDGE('',*,*,#5983,.F.);
#5983 = EDGE_CURVE('',#5967,#5976,#5984,.T.);
#5984 = LINE('',#5985,#5986);
#5985 = CARTESIAN_POINT('',(1.95,2.275,1.025));
#5986 = VECTOR('',#5987,1.);
#5987 = DIRECTION('',(1.110223024625E-16,-1.,0.));
#5988 = PLANE('',#5989);
#5989 = AXIS2_PLACEMENT_3D('',#5990,#5991,#5992);
#5990 = CARTESIAN_POINT('',(1.95,2.275,1.025));
#5991 = DIRECTION('',(-1.,-1.110223024625E-16,0.));
#5992 = DIRECTION('',(1.110223024625E-16,-1.,0.));
#5993 = ADVANCED_FACE('',(#5994),#6019,.F.);
#5994 = FACE_BOUND('',#5995,.F.);
#5995 = EDGE_LOOP('',(#5996,#6004,#6005,#6013));
#5996 = ORIENTED_EDGE('',*,*,#5997,.F.);
#5997 = EDGE_CURVE('',#5426,#5998,#6000,.T.);
#5998 = VERTEX_POINT('',#5999);
#5999 = CARTESIAN_POINT('',(2.25,0.84,0.825));
#6000 = LINE('',#6001,#6002);
#6001 = CARTESIAN_POINT('',(1.8,0.84,0.825));
#6002 = VECTOR('',#6003,1.);
#6003 = DIRECTION('',(1.,1.110223024625E-16,0.));
#6004 = ORIENTED_EDGE('',*,*,#5425,.T.);
#6005 = ORIENTED_EDGE('',*,*,#6006,.T.);
#6006 = EDGE_CURVE('',#5418,#6007,#6009,.T.);
#6007 = VERTEX_POINT('',#6008);
#6008 = CARTESIAN_POINT('',(2.25,0.43,0.825));
#6009 = LINE('',#6010,#6011);
#6010 = CARTESIAN_POINT('',(1.8,0.43,0.825));
#6011 = VECTOR('',#6012,1.);
#6012 = DIRECTION('',(1.,1.110223024625E-16,0.));
#6013 = ORIENTED_EDGE('',*,*,#6014,.F.);
#6014 = EDGE_CURVE('',#5998,#6007,#6015,.T.);
#6015 = LINE('',#6016,#6017);
#6016 = CARTESIAN_POINT('',(2.25,0.84,0.825));
#6017 = VECTOR('',#6018,1.);
#6018 = DIRECTION('',(1.110223024625E-16,-1.,0.));
#6019 = PLANE('',#6020);
#6020 = AXIS2_PLACEMENT_3D('',#6021,#6022,#6023);
#6021 = CARTESIAN_POINT('',(1.8,0.84,0.825));
#6022 = DIRECTION('',(0.,0.,1.));
#6023 = DIRECTION('',(1.,1.110223024625E-16,-0.));
#6024 = ADVANCED_FACE('',(#6025),#6050,.F.);
#6025 = FACE_BOUND('',#6026,.F.);
#6026 = EDGE_LOOP('',(#6027,#6035,#6036,#6044));
#6027 = ORIENTED_EDGE('',*,*,#6028,.F.);
#6028 = EDGE_CURVE('',#5418,#6029,#6031,.T.);
#6029 = VERTEX_POINT('',#6030);
#6030 = CARTESIAN_POINT('',(1.95,0.43,1.025));
#6031 = LINE('',#6032,#6033);
#6032 = CARTESIAN_POINT('',(1.95,0.43,0.786976568901));
#6033 = VECTOR('',#6034,1.);
#6034 = DIRECTION('',(0.,0.,1.));
#6035 = ORIENTED_EDGE('',*,*,#5417,.T.);
#6036 = ORIENTED_EDGE('',*,*,#6037,.T.);
#6037 = EDGE_CURVE('',#5410,#6038,#6040,.T.);
#6038 = VERTEX_POINT('',#6039);
#6039 = CARTESIAN_POINT('',(1.95,-0.43,1.025));
#6040 = LINE('',#6041,#6042);
#6041 = CARTESIAN_POINT('',(1.95,-0.43,0.786976568901));
#6042 = VECTOR('',#6043,1.);
#6043 = DIRECTION('',(0.,0.,1.));
#6044 = ORIENTED_EDGE('',*,*,#6045,.F.);
#6045 = EDGE_CURVE('',#6029,#6038,#6046,.T.);
#6046 = LINE('',#6047,#6048);
#6047 = CARTESIAN_POINT('',(1.95,2.275,1.025));
#6048 = VECTOR('',#6049,1.);
#6049 = DIRECTION('',(1.110223024625E-16,-1.,0.));
#6050 = PLANE('',#6051);
#6051 = AXIS2_PLACEMENT_3D('',#6052,#6053,#6054);
#6052 = CARTESIAN_POINT('',(1.95,2.275,1.025));
#6053 = DIRECTION('',(-1.,-1.110223024625E-16,0.));
#6054 = DIRECTION('',(1.110223024625E-16,-1.,0.));
#6055 = ADVANCED_FACE('',(#6056),#6081,.F.);
#6056 = FACE_BOUND('',#6057,.F.);
#6057 = EDGE_LOOP('',(#6058,#6066,#6067,#6075));
#6058 = ORIENTED_EDGE('',*,*,#6059,.F.);
#6059 = EDGE_CURVE('',#5410,#6060,#6062,.T.);
#6060 = VERTEX_POINT('',#6061);
#6061 = CARTESIAN_POINT('',(2.25,-0.43,0.825));
#6062 = LINE('',#6063,#6064);
#6063 = CARTESIAN_POINT('',(1.8,-0.43,0.825));
#6064 = VECTOR('',#6065,1.);
#6065 = DIRECTION('',(1.,1.110223024625E-16,0.));
#6066 = ORIENTED_EDGE('',*,*,#5409,.T.);
#6067 = ORIENTED_EDGE('',*,*,#6068,.T.);
#6068 = EDGE_CURVE('',#5402,#6069,#6071,.T.);
#6069 = VERTEX_POINT('',#6070);
#6070 = CARTESIAN_POINT('',(2.25,-0.84,0.825));
#6071 = LINE('',#6072,#6073);
#6072 = CARTESIAN_POINT('',(1.8,-0.84,0.825));
#6073 = VECTOR('',#6074,1.);
#6074 = DIRECTION('',(1.,1.110223024625E-16,0.));
#6075 = ORIENTED_EDGE('',*,*,#6076,.F.);
#6076 = EDGE_CURVE('',#6060,#6069,#6077,.T.);
#6077 = LINE('',#6078,#6079);
#6078 = CARTESIAN_POINT('',(2.25,-0.43,0.825));
#6079 = VECTOR('',#6080,1.);
#6080 = DIRECTION('',(1.110223024625E-16,-1.,0.));
#6081 = PLANE('',#6082);
#6082 = AXIS2_PLACEMENT_3D('',#6083,#6084,#6085);
#6083 = CARTESIAN_POINT('',(1.8,-0.43,0.825));
#6084 = DIRECTION('',(0.,0.,1.));
#6085 = DIRECTION('',(1.,1.110223024625E-16,-0.));
#6086 = ADVANCED_FACE('',(#6087),#6112,.F.);
#6087 = FACE_BOUND('',#6088,.F.);
#6088 = EDGE_LOOP('',(#6089,#6097,#6098,#6106));
#6089 = ORIENTED_EDGE('',*,*,#6090,.F.);
#6090 = EDGE_CURVE('',#5402,#6091,#6093,.T.);
#6091 = VERTEX_POINT('',#6092);
#6092 = CARTESIAN_POINT('',(1.95,-0.84,1.025));
#6093 = LINE('',#6094,#6095);
#6094 = CARTESIAN_POINT('',(1.95,-0.84,0.786976568901));
#6095 = VECTOR('',#6096,1.);
#6096 = DIRECTION('',(0.,0.,1.));
#6097 = ORIENTED_EDGE('',*,*,#5401,.T.);
#6098 = ORIENTED_EDGE('',*,*,#6099,.T.);
#6099 = EDGE_CURVE('',#5394,#6100,#6102,.T.);
#6100 = VERTEX_POINT('',#6101);
#6101 = CARTESIAN_POINT('',(1.95,-1.7,1.025));
#6102 = LINE('',#6103,#6104);
#6103 = CARTESIAN_POINT('',(1.95,-1.7,0.786976568901));
#6104 = VECTOR('',#6105,1.);
#6105 = DIRECTION('',(0.,0.,1.));
#6106 = ORIENTED_EDGE('',*,*,#6107,.F.);
#6107 = EDGE_CURVE('',#6091,#6100,#6108,.T.);
#6108 = LINE('',#6109,#6110);
#6109 = CARTESIAN_POINT('',(1.95,2.275,1.025));
#6110 = VECTOR('',#6111,1.);
#6111 = DIRECTION('',(1.110223024625E-16,-1.,0.));
#6112 = PLANE('',#6113);
#6113 = AXIS2_PLACEMENT_3D('',#6114,#6115,#6116);
#6114 = CARTESIAN_POINT('',(1.95,2.275,1.025));
#6115 = DIRECTION('',(-1.,-1.110223024625E-16,0.));
#6116 = DIRECTION('',(1.110223024625E-16,-1.,0.));
#6117 = ADVANCED_FACE('',(#6118),#6143,.F.);
#6118 = FACE_BOUND('',#6119,.F.);
#6119 = EDGE_LOOP('',(#6120,#6128,#6129,#6137));
#6120 = ORIENTED_EDGE('',*,*,#6121,.F.);
#6121 = EDGE_CURVE('',#5394,#6122,#6124,.T.);
#6122 = VERTEX_POINT('',#6123);
#6123 = CARTESIAN_POINT('',(2.25,-1.7,0.825));
#6124 = LINE('',#6125,#6126);
#6125 = CARTESIAN_POINT('',(1.8,-1.7,0.825));
#6126 = VECTOR('',#6127,1.);
#6127 = DIRECTION('',(1.,1.110223024625E-16,0.));
#6128 = ORIENTED_EDGE('',*,*,#5393,.T.);
#6129 = ORIENTED_EDGE('',*,*,#6130,.T.);
#6130 = EDGE_CURVE('',#5386,#6131,#6133,.T.);
#6131 = VERTEX_POINT('',#6132);
#6132 = CARTESIAN_POINT('',(2.25,-2.11,0.825));
#6133 = LINE('',#6134,#6135);
#6134 = CARTESIAN_POINT('',(1.8,-2.11,0.825));
#6135 = VECTOR('',#6136,1.);
#6136 = DIRECTION('',(1.,1.110223024625E-16,0.));
#6137 = ORIENTED_EDGE('',*,*,#6138,.F.);
#6138 = EDGE_CURVE('',#6122,#6131,#6139,.T.);
#6139 = LINE('',#6140,#6141);
#6140 = CARTESIAN_POINT('',(2.25,-1.7,0.825));
#6141 = VECTOR('',#6142,1.);
#6142 = DIRECTION('',(1.110223024625E-16,-1.,0.));
#6143 = PLANE('',#6144);
#6144 = AXIS2_PLACEMENT_3D('',#6145,#6146,#6147);
#6145 = CARTESIAN_POINT('',(1.8,-1.7,0.825));
#6146 = DIRECTION('',(0.,0.,1.));
#6147 = DIRECTION('',(1.,1.110223024625E-16,-0.));
#6148 = ADVANCED_FACE('',(#6149),#6173,.F.);
#6149 = FACE_BOUND('',#6150,.F.);
#6150 = EDGE_LOOP('',(#6151,#6159,#6160,#6167));
#6151 = ORIENTED_EDGE('',*,*,#6152,.F.);
#6152 = EDGE_CURVE('',#5386,#6153,#6155,.T.);
#6153 = VERTEX_POINT('',#6154);
#6154 = CARTESIAN_POINT('',(1.95,-2.11,1.025));
#6155 = LINE('',#6156,#6157);
#6156 = CARTESIAN_POINT('',(1.95,-2.11,0.786976568901));
#6157 = VECTOR('',#6158,1.);
#6158 = DIRECTION('',(0.,0.,1.));
#6159 = ORIENTED_EDGE('',*,*,#5385,.T.);
#6160 = ORIENTED_EDGE('',*,*,#6161,.T.);
#6161 = EDGE_CURVE('',#5379,#6162,#6164,.T.);
#6162 = VERTEX_POINT('',#6163);
#6163 = CARTESIAN_POINT('',(1.95,-2.275,1.025));
#6164 = B_SPLINE_CURVE_WITH_KNOTS('',1,(#6165,#6166),.UNSPECIFIED.,.F.,
  .F.,(2,2),(0.,1.),.PIECEWISE_BEZIER_KNOTS.);
#6165 = CARTESIAN_POINT('',(1.95,-2.275,0.825));
#6166 = CARTESIAN_POINT('',(1.95,-2.275,1.025));
#6167 = ORIENTED_EDGE('',*,*,#6168,.F.);
#6168 = EDGE_CURVE('',#6153,#6162,#6169,.T.);
#6169 = LINE('',#6170,#6171);
#6170 = CARTESIAN_POINT('',(1.95,2.275,1.025));
#6171 = VECTOR('',#6172,1.);
#6172 = DIRECTION('',(1.110223024625E-16,-1.,0.));
#6173 = PLANE('',#6174);
#6174 = AXIS2_PLACEMENT_3D('',#6175,#6176,#6177);
#6175 = CARTESIAN_POINT('',(1.95,2.275,1.025));
#6176 = DIRECTION('',(-1.,-1.110223024625E-16,0.));
#6177 = DIRECTION('',(1.110223024625E-16,-1.,0.));
#6178 = ADVANCED_FACE('',(#6179),#6196,.F.);
#6179 = FACE_BOUND('',#6180,.F.);
#6180 = EDGE_LOOP('',(#6181,#6182,#6183,#6191));
#6181 = ORIENTED_EDGE('',*,*,#5466,.T.);
#6182 = ORIENTED_EDGE('',*,*,#5654,.T.);
#6183 = ORIENTED_EDGE('',*,*,#6184,.F.);
#6184 = EDGE_CURVE('',#6185,#5655,#6187,.T.);
#6185 = VERTEX_POINT('',#6186);
#6186 = CARTESIAN_POINT('',(-1.775,-2.45,1.025));
#6187 = LINE('',#6188,#6189);
#6188 = CARTESIAN_POINT('',(-1.775,-2.45,1.025));
#6189 = VECTOR('',#6190,1.);
#6190 = DIRECTION('',(-0.707106781187,0.707106781187,0.));
#6191 = ORIENTED_EDGE('',*,*,#6192,.F.);
#6192 = EDGE_CURVE('',#5467,#6185,#6193,.T.);
#6193 = B_SPLINE_CURVE_WITH_KNOTS('',1,(#6194,#6195),.UNSPECIFIED.,.F.,
  .F.,(2,2),(0.,1.),.PIECEWISE_BEZIER_KNOTS.);
#6194 = CARTESIAN_POINT('',(-1.775,-2.45,0.825));
#6195 = CARTESIAN_POINT('',(-1.775,-2.45,1.025));
#6196 = PLANE('',#6197);
#6197 = AXIS2_PLACEMENT_3D('',#6198,#6199,#6200);
#6198 = CARTESIAN_POINT('',(-1.775,-2.45,1.025));
#6199 = DIRECTION('',(0.707106781187,0.707106781187,0.));
#6200 = DIRECTION('',(-0.707106781187,0.707106781187,0.));
#6201 = ADVANCED_FACE('',(#6202),#6219,.F.);
#6202 = FACE_BOUND('',#6203,.F.);
#6203 = EDGE_LOOP('',(#6204,#6205,#6212,#6218));
#6204 = ORIENTED_EDGE('',*,*,#5495,.T.);
#6205 = ORIENTED_EDGE('',*,*,#6206,.T.);
#6206 = EDGE_CURVE('',#5489,#6207,#6209,.T.);
#6207 = VERTEX_POINT('',#6208);
#6208 = CARTESIAN_POINT('',(1.775,-2.45,1.025));
#6209 = B_SPLINE_CURVE_WITH_KNOTS('',1,(#6210,#6211),.UNSPECIFIED.,.F.,
  .F.,(2,2),(0.,1.),.PIECEWISE_BEZIER_KNOTS.);
#6210 = CARTESIAN_POINT('',(1.775,-2.45,0.825));
#6211 = CARTESIAN_POINT('',(1.775,-2.45,1.025));
#6212 = ORIENTED_EDGE('',*,*,#6213,.F.);
#6213 = EDGE_CURVE('',#6162,#6207,#6214,.T.);
#6214 = LINE('',#6215,#6216);
#6215 = CARTESIAN_POINT('',(1.95,-2.275,1.025));
#6216 = VECTOR('',#6217,1.);
#6217 = DIRECTION('',(-0.707106781187,-0.707106781187,0.));
#6218 = ORIENTED_EDGE('',*,*,#6161,.F.);
#6219 = PLANE('',#6220);
#6220 = AXIS2_PLACEMENT_3D('',#6221,#6222,#6223);
#6221 = CARTESIAN_POINT('',(1.95,-2.275,1.025));
#6222 = DIRECTION('',(-0.707106781187,0.707106781187,0.));
#6223 = DIRECTION('',(-0.707106781187,-0.707106781187,0.));
#6224 = ADVANCED_FACE('',(#6225),#6236,.F.);
#6225 = FACE_BOUND('',#6226,.F.);
#6226 = EDGE_LOOP('',(#6227,#6228,#6229,#6235));
#6227 = ORIENTED_EDGE('',*,*,#5512,.T.);
#6228 = ORIENTED_EDGE('',*,*,#6192,.T.);
#6229 = ORIENTED_EDGE('',*,*,#6230,.F.);
#6230 = EDGE_CURVE('',#6207,#6185,#6231,.T.);
#6231 = LINE('',#6232,#6233);
#6232 = CARTESIAN_POINT('',(1.775,-2.45,1.025));
#6233 = VECTOR('',#6234,1.);
#6234 = DIRECTION('',(-1.,-1.110223024625E-16,0.));
#6235 = ORIENTED_EDGE('',*,*,#6206,.F.);
#6236 = PLANE('',#6237);
#6237 = AXIS2_PLACEMENT_3D('',#6238,#6239,#6240);
#6238 = CARTESIAN_POINT('',(1.775,-2.45,1.025));
#6239 = DIRECTION('',(-1.110223024625E-16,1.,0.));
#6240 = DIRECTION('',(-1.,-1.110223024625E-16,0.));
#6241 = ADVANCED_FACE('',(#6242),#6281,.F.);
#6242 = FACE_BOUND('',#6243,.F.);
#6243 = EDGE_LOOP('',(#6244,#6252,#6260,#6266,#6267,#6275));
#6244 = ORIENTED_EDGE('',*,*,#6245,.F.);
#6245 = EDGE_CURVE('',#6246,#5849,#6248,.T.);
#6246 = VERTEX_POINT('',#6247);
#6247 = CARTESIAN_POINT('',(-2.25,1.7,1.025));
#6248 = LINE('',#6249,#6250);
#6249 = CARTESIAN_POINT('',(-2.25,1.7,1.025));
#6250 = VECTOR('',#6251,1.);
#6251 = DIRECTION('',(1.,-1.144237745222E-17,0.));
#6252 = ORIENTED_EDGE('',*,*,#6253,.T.);
#6253 = EDGE_CURVE('',#6246,#6254,#6256,.T.);
#6254 = VERTEX_POINT('',#6255);
#6255 = CARTESIAN_POINT('',(-2.25,2.11,1.025));
#6256 = LINE('',#6257,#6258);
#6257 = CARTESIAN_POINT('',(-2.25,1.7,1.025));
#6258 = VECTOR('',#6259,1.);
#6259 = DIRECTION('',(1.144237745222E-17,1.,0.));
#6260 = ORIENTED_EDGE('',*,*,#6261,.T.);
#6261 = EDGE_CURVE('',#6254,#5617,#6262,.T.);
#6262 = LINE('',#6263,#6264);
#6263 = CARTESIAN_POINT('',(-2.25,2.11,1.025));
#6264 = VECTOR('',#6265,1.);
#6265 = DIRECTION('',(1.,-1.144237745222E-17,0.));
#6266 = ORIENTED_EDGE('',*,*,#5616,.T.);
#6267 = ORIENTED_EDGE('',*,*,#6268,.F.);
#6268 = EDGE_CURVE('',#6269,#5609,#6271,.T.);
#6269 = VERTEX_POINT('',#6270);
#6270 = CARTESIAN_POINT('',(-1.875,1.7,1.025));
#6271 = LINE('',#6272,#6273);
#6272 = CARTESIAN_POINT('',(-1.875,-2.2375,1.025));
#6273 = VECTOR('',#6274,1.);
#6274 = DIRECTION('',(-1.110223024625E-16,1.,0.));
#6275 = ORIENTED_EDGE('',*,*,#6276,.F.);
#6276 = EDGE_CURVE('',#5849,#6269,#6277,.T.);
#6277 = LINE('',#6278,#6279);
#6278 = CARTESIAN_POINT('',(-2.25,1.7,1.025));
#6279 = VECTOR('',#6280,1.);
#6280 = DIRECTION('',(1.,-1.144237745222E-17,0.));
#6281 = PLANE('',#6282);
#6282 = AXIS2_PLACEMENT_3D('',#6283,#6284,#6285);
#6283 = CARTESIAN_POINT('',(-2.25,1.7,1.025));
#6284 = DIRECTION('',(0.,0.,-1.));
#6285 = DIRECTION('',(1.,-1.144237745222E-17,0.));
#6286 = ADVANCED_FACE('',(#6287),#6367,.F.);
#6287 = FACE_BOUND('',#6288,.F.);
#6288 = EDGE_LOOP('',(#6289,#6299,#6307,#6315,#6323,#6331,#6339,#6345,
    #6346,#6347,#6354,#6362));
#6289 = ORIENTED_EDGE('',*,*,#6290,.T.);
#6290 = EDGE_CURVE('',#6291,#6293,#6295,.T.);
#6291 = VERTEX_POINT('',#6292);
#6292 = CARTESIAN_POINT('',(-1.875,-2.2375,1.025));
#6293 = VERTEX_POINT('',#6294);
#6294 = CARTESIAN_POINT('',(-1.875,-2.11,1.025));
#6295 = LINE('',#6296,#6297);
#6296 = CARTESIAN_POINT('',(-1.875,-2.2375,1.025));
#6297 = VECTOR('',#6298,1.);
#6298 = DIRECTION('',(-1.110223024625E-16,1.,0.));
#6299 = ORIENTED_EDGE('',*,*,#6300,.T.);
#6300 = EDGE_CURVE('',#6293,#6301,#6303,.T.);
#6301 = VERTEX_POINT('',#6302);
#6302 = CARTESIAN_POINT('',(-1.875,-1.7,1.025));
#6303 = LINE('',#6304,#6305);
#6304 = CARTESIAN_POINT('',(-1.875,-2.2375,1.025));
#6305 = VECTOR('',#6306,1.);
#6306 = DIRECTION('',(-1.110223024625E-16,1.,0.));
#6307 = ORIENTED_EDGE('',*,*,#6308,.T.);
#6308 = EDGE_CURVE('',#6301,#6309,#6311,.T.);
#6309 = VERTEX_POINT('',#6310);
#6310 = CARTESIAN_POINT('',(-1.875,-0.84,1.025));
#6311 = LINE('',#6312,#6313);
#6312 = CARTESIAN_POINT('',(-1.875,-2.2375,1.025));
#6313 = VECTOR('',#6314,1.);
#6314 = DIRECTION('',(-1.110223024625E-16,1.,0.));
#6315 = ORIENTED_EDGE('',*,*,#6316,.T.);
#6316 = EDGE_CURVE('',#6309,#6317,#6319,.T.);
#6317 = VERTEX_POINT('',#6318);
#6318 = CARTESIAN_POINT('',(-1.875,-0.43,1.025));
#6319 = LINE('',#6320,#6321);
#6320 = CARTESIAN_POINT('',(-1.875,-2.2375,1.025));
#6321 = VECTOR('',#6322,1.);
#6322 = DIRECTION('',(-1.110223024625E-16,1.,0.));
#6323 = ORIENTED_EDGE('',*,*,#6324,.T.);
#6324 = EDGE_CURVE('',#6317,#6325,#6327,.T.);
#6325 = VERTEX_POINT('',#6326);
#6326 = CARTESIAN_POINT('',(-1.875,0.43,1.025));
#6327 = LINE('',#6328,#6329);
#6328 = CARTESIAN_POINT('',(-1.875,-2.2375,1.025));
#6329 = VECTOR('',#6330,1.);
#6330 = DIRECTION('',(-1.110223024625E-16,1.,0.));
#6331 = ORIENTED_EDGE('',*,*,#6332,.T.);
#6332 = EDGE_CURVE('',#6325,#6333,#6335,.T.);
#6333 = VERTEX_POINT('',#6334);
#6334 = CARTESIAN_POINT('',(-1.875,0.84,1.025));
#6335 = LINE('',#6336,#6337);
#6336 = CARTESIAN_POINT('',(-1.875,-2.2375,1.025));
#6337 = VECTOR('',#6338,1.);
#6338 = DIRECTION('',(-1.110223024625E-16,1.,0.));
#6339 = ORIENTED_EDGE('',*,*,#6340,.T.);
#6340 = EDGE_CURVE('',#6333,#6269,#6341,.T.);
#6341 = LINE('',#6342,#6343);
#6342 = CARTESIAN_POINT('',(-1.875,-2.2375,1.025));
#6343 = VECTOR('',#6344,1.);
#6344 = DIRECTION('',(-1.110223024625E-16,1.,0.));
#6345 = ORIENTED_EDGE('',*,*,#6268,.T.);
#6346 = ORIENTED_EDGE('',*,*,#5608,.T.);
#6347 = ORIENTED_EDGE('',*,*,#6348,.T.);
#6348 = EDGE_CURVE('',#5601,#6349,#6351,.T.);
#6349 = VERTEX_POINT('',#6350);
#6350 = CARTESIAN_POINT('',(-1.760171280765,2.180085640382,1.75));
#6351 = B_SPLINE_CURVE_WITH_KNOTS('',1,(#6352,#6353),.UNSPECIFIED.,.F.,
  .F.,(2,2),(0.,1.),.PIECEWISE_BEZIER_KNOTS.);
#6352 = CARTESIAN_POINT('',(-1.875,2.2375,1.025));
#6353 = CARTESIAN_POINT('',(-1.760171280765,2.180085640382,1.75));
#6354 = ORIENTED_EDGE('',*,*,#6355,.F.);
#6355 = EDGE_CURVE('',#6356,#6349,#6358,.T.);
#6356 = VERTEX_POINT('',#6357);
#6357 = CARTESIAN_POINT('',(-1.760171280765,-2.180085640382,1.75));
#6358 = LINE('',#6359,#6360);
#6359 = CARTESIAN_POINT('',(-1.760171280765,-2.180085640382,1.75));
#6360 = VECTOR('',#6361,1.);
#6361 = DIRECTION('',(-1.110223024625E-16,1.,0.));
#6362 = ORIENTED_EDGE('',*,*,#6363,.F.);
#6363 = EDGE_CURVE('',#6291,#6356,#6364,.T.);
#6364 = B_SPLINE_CURVE_WITH_KNOTS('',1,(#6365,#6366),.UNSPECIFIED.,.F.,
  .F.,(2,2),(0.,1.),.PIECEWISE_BEZIER_KNOTS.);
#6365 = CARTESIAN_POINT('',(-1.875,-2.2375,1.025));
#6366 = CARTESIAN_POINT('',(-1.760171280765,-2.180085640382,1.75));
#6367 = B_SPLINE_SURFACE_WITH_KNOTS('',1,1,(
    (#6368,#6369)
    ,(#6370,#6371
    )),.UNSPECIFIED.,.F.,.F.,.F.,(2,2),(2,2),(0.,4.475),(0.,1.),
  .PIECEWISE_BEZIER_KNOTS.);
#6368 = CARTESIAN_POINT('',(-1.875,-2.2375,1.025));
#6369 = CARTESIAN_POINT('',(-1.760171280765,-2.180085640382,1.75));
#6370 = CARTESIAN_POINT('',(-1.875,2.2375,1.025));
#6371 = CARTESIAN_POINT('',(-1.760171280765,2.180085640382,1.75));
#6372 = ADVANCED_FACE('',(#6373),#6390,.F.);
#6373 = FACE_BOUND('',#6374,.F.);
#6374 = EDGE_LOOP('',(#6375,#6376,#6383,#6389));
#6375 = ORIENTED_EDGE('',*,*,#5600,.T.);
#6376 = ORIENTED_EDGE('',*,*,#6377,.T.);
#6377 = EDGE_CURVE('',#5593,#6378,#6380,.T.);
#6378 = VERTEX_POINT('',#6379);
#6379 = CARTESIAN_POINT('',(-1.680085640382,2.260171280765,1.75));
#6380 = B_SPLINE_CURVE_WITH_KNOTS('',1,(#6381,#6382),.UNSPECIFIED.,.F.,
  .F.,(2,2),(0.,1.),.PIECEWISE_BEZIER_KNOTS.);
#6381 = CARTESIAN_POINT('',(-1.7375,2.375,1.025));
#6382 = CARTESIAN_POINT('',(-1.680085640382,2.260171280765,1.75));
#6383 = ORIENTED_EDGE('',*,*,#6384,.F.);
#6384 = EDGE_CURVE('',#6349,#6378,#6385,.T.);
#6385 = LINE('',#6386,#6387);
#6386 = CARTESIAN_POINT('',(-1.760171280765,2.180085640382,1.75));
#6387 = VECTOR('',#6388,1.);
#6388 = DIRECTION('',(0.707106781187,0.707106781187,0.));
#6389 = ORIENTED_EDGE('',*,*,#6348,.F.);
#6390 = B_SPLINE_SURFACE_WITH_KNOTS('',1,1,(
    (#6391,#6392)
    ,(#6393,#6394
    )),.UNSPECIFIED.,.F.,.F.,.F.,(2,2),(2,2),(0.,0.194454364826),(0.,1.)
  ,.PIECEWISE_BEZIER_KNOTS.);
#6391 = CARTESIAN_POINT('',(-1.875,2.2375,1.025));
#6392 = CARTESIAN_POINT('',(-1.760171280765,2.180085640382,1.75));
#6393 = CARTESIAN_POINT('',(-1.7375,2.375,1.025));
#6394 = CARTESIAN_POINT('',(-1.680085640382,2.260171280765,1.75));
#6395 = ADVANCED_FACE('',(#6396),#6413,.F.);
#6396 = FACE_BOUND('',#6397,.F.);
#6397 = EDGE_LOOP('',(#6398,#6399,#6406,#6412));
#6398 = ORIENTED_EDGE('',*,*,#5592,.T.);
#6399 = ORIENTED_EDGE('',*,*,#6400,.T.);
#6400 = EDGE_CURVE('',#5585,#6401,#6403,.T.);
#6401 = VERTEX_POINT('',#6402);
#6402 = CARTESIAN_POINT('',(1.680085640382,2.260171280765,1.75));
#6403 = B_SPLINE_CURVE_WITH_KNOTS('',1,(#6404,#6405),.UNSPECIFIED.,.F.,
  .F.,(2,2),(0.,1.),.PIECEWISE_BEZIER_KNOTS.);
#6404 = CARTESIAN_POINT('',(1.7375,2.375,1.025));
#6405 = CARTESIAN_POINT('',(1.680085640382,2.260171280765,1.75));
#6406 = ORIENTED_EDGE('',*,*,#6407,.F.);
#6407 = EDGE_CURVE('',#6378,#6401,#6408,.T.);
#6408 = LINE('',#6409,#6410);
#6409 = CARTESIAN_POINT('',(-1.680085640382,2.260171280765,1.75));
#6410 = VECTOR('',#6411,1.);
#6411 = DIRECTION('',(1.,1.110223024625E-16,0.));
#6412 = ORIENTED_EDGE('',*,*,#6377,.F.);
#6413 = B_SPLINE_SURFACE_WITH_KNOTS('',1,1,(
    (#6414,#6415)
    ,(#6416,#6417
    )),.UNSPECIFIED.,.F.,.F.,.F.,(2,2),(2,2),(0.,3.475),(0.,1.),
  .PIECEWISE_BEZIER_KNOTS.);
#6414 = CARTESIAN_POINT('',(-1.7375,2.375,1.025));
#6415 = CARTESIAN_POINT('',(-1.680085640382,2.260171280765,1.75));
#6416 = CARTESIAN_POINT('',(1.7375,2.375,1.025));
#6417 = CARTESIAN_POINT('',(1.680085640382,2.260171280765,1.75));
#6418 = ADVANCED_FACE('',(#6419),#6436,.F.);
#6419 = FACE_BOUND('',#6420,.F.);
#6420 = EDGE_LOOP('',(#6421,#6422,#6429,#6435));
#6421 = ORIENTED_EDGE('',*,*,#5584,.T.);
#6422 = ORIENTED_EDGE('',*,*,#6423,.T.);
#6423 = EDGE_CURVE('',#5577,#6424,#6426,.T.);
#6424 = VERTEX_POINT('',#6425);
#6425 = CARTESIAN_POINT('',(1.760171280765,2.180085640382,1.75));
#6426 = B_SPLINE_CURVE_WITH_KNOTS('',1,(#6427,#6428),.UNSPECIFIED.,.F.,
  .F.,(2,2),(0.,1.),.PIECEWISE_BEZIER_KNOTS.);
#6427 = CARTESIAN_POINT('',(1.875,2.2375,1.025));
#6428 = CARTESIAN_POINT('',(1.760171280765,2.180085640382,1.75));
#6429 = ORIENTED_EDGE('',*,*,#6430,.F.);
#6430 = EDGE_CURVE('',#6401,#6424,#6431,.T.);
#6431 = LINE('',#6432,#6433);
#6432 = CARTESIAN_POINT('',(1.680085640382,2.260171280765,1.75));
#6433 = VECTOR('',#6434,1.);
#6434 = DIRECTION('',(0.707106781187,-0.707106781187,0.));
#6435 = ORIENTED_EDGE('',*,*,#6400,.F.);
#6436 = B_SPLINE_SURFACE_WITH_KNOTS('',1,1,(
    (#6437,#6438)
    ,(#6439,#6440
    )),.UNSPECIFIED.,.F.,.F.,.F.,(2,2),(2,2),(0.,0.194454364826),(0.,1.)
  ,.PIECEWISE_BEZIER_KNOTS.);
#6437 = CARTESIAN_POINT('',(1.7375,2.375,1.025));
#6438 = CARTESIAN_POINT('',(1.680085640382,2.260171280765,1.75));
#6439 = CARTESIAN_POINT('',(1.875,2.2375,1.025));
#6440 = CARTESIAN_POINT('',(1.760171280765,2.180085640382,1.75));
#6441 = ADVANCED_FACE('',(#6442),#6523,.F.);
#6442 = FACE_BOUND('',#6443,.F.);
#6443 = EDGE_LOOP('',(#6444,#6445,#6453,#6461,#6469,#6477,#6485,#6493,
    #6501,#6509,#6516,#6522));
#6444 = ORIENTED_EDGE('',*,*,#5576,.T.);
#6445 = ORIENTED_EDGE('',*,*,#6446,.T.);
#6446 = EDGE_CURVE('',#5569,#6447,#6449,.T.);
#6447 = VERTEX_POINT('',#6448);
#6448 = CARTESIAN_POINT('',(1.875,1.7,1.025));
#6449 = LINE('',#6450,#6451);
#6450 = CARTESIAN_POINT('',(1.875,2.2375,1.025));
#6451 = VECTOR('',#6452,1.);
#6452 = DIRECTION('',(1.110223024625E-16,-1.,0.));
#6453 = ORIENTED_EDGE('',*,*,#6454,.T.);
#6454 = EDGE_CURVE('',#6447,#6455,#6457,.T.);
#6455 = VERTEX_POINT('',#6456);
#6456 = CARTESIAN_POINT('',(1.875,0.84,1.025));
#6457 = LINE('',#6458,#6459);
#6458 = CARTESIAN_POINT('',(1.875,2.2375,1.025));
#6459 = VECTOR('',#6460,1.);
#6460 = DIRECTION('',(1.110223024625E-16,-1.,0.));
#6461 = ORIENTED_EDGE('',*,*,#6462,.T.);
#6462 = EDGE_CURVE('',#6455,#6463,#6465,.T.);
#6463 = VERTEX_POINT('',#6464);
#6464 = CARTESIAN_POINT('',(1.875,0.43,1.025));
#6465 = LINE('',#6466,#6467);
#6466 = CARTESIAN_POINT('',(1.875,2.2375,1.025));
#6467 = VECTOR('',#6468,1.);
#6468 = DIRECTION('',(1.110223024625E-16,-1.,0.));
#6469 = ORIENTED_EDGE('',*,*,#6470,.T.);
#6470 = EDGE_CURVE('',#6463,#6471,#6473,.T.);
#6471 = VERTEX_POINT('',#6472);
#6472 = CARTESIAN_POINT('',(1.875,-0.43,1.025));
#6473 = LINE('',#6474,#6475);
#6474 = CARTESIAN_POINT('',(1.875,2.2375,1.025));
#6475 = VECTOR('',#6476,1.);
#6476 = DIRECTION('',(1.110223024625E-16,-1.,0.));
#6477 = ORIENTED_EDGE('',*,*,#6478,.T.);
#6478 = EDGE_CURVE('',#6471,#6479,#6481,.T.);
#6479 = VERTEX_POINT('',#6480);
#6480 = CARTESIAN_POINT('',(1.875,-0.84,1.025));
#6481 = LINE('',#6482,#6483);
#6482 = CARTESIAN_POINT('',(1.875,2.2375,1.025));
#6483 = VECTOR('',#6484,1.);
#6484 = DIRECTION('',(1.110223024625E-16,-1.,0.));
#6485 = ORIENTED_EDGE('',*,*,#6486,.T.);
#6486 = EDGE_CURVE('',#6479,#6487,#6489,.T.);
#6487 = VERTEX_POINT('',#6488);
#6488 = CARTESIAN_POINT('',(1.875,-1.7,1.025));
#6489 = LINE('',#6490,#6491);
#6490 = CARTESIAN_POINT('',(1.875,2.2375,1.025));
#6491 = VECTOR('',#6492,1.);
#6492 = DIRECTION('',(1.110223024625E-16,-1.,0.));
#6493 = ORIENTED_EDGE('',*,*,#6494,.T.);
#6494 = EDGE_CURVE('',#6487,#6495,#6497,.T.);
#6495 = VERTEX_POINT('',#6496);
#6496 = CARTESIAN_POINT('',(1.875,-2.11,1.025));
#6497 = LINE('',#6498,#6499);
#6498 = CARTESIAN_POINT('',(1.875,2.2375,1.025));
#6499 = VECTOR('',#6500,1.);
#6500 = DIRECTION('',(1.110223024625E-16,-1.,0.));
#6501 = ORIENTED_EDGE('',*,*,#6502,.T.);
#6502 = EDGE_CURVE('',#6495,#6503,#6505,.T.);
#6503 = VERTEX_POINT('',#6504);
#6504 = CARTESIAN_POINT('',(1.875,-2.2375,1.025));
#6505 = LINE('',#6506,#6507);
#6506 = CARTESIAN_POINT('',(1.875,2.2375,1.025));
#6507 = VECTOR('',#6508,1.);
#6508 = DIRECTION('',(1.110223024625E-16,-1.,0.));
#6509 = ORIENTED_EDGE('',*,*,#6510,.T.);
#6510 = EDGE_CURVE('',#6503,#6511,#6513,.T.);
#6511 = VERTEX_POINT('',#6512);
#6512 = CARTESIAN_POINT('',(1.760171280765,-2.180085640382,1.75));
#6513 = B_SPLINE_CURVE_WITH_KNOTS('',1,(#6514,#6515),.UNSPECIFIED.,.F.,
  .F.,(2,2),(0.,1.),.PIECEWISE_BEZIER_KNOTS.);
#6514 = CARTESIAN_POINT('',(1.875,-2.2375,1.025));
#6515 = CARTESIAN_POINT('',(1.760171280765,-2.180085640382,1.75));
#6516 = ORIENTED_EDGE('',*,*,#6517,.F.);
#6517 = EDGE_CURVE('',#6424,#6511,#6518,.T.);
#6518 = LINE('',#6519,#6520);
#6519 = CARTESIAN_POINT('',(1.760171280765,2.180085640382,1.75));
#6520 = VECTOR('',#6521,1.);
#6521 = DIRECTION('',(1.110223024625E-16,-1.,0.));
#6522 = ORIENTED_EDGE('',*,*,#6423,.F.);
#6523 = B_SPLINE_SURFACE_WITH_KNOTS('',1,1,(
    (#6524,#6525)
    ,(#6526,#6527
    )),.UNSPECIFIED.,.F.,.F.,.F.,(2,2),(2,2),(0.,4.475),(0.,1.),
  .PIECEWISE_BEZIER_KNOTS.);
#6524 = CARTESIAN_POINT('',(1.875,2.2375,1.025));
#6525 = CARTESIAN_POINT('',(1.760171280765,2.180085640382,1.75));
#6526 = CARTESIAN_POINT('',(1.875,-2.2375,1.025));
#6527 = CARTESIAN_POINT('',(1.760171280765,-2.180085640382,1.75));
#6528 = ADVANCED_FACE('',(#6529),#6561,.F.);
#6529 = FACE_BOUND('',#6530,.F.);
#6530 = EDGE_LOOP('',(#6531,#6539,#6547,#6553,#6559,#6560));
#6531 = ORIENTED_EDGE('',*,*,#6532,.F.);
#6532 = EDGE_CURVE('',#6533,#5561,#6535,.T.);
#6533 = VERTEX_POINT('',#6534);
#6534 = CARTESIAN_POINT('',(2.25,2.11,1.025));
#6535 = LINE('',#6536,#6537);
#6536 = CARTESIAN_POINT('',(2.25,2.11,1.025));
#6537 = VECTOR('',#6538,1.);
#6538 = DIRECTION('',(-1.,-1.110223024625E-16,0.));
#6539 = ORIENTED_EDGE('',*,*,#6540,.T.);
#6540 = EDGE_CURVE('',#6533,#6541,#6543,.T.);
#6541 = VERTEX_POINT('',#6542);
#6542 = CARTESIAN_POINT('',(2.25,1.7,1.025));
#6543 = LINE('',#6544,#6545);
#6544 = CARTESIAN_POINT('',(2.25,2.11,1.025));
#6545 = VECTOR('',#6546,1.);
#6546 = DIRECTION('',(1.110223024625E-16,-1.,0.));
#6547 = ORIENTED_EDGE('',*,*,#6548,.T.);
#6548 = EDGE_CURVE('',#6541,#5967,#6549,.T.);
#6549 = LINE('',#6550,#6551);
#6550 = CARTESIAN_POINT('',(2.25,1.7,1.025));
#6551 = VECTOR('',#6552,1.);
#6552 = DIRECTION('',(-1.,-1.110223024625E-16,0.));
#6553 = ORIENTED_EDGE('',*,*,#6554,.T.);
#6554 = EDGE_CURVE('',#5967,#6447,#6555,.T.);
#6555 = LINE('',#6556,#6557);
#6556 = CARTESIAN_POINT('',(2.25,1.7,1.025));
#6557 = VECTOR('',#6558,1.);
#6558 = DIRECTION('',(-1.,-1.110223024625E-16,0.));
#6559 = ORIENTED_EDGE('',*,*,#6446,.F.);
#6560 = ORIENTED_EDGE('',*,*,#5568,.F.);
#6561 = PLANE('',#6562);
#6562 = AXIS2_PLACEMENT_3D('',#6563,#6564,#6565);
#6563 = CARTESIAN_POINT('',(2.25,2.11,1.025));
#6564 = DIRECTION('',(0.,0.,-1.));
#6565 = DIRECTION('',(-1.,-1.110223024625E-16,-0.));
#6566 = ADVANCED_FACE('',(#6567),#6610,.F.);
#6567 = FACE_BOUND('',#6568,.F.);
#6568 = EDGE_LOOP('',(#6569,#6570,#6576,#6577,#6585,#6593,#6599,#6600,
    #6606,#6607,#6608,#6609));
#6569 = ORIENTED_EDGE('',*,*,#5670,.T.);
#6570 = ORIENTED_EDGE('',*,*,#6571,.T.);
#6571 = EDGE_CURVE('',#5663,#6293,#6572,.T.);
#6572 = LINE('',#6573,#6574);
#6573 = CARTESIAN_POINT('',(-2.25,-2.11,1.025));
#6574 = VECTOR('',#6575,1.);
#6575 = DIRECTION('',(1.,-1.144237745222E-17,0.));
#6576 = ORIENTED_EDGE('',*,*,#6290,.F.);
#6577 = ORIENTED_EDGE('',*,*,#6578,.F.);
#6578 = EDGE_CURVE('',#6579,#6291,#6581,.T.);
#6579 = VERTEX_POINT('',#6580);
#6580 = CARTESIAN_POINT('',(-1.7375,-2.375,1.025));
#6581 = LINE('',#6582,#6583);
#6582 = CARTESIAN_POINT('',(-1.7375,-2.375,1.025));
#6583 = VECTOR('',#6584,1.);
#6584 = DIRECTION('',(-0.707106781187,0.707106781187,0.));
#6585 = ORIENTED_EDGE('',*,*,#6586,.F.);
#6586 = EDGE_CURVE('',#6587,#6579,#6589,.T.);
#6587 = VERTEX_POINT('',#6588);
#6588 = CARTESIAN_POINT('',(1.7375,-2.375,1.025));
#6589 = LINE('',#6590,#6591);
#6590 = CARTESIAN_POINT('',(1.7375,-2.375,1.025));
#6591 = VECTOR('',#6592,1.);
#6592 = DIRECTION('',(-1.,-1.110223024625E-16,0.));
#6593 = ORIENTED_EDGE('',*,*,#6594,.F.);
#6594 = EDGE_CURVE('',#6503,#6587,#6595,.T.);
#6595 = LINE('',#6596,#6597);
#6596 = CARTESIAN_POINT('',(1.875,-2.2375,1.025));
#6597 = VECTOR('',#6598,1.);
#6598 = DIRECTION('',(-0.707106781187,-0.707106781187,0.));
#6599 = ORIENTED_EDGE('',*,*,#6502,.F.);
#6600 = ORIENTED_EDGE('',*,*,#6601,.F.);
#6601 = EDGE_CURVE('',#6153,#6495,#6602,.T.);
#6602 = LINE('',#6603,#6604);
#6603 = CARTESIAN_POINT('',(2.25,-2.11,1.025));
#6604 = VECTOR('',#6605,1.);
#6605 = DIRECTION('',(-1.,-1.110223024625E-16,0.));
#6606 = ORIENTED_EDGE('',*,*,#6168,.T.);
#6607 = ORIENTED_EDGE('',*,*,#6213,.T.);
#6608 = ORIENTED_EDGE('',*,*,#6230,.T.);
#6609 = ORIENTED_EDGE('',*,*,#6184,.T.);
#6610 = PLANE('',#6611);
#6611 = AXIS2_PLACEMENT_3D('',#6612,#6613,#6614);
#6612 = CARTESIAN_POINT('',(-3.027078129022E-16,2.4125,1.025));
#6613 = DIRECTION('',(2.007919022429E-31,-7.713306628828E-27,-1.));
#6614 = DIRECTION('',(1.,1.112083013911E-16,2.00791902242E-31));
#6615 = ADVANCED_FACE('',(#6616),#6702,.F.);
#6616 = FACE_BOUND('',#6617,.F.);
#6617 = EDGE_LOOP('',(#6618,#6619,#6620,#6629,#6637,#6646,#6654,#6662,
    #6670,#6679,#6687,#6696));
#6618 = ORIENTED_EDGE('',*,*,#5662,.F.);
#6619 = ORIENTED_EDGE('',*,*,#5684,.T.);
#6620 = ORIENTED_EDGE('',*,*,#6621,.T.);
#6621 = EDGE_CURVE('',#5685,#6622,#6624,.T.);
#6622 = VERTEX_POINT('',#6623);
#6623 = CARTESIAN_POINT('',(-2.348480775301,-2.11,0.742364817767));
#6624 = CIRCLE('',#6625,0.1);
#6625 = AXIS2_PLACEMENT_3D('',#6626,#6627,#6628);
#6626 = CARTESIAN_POINT('',(-2.25,-2.11,0.725));
#6627 = DIRECTION('',(-1.144237745222E-17,-1.,3.284293275761E-47));
#6628 = DIRECTION('',(-4.440892098501E-15,5.081436361563E-32,1.));
#6629 = ORIENTED_EDGE('',*,*,#6630,.T.);
#6630 = EDGE_CURVE('',#6622,#6631,#6633,.T.);
#6631 = VERTEX_POINT('',#6632);
#6632 = CARTESIAN_POINT('',(-2.429496640897,-2.11,0.2479055467));
#6633 = LINE('',#6634,#6635);
#6634 = CARTESIAN_POINT('',(-2.348480775301,-2.11,0.742364817767));
#6635 = VECTOR('',#6636,1.);
#6636 = DIRECTION('',(-0.161691392282,1.85013394127E-18,-0.986841372087)
  );
#6637 = ORIENTED_EDGE('',*,*,#6638,.T.);
#6638 = EDGE_CURVE('',#6631,#6639,#6641,.T.);
#6639 = VERTEX_POINT('',#6640);
#6640 = CARTESIAN_POINT('',(-2.724938966801,-2.11,-1.665334536938E-16));
#6641 = CIRCLE('',#6642,0.3);
#6642 = AXIS2_PLACEMENT_3D('',#6643,#6644,#6645);
#6643 = CARTESIAN_POINT('',(-2.724938966801,-2.11,0.3));
#6644 = DIRECTION('',(1.144237745222E-17,1.,7.703719777549E-34));
#6645 = DIRECTION('',(0.984807753012,-1.126854202784E-17,-0.173648177667
    ));
#6646 = ORIENTED_EDGE('',*,*,#6647,.T.);
#6647 = EDGE_CURVE('',#6639,#6648,#6650,.T.);
#6648 = VERTEX_POINT('',#6649);
#6649 = CARTESIAN_POINT('',(-3.,-2.11,-1.665334536938E-16));
#6650 = LINE('',#6651,#6652);
#6651 = CARTESIAN_POINT('',(-2.724938966801,-2.11,-1.665334536938E-16));
#6652 = VECTOR('',#6653,1.);
#6653 = DIRECTION('',(-1.,1.144237745222E-17,0.));
#6654 = ORIENTED_EDGE('',*,*,#6655,.T.);
#6655 = EDGE_CURVE('',#6648,#6656,#6658,.T.);
#6656 = VERTEX_POINT('',#6657);
#6657 = CARTESIAN_POINT('',(-3.,-2.11,0.2));
#6658 = LINE('',#6659,#6660);
#6659 = CARTESIAN_POINT('',(-3.,-2.11,-1.665334536938E-16));
#6660 = VECTOR('',#6661,1.);
#6661 = DIRECTION('',(0.,0.,1.));
#6662 = ORIENTED_EDGE('',*,*,#6663,.T.);
#6663 = EDGE_CURVE('',#6656,#6664,#6666,.T.);
#6664 = VERTEX_POINT('',#6665);
#6665 = CARTESIAN_POINT('',(-2.724938966801,-2.11,0.2));
#6666 = LINE('',#6667,#6668);
#6667 = CARTESIAN_POINT('',(-3.,-2.11,0.2));
#6668 = VECTOR('',#6669,1.);
#6669 = DIRECTION('',(1.,-1.144237745222E-17,0.));
#6670 = ORIENTED_EDGE('',*,*,#6671,.T.);
#6671 = EDGE_CURVE('',#6664,#6672,#6674,.T.);
#6672 = VERTEX_POINT('',#6673);
#6673 = CARTESIAN_POINT('',(-2.6264581915,-2.11,0.282635182233));
#6674 = CIRCLE('',#6675,0.1);
#6675 = AXIS2_PLACEMENT_3D('',#6676,#6677,#6678);
#6676 = CARTESIAN_POINT('',(-2.724938966801,-2.11,0.3));
#6677 = DIRECTION('',(-1.144237745222E-17,-1.,-0.));
#6678 = DIRECTION('',(0.,0.,-1.));
#6679 = ORIENTED_EDGE('',*,*,#6680,.T.);
#6680 = EDGE_CURVE('',#6672,#6681,#6683,.T.);
#6681 = VERTEX_POINT('',#6682);
#6682 = CARTESIAN_POINT('',(-2.545442325904,-2.11,0.7770944533));
#6683 = LINE('',#6684,#6685);
#6684 = CARTESIAN_POINT('',(-2.6264581915,-2.11,0.282635182233));
#6685 = VECTOR('',#6686,1.);
#6686 = DIRECTION('',(0.161691392282,-1.85013394127E-18,0.986841372087)
  );
#6687 = ORIENTED_EDGE('',*,*,#6688,.T.);
#6688 = EDGE_CURVE('',#6681,#6689,#6691,.T.);
#6689 = VERTEX_POINT('',#6690);
#6690 = CARTESIAN_POINT('',(-2.25,-2.11,1.025));
#6691 = CIRCLE('',#6692,0.3);
#6692 = AXIS2_PLACEMENT_3D('',#6693,#6694,#6695);
#6693 = CARTESIAN_POINT('',(-2.25,-2.11,0.725));
#6694 = DIRECTION('',(1.144237745222E-17,1.,7.703719777549E-34));
#6695 = DIRECTION('',(-0.984807753012,1.126854202784E-17,0.173648177667)
  );
#6696 = ORIENTED_EDGE('',*,*,#6697,.T.);
#6697 = EDGE_CURVE('',#6689,#5663,#6698,.T.);
#6698 = LINE('',#6699,#6700);
#6699 = CARTESIAN_POINT('',(-2.25,-2.11,1.025));
#6700 = VECTOR('',#6701,1.);
#6701 = DIRECTION('',(1.,-1.144237745222E-17,0.));
#6702 = PLANE('',#6703);
#6703 = AXIS2_PLACEMENT_3D('',#6704,#6705,#6706);
#6704 = CARTESIAN_POINT('',(-2.42560961319,-2.11,0.548953137803));
#6705 = DIRECTION('',(1.144237745222E-17,1.,0.));
#6706 = DIRECTION('',(0.,-0.,1.));
#6707 = ADVANCED_FACE('',(#6708),#6727,.F.);
#6708 = FACE_BOUND('',#6709,.F.);
#6709 = EDGE_LOOP('',(#6710,#6711,#6720,#6726));
#6710 = ORIENTED_EDGE('',*,*,#5701,.T.);
#6711 = ORIENTED_EDGE('',*,*,#6712,.T.);
#6712 = EDGE_CURVE('',#5694,#6713,#6715,.T.);
#6713 = VERTEX_POINT('',#6714);
#6714 = CARTESIAN_POINT('',(-2.348480775301,-1.7,0.742364817767));
#6715 = CIRCLE('',#6716,0.1);
#6716 = AXIS2_PLACEMENT_3D('',#6717,#6718,#6719);
#6717 = CARTESIAN_POINT('',(-2.25,-1.7,0.725));
#6718 = DIRECTION('',(-1.144237745222E-17,-1.,3.284293275761E-47));
#6719 = DIRECTION('',(-4.440892098501E-15,5.081436361563E-32,1.));
#6720 = ORIENTED_EDGE('',*,*,#6721,.F.);
#6721 = EDGE_CURVE('',#6622,#6713,#6722,.T.);
#6722 = LINE('',#6723,#6724);
#6723 = CARTESIAN_POINT('',(-2.348480775301,-2.11,0.742364817767));
#6724 = VECTOR('',#6725,1.);
#6725 = DIRECTION('',(1.144237745222E-17,1.,0.));
#6726 = ORIENTED_EDGE('',*,*,#6621,.F.);
#6727 = CYLINDRICAL_SURFACE('',#6728,0.1);
#6728 = AXIS2_PLACEMENT_3D('',#6729,#6730,#6731);
#6729 = CARTESIAN_POINT('',(-2.25,-2.11,0.725));
#6730 = DIRECTION('',(-1.144237745222E-17,-1.,0.));
#6731 = DIRECTION('',(-4.440892098501E-15,5.081436361563E-32,1.));
#6732 = ADVANCED_FACE('',(#6733),#6811,.T.);
#6733 = FACE_BOUND('',#6734,.T.);
#6734 = EDGE_LOOP('',(#6735,#6736,#6737,#6738,#6746,#6755,#6763,#6771,
    #6779,#6788,#6796,#6805));
#6735 = ORIENTED_EDGE('',*,*,#5715,.F.);
#6736 = ORIENTED_EDGE('',*,*,#5693,.T.);
#6737 = ORIENTED_EDGE('',*,*,#6712,.T.);
#6738 = ORIENTED_EDGE('',*,*,#6739,.T.);
#6739 = EDGE_CURVE('',#6713,#6740,#6742,.T.);
#6740 = VERTEX_POINT('',#6741);
#6741 = CARTESIAN_POINT('',(-2.429496640897,-1.7,0.2479055467));
#6742 = LINE('',#6743,#6744);
#6743 = CARTESIAN_POINT('',(-2.348480775301,-1.7,0.742364817767));
#6744 = VECTOR('',#6745,1.);
#6745 = DIRECTION('',(-0.161691392282,1.85013394127E-18,-0.986841372087)
  );
#6746 = ORIENTED_EDGE('',*,*,#6747,.T.);
#6747 = EDGE_CURVE('',#6740,#6748,#6750,.T.);
#6748 = VERTEX_POINT('',#6749);
#6749 = CARTESIAN_POINT('',(-2.724938966801,-1.7,-1.665334536938E-16));
#6750 = CIRCLE('',#6751,0.3);
#6751 = AXIS2_PLACEMENT_3D('',#6752,#6753,#6754);
#6752 = CARTESIAN_POINT('',(-2.724938966801,-1.7,0.3));
#6753 = DIRECTION('',(1.144237745222E-17,1.,7.703719777549E-34));
#6754 = DIRECTION('',(0.984807753012,-1.126854202784E-17,-0.173648177667
    ));
#6755 = ORIENTED_EDGE('',*,*,#6756,.T.);
#6756 = EDGE_CURVE('',#6748,#6757,#6759,.T.);
#6757 = VERTEX_POINT('',#6758);
#6758 = CARTESIAN_POINT('',(-3.,-1.7,-1.665334536938E-16));
#6759 = LINE('',#6760,#6761);
#6760 = CARTESIAN_POINT('',(-2.724938966801,-1.7,-1.665334536938E-16));
#6761 = VECTOR('',#6762,1.);
#6762 = DIRECTION('',(-1.,1.144237745222E-17,0.));
#6763 = ORIENTED_EDGE('',*,*,#6764,.T.);
#6764 = EDGE_CURVE('',#6757,#6765,#6767,.T.);
#6765 = VERTEX_POINT('',#6766);
#6766 = CARTESIAN_POINT('',(-3.,-1.7,0.2));
#6767 = LINE('',#6768,#6769);
#6768 = CARTESIAN_POINT('',(-3.,-1.7,-1.665334536938E-16));
#6769 = VECTOR('',#6770,1.);
#6770 = DIRECTION('',(0.,0.,1.));
#6771 = ORIENTED_EDGE('',*,*,#6772,.T.);
#6772 = EDGE_CURVE('',#6765,#6773,#6775,.T.);
#6773 = VERTEX_POINT('',#6774);
#6774 = CARTESIAN_POINT('',(-2.724938966801,-1.7,0.2));
#6775 = LINE('',#6776,#6777);
#6776 = CARTESIAN_POINT('',(-3.,-1.7,0.2));
#6777 = VECTOR('',#6778,1.);
#6778 = DIRECTION('',(1.,-1.144237745222E-17,0.));
#6779 = ORIENTED_EDGE('',*,*,#6780,.T.);
#6780 = EDGE_CURVE('',#6773,#6781,#6783,.T.);
#6781 = VERTEX_POINT('',#6782);
#6782 = CARTESIAN_POINT('',(-2.6264581915,-1.7,0.282635182233));
#6783 = CIRCLE('',#6784,0.1);
#6784 = AXIS2_PLACEMENT_3D('',#6785,#6786,#6787);
#6785 = CARTESIAN_POINT('',(-2.724938966801,-1.7,0.3));
#6786 = DIRECTION('',(-1.144237745222E-17,-1.,-0.));
#6787 = DIRECTION('',(0.,0.,-1.));
#6788 = ORIENTED_EDGE('',*,*,#6789,.T.);
#6789 = EDGE_CURVE('',#6781,#6790,#6792,.T.);
#6790 = VERTEX_POINT('',#6791);
#6791 = CARTESIAN_POINT('',(-2.545442325904,-1.7,0.7770944533));
#6792 = LINE('',#6793,#6794);
#6793 = CARTESIAN_POINT('',(-2.6264581915,-1.7,0.282635182233));
#6794 = VECTOR('',#6795,1.);
#6795 = DIRECTION('',(0.161691392282,-1.85013394127E-18,0.986841372087)
  );
#6796 = ORIENTED_EDGE('',*,*,#6797,.T.);
#6797 = EDGE_CURVE('',#6790,#6798,#6800,.T.);
#6798 = VERTEX_POINT('',#6799);
#6799 = CARTESIAN_POINT('',(-2.25,-1.7,1.025));
#6800 = CIRCLE('',#6801,0.3);
#6801 = AXIS2_PLACEMENT_3D('',#6802,#6803,#6804);
#6802 = CARTESIAN_POINT('',(-2.25,-1.7,0.725));
#6803 = DIRECTION('',(1.144237745222E-17,1.,7.703719777549E-34));
#6804 = DIRECTION('',(-0.984807753012,1.126854202784E-17,0.173648177667)
  );
#6805 = ORIENTED_EDGE('',*,*,#6806,.T.);
#6806 = EDGE_CURVE('',#6798,#5716,#6807,.T.);
#6807 = LINE('',#6808,#6809);
#6808 = CARTESIAN_POINT('',(-2.25,-1.7,1.025));
#6809 = VECTOR('',#6810,1.);
#6810 = DIRECTION('',(1.,-1.144237745222E-17,0.));
#6811 = PLANE('',#6812);
#6812 = AXIS2_PLACEMENT_3D('',#6813,#6814,#6815);
#6813 = CARTESIAN_POINT('',(-2.42560961319,-1.7,0.548953137803));
#6814 = DIRECTION('',(1.144237745222E-17,1.,0.));
#6815 = DIRECTION('',(0.,-0.,1.));
#6816 = ADVANCED_FACE('',(#6817),#6833,.F.);
#6817 = FACE_BOUND('',#6818,.F.);
#6818 = EDGE_LOOP('',(#6819,#6820,#6826,#6827));
#6819 = ORIENTED_EDGE('',*,*,#5732,.T.);
#6820 = ORIENTED_EDGE('',*,*,#6821,.T.);
#6821 = EDGE_CURVE('',#5725,#6309,#6822,.T.);
#6822 = LINE('',#6823,#6824);
#6823 = CARTESIAN_POINT('',(-2.25,-0.84,1.025));
#6824 = VECTOR('',#6825,1.);
#6825 = DIRECTION('',(1.,-1.144237745222E-17,0.));
#6826 = ORIENTED_EDGE('',*,*,#6308,.F.);
#6827 = ORIENTED_EDGE('',*,*,#6828,.F.);
#6828 = EDGE_CURVE('',#5716,#6301,#6829,.T.);
#6829 = LINE('',#6830,#6831);
#6830 = CARTESIAN_POINT('',(-2.25,-1.7,1.025));
#6831 = VECTOR('',#6832,1.);
#6832 = DIRECTION('',(1.,-1.144237745222E-17,0.));
#6833 = PLANE('',#6834);
#6834 = AXIS2_PLACEMENT_3D('',#6835,#6836,#6837);
#6835 = CARTESIAN_POINT('',(-3.027078129022E-16,2.4125,1.025));
#6836 = DIRECTION('',(2.007919022429E-31,-7.713306628828E-27,-1.));
#6837 = DIRECTION('',(1.,1.112083013911E-16,2.00791902242E-31));
#6838 = ADVANCED_FACE('',(#6839),#6925,.F.);
#6839 = FACE_BOUND('',#6840,.F.);
#6840 = EDGE_LOOP('',(#6841,#6842,#6843,#6852,#6860,#6869,#6877,#6885,
    #6893,#6902,#6910,#6919));
#6841 = ORIENTED_EDGE('',*,*,#5724,.F.);
#6842 = ORIENTED_EDGE('',*,*,#5746,.T.);
#6843 = ORIENTED_EDGE('',*,*,#6844,.T.);
#6844 = EDGE_CURVE('',#5747,#6845,#6847,.T.);
#6845 = VERTEX_POINT('',#6846);
#6846 = CARTESIAN_POINT('',(-2.348480775301,-0.84,0.742364817767));
#6847 = CIRCLE('',#6848,0.1);
#6848 = AXIS2_PLACEMENT_3D('',#6849,#6850,#6851);
#6849 = CARTESIAN_POINT('',(-2.25,-0.84,0.725));
#6850 = DIRECTION('',(-1.144237745222E-17,-1.,3.284293275761E-47));
#6851 = DIRECTION('',(-4.440892098501E-15,5.081436361563E-32,1.));
#6852 = ORIENTED_EDGE('',*,*,#6853,.T.);
#6853 = EDGE_CURVE('',#6845,#6854,#6856,.T.);
#6854 = VERTEX_POINT('',#6855);
#6855 = CARTESIAN_POINT('',(-2.429496640897,-0.84,0.2479055467));
#6856 = LINE('',#6857,#6858);
#6857 = CARTESIAN_POINT('',(-2.348480775301,-0.84,0.742364817767));
#6858 = VECTOR('',#6859,1.);
#6859 = DIRECTION('',(-0.161691392282,1.85013394127E-18,-0.986841372087)
  );
#6860 = ORIENTED_EDGE('',*,*,#6861,.T.);
#6861 = EDGE_CURVE('',#6854,#6862,#6864,.T.);
#6862 = VERTEX_POINT('',#6863);
#6863 = CARTESIAN_POINT('',(-2.724938966801,-0.84,-1.665334536938E-16));
#6864 = CIRCLE('',#6865,0.3);
#6865 = AXIS2_PLACEMENT_3D('',#6866,#6867,#6868);
#6866 = CARTESIAN_POINT('',(-2.724938966801,-0.84,0.3));
#6867 = DIRECTION('',(1.144237745222E-17,1.,7.703719777549E-34));
#6868 = DIRECTION('',(0.984807753012,-1.126854202784E-17,-0.173648177667
    ));
#6869 = ORIENTED_EDGE('',*,*,#6870,.T.);
#6870 = EDGE_CURVE('',#6862,#6871,#6873,.T.);
#6871 = VERTEX_POINT('',#6872);
#6872 = CARTESIAN_POINT('',(-3.,-0.84,-1.665334536938E-16));
#6873 = LINE('',#6874,#6875);
#6874 = CARTESIAN_POINT('',(-2.724938966801,-0.84,-1.665334536938E-16));
#6875 = VECTOR('',#6876,1.);
#6876 = DIRECTION('',(-1.,1.144237745222E-17,0.));
#6877 = ORIENTED_EDGE('',*,*,#6878,.T.);
#6878 = EDGE_CURVE('',#6871,#6879,#6881,.T.);
#6879 = VERTEX_POINT('',#6880);
#6880 = CARTESIAN_POINT('',(-3.,-0.84,0.2));
#6881 = LINE('',#6882,#6883);
#6882 = CARTESIAN_POINT('',(-3.,-0.84,-1.665334536938E-16));
#6883 = VECTOR('',#6884,1.);
#6884 = DIRECTION('',(0.,0.,1.));
#6885 = ORIENTED_EDGE('',*,*,#6886,.T.);
#6886 = EDGE_CURVE('',#6879,#6887,#6889,.T.);
#6887 = VERTEX_POINT('',#6888);
#6888 = CARTESIAN_POINT('',(-2.724938966801,-0.84,0.2));
#6889 = LINE('',#6890,#6891);
#6890 = CARTESIAN_POINT('',(-3.,-0.84,0.2));
#6891 = VECTOR('',#6892,1.);
#6892 = DIRECTION('',(1.,-1.144237745222E-17,0.));
#6893 = ORIENTED_EDGE('',*,*,#6894,.T.);
#6894 = EDGE_CURVE('',#6887,#6895,#6897,.T.);
#6895 = VERTEX_POINT('',#6896);
#6896 = CARTESIAN_POINT('',(-2.6264581915,-0.84,0.282635182233));
#6897 = CIRCLE('',#6898,0.1);
#6898 = AXIS2_PLACEMENT_3D('',#6899,#6900,#6901);
#6899 = CARTESIAN_POINT('',(-2.724938966801,-0.84,0.3));
#6900 = DIRECTION('',(-1.144237745222E-17,-1.,-0.));
#6901 = DIRECTION('',(0.,0.,-1.));
#6902 = ORIENTED_EDGE('',*,*,#6903,.T.);
#6903 = EDGE_CURVE('',#6895,#6904,#6906,.T.);
#6904 = VERTEX_POINT('',#6905);
#6905 = CARTESIAN_POINT('',(-2.545442325904,-0.84,0.7770944533));
#6906 = LINE('',#6907,#6908);
#6907 = CARTESIAN_POINT('',(-2.6264581915,-0.84,0.282635182233));
#6908 = VECTOR('',#6909,1.);
#6909 = DIRECTION('',(0.161691392282,-1.85013394127E-18,0.986841372087)
  );
#6910 = ORIENTED_EDGE('',*,*,#6911,.T.);
#6911 = EDGE_CURVE('',#6904,#6912,#6914,.T.);
#6912 = VERTEX_POINT('',#6913);
#6913 = CARTESIAN_POINT('',(-2.25,-0.84,1.025));
#6914 = CIRCLE('',#6915,0.3);
#6915 = AXIS2_PLACEMENT_3D('',#6916,#6917,#6918);
#6916 = CARTESIAN_POINT('',(-2.25,-0.84,0.725));
#6917 = DIRECTION('',(1.144237745222E-17,1.,7.703719777549E-34));
#6918 = DIRECTION('',(-0.984807753012,1.126854202784E-17,0.173648177667)
  );
#6919 = ORIENTED_EDGE('',*,*,#6920,.T.);
#6920 = EDGE_CURVE('',#6912,#5725,#6921,.T.);
#6921 = LINE('',#6922,#6923);
#6922 = CARTESIAN_POINT('',(-2.25,-0.84,1.025));
#6923 = VECTOR('',#6924,1.);
#6924 = DIRECTION('',(1.,-1.144237745222E-17,0.));
#6925 = PLANE('',#6926);
#6926 = AXIS2_PLACEMENT_3D('',#6927,#6928,#6929);
#6927 = CARTESIAN_POINT('',(-2.42560961319,-0.84,0.548953137803));
#6928 = DIRECTION('',(1.144237745222E-17,1.,0.));
#6929 = DIRECTION('',(0.,-0.,1.));
#6930 = ADVANCED_FACE('',(#6931),#6950,.F.);
#6931 = FACE_BOUND('',#6932,.F.);
#6932 = EDGE_LOOP('',(#6933,#6934,#6943,#6949));
#6933 = ORIENTED_EDGE('',*,*,#5763,.T.);
#6934 = ORIENTED_EDGE('',*,*,#6935,.T.);
#6935 = EDGE_CURVE('',#5756,#6936,#6938,.T.);
#6936 = VERTEX_POINT('',#6937);
#6937 = CARTESIAN_POINT('',(-2.348480775301,-0.43,0.742364817767));
#6938 = CIRCLE('',#6939,0.1);
#6939 = AXIS2_PLACEMENT_3D('',#6940,#6941,#6942);
#6940 = CARTESIAN_POINT('',(-2.25,-0.43,0.725));
#6941 = DIRECTION('',(-1.144237745222E-17,-1.,3.284293275761E-47));
#6942 = DIRECTION('',(-4.440892098501E-15,5.081436361563E-32,1.));
#6943 = ORIENTED_EDGE('',*,*,#6944,.F.);
#6944 = EDGE_CURVE('',#6845,#6936,#6945,.T.);
#6945 = LINE('',#6946,#6947);
#6946 = CARTESIAN_POINT('',(-2.348480775301,-0.84,0.742364817767));
#6947 = VECTOR('',#6948,1.);
#6948 = DIRECTION('',(1.144237745222E-17,1.,0.));
#6949 = ORIENTED_EDGE('',*,*,#6844,.F.);
#6950 = CYLINDRICAL_SURFACE('',#6951,0.1);
#6951 = AXIS2_PLACEMENT_3D('',#6952,#6953,#6954);
#6952 = CARTESIAN_POINT('',(-2.25,-0.84,0.725));
#6953 = DIRECTION('',(-1.144237745222E-17,-1.,0.));
#6954 = DIRECTION('',(-4.440892098501E-15,5.081436361563E-32,1.));
#6955 = ADVANCED_FACE('',(#6956),#7034,.T.);
#6956 = FACE_BOUND('',#6957,.T.);
#6957 = EDGE_LOOP('',(#6958,#6959,#6960,#6961,#6969,#6978,#6986,#6994,
    #7002,#7011,#7019,#7028));
#6958 = ORIENTED_EDGE('',*,*,#5777,.F.);
#6959 = ORIENTED_EDGE('',*,*,#5755,.T.);
#6960 = ORIENTED_EDGE('',*,*,#6935,.T.);
#6961 = ORIENTED_EDGE('',*,*,#6962,.T.);
#6962 = EDGE_CURVE('',#6936,#6963,#6965,.T.);
#6963 = VERTEX_POINT('',#6964);
#6964 = CARTESIAN_POINT('',(-2.429496640897,-0.43,0.2479055467));
#6965 = LINE('',#6966,#6967);
#6966 = CARTESIAN_POINT('',(-2.348480775301,-0.43,0.742364817767));
#6967 = VECTOR('',#6968,1.);
#6968 = DIRECTION('',(-0.161691392282,1.85013394127E-18,-0.986841372087)
  );
#6969 = ORIENTED_EDGE('',*,*,#6970,.T.);
#6970 = EDGE_CURVE('',#6963,#6971,#6973,.T.);
#6971 = VERTEX_POINT('',#6972);
#6972 = CARTESIAN_POINT('',(-2.724938966801,-0.43,-1.665334536938E-16));
#6973 = CIRCLE('',#6974,0.3);
#6974 = AXIS2_PLACEMENT_3D('',#6975,#6976,#6977);
#6975 = CARTESIAN_POINT('',(-2.724938966801,-0.43,0.3));
#6976 = DIRECTION('',(1.144237745222E-17,1.,7.703719777549E-34));
#6977 = DIRECTION('',(0.984807753012,-1.126854202784E-17,-0.173648177667
    ));
#6978 = ORIENTED_EDGE('',*,*,#6979,.T.);
#6979 = EDGE_CURVE('',#6971,#6980,#6982,.T.);
#6980 = VERTEX_POINT('',#6981);
#6981 = CARTESIAN_POINT('',(-3.,-0.43,-1.665334536938E-16));
#6982 = LINE('',#6983,#6984);
#6983 = CARTESIAN_POINT('',(-2.724938966801,-0.43,-1.665334536938E-16));
#6984 = VECTOR('',#6985,1.);
#6985 = DIRECTION('',(-1.,1.144237745222E-17,0.));
#6986 = ORIENTED_EDGE('',*,*,#6987,.T.);
#6987 = EDGE_CURVE('',#6980,#6988,#6990,.T.);
#6988 = VERTEX_POINT('',#6989);
#6989 = CARTESIAN_POINT('',(-3.,-0.43,0.2));
#6990 = LINE('',#6991,#6992);
#6991 = CARTESIAN_POINT('',(-3.,-0.43,-1.665334536938E-16));
#6992 = VECTOR('',#6993,1.);
#6993 = DIRECTION('',(0.,0.,1.));
#6994 = ORIENTED_EDGE('',*,*,#6995,.T.);
#6995 = EDGE_CURVE('',#6988,#6996,#6998,.T.);
#6996 = VERTEX_POINT('',#6997);
#6997 = CARTESIAN_POINT('',(-2.724938966801,-0.43,0.2));
#6998 = LINE('',#6999,#7000);
#6999 = CARTESIAN_POINT('',(-3.,-0.43,0.2));
#7000 = VECTOR('',#7001,1.);
#7001 = DIRECTION('',(1.,-1.144237745222E-17,0.));
#7002 = ORIENTED_EDGE('',*,*,#7003,.T.);
#7003 = EDGE_CURVE('',#6996,#7004,#7006,.T.);
#7004 = VERTEX_POINT('',#7005);
#7005 = CARTESIAN_POINT('',(-2.6264581915,-0.43,0.282635182233));
#7006 = CIRCLE('',#7007,0.1);
#7007 = AXIS2_PLACEMENT_3D('',#7008,#7009,#7010);
#7008 = CARTESIAN_POINT('',(-2.724938966801,-0.43,0.3));
#7009 = DIRECTION('',(-1.144237745222E-17,-1.,-0.));
#7010 = DIRECTION('',(0.,0.,-1.));
#7011 = ORIENTED_EDGE('',*,*,#7012,.T.);
#7012 = EDGE_CURVE('',#7004,#7013,#7015,.T.);
#7013 = VERTEX_POINT('',#7014);
#7014 = CARTESIAN_POINT('',(-2.545442325904,-0.43,0.7770944533));
#7015 = LINE('',#7016,#7017);
#7016 = CARTESIAN_POINT('',(-2.6264581915,-0.43,0.282635182233));
#7017 = VECTOR('',#7018,1.);
#7018 = DIRECTION('',(0.161691392282,-1.85013394127E-18,0.986841372087)
  );
#7019 = ORIENTED_EDGE('',*,*,#7020,.T.);
#7020 = EDGE_CURVE('',#7013,#7021,#7023,.T.);
#7021 = VERTEX_POINT('',#7022);
#7022 = CARTESIAN_POINT('',(-2.25,-0.43,1.025));
#7023 = CIRCLE('',#7024,0.3);
#7024 = AXIS2_PLACEMENT_3D('',#7025,#7026,#7027);
#7025 = CARTESIAN_POINT('',(-2.25,-0.43,0.725));
#7026 = DIRECTION('',(1.144237745222E-17,1.,7.703719777549E-34));
#7027 = DIRECTION('',(-0.984807753012,1.126854202784E-17,0.173648177667)
  );
#7028 = ORIENTED_EDGE('',*,*,#7029,.T.);
#7029 = EDGE_CURVE('',#7021,#5778,#7030,.T.);
#7030 = LINE('',#7031,#7032);
#7031 = CARTESIAN_POINT('',(-2.25,-0.43,1.025));
#7032 = VECTOR('',#7033,1.);
#7033 = DIRECTION('',(1.,-1.144237745222E-17,0.));
#7034 = PLANE('',#7035);
#7035 = AXIS2_PLACEMENT_3D('',#7036,#7037,#7038);
#7036 = CARTESIAN_POINT('',(-2.42560961319,-0.43,0.548953137803));
#7037 = DIRECTION('',(1.144237745222E-17,1.,0.));
#7038 = DIRECTION('',(0.,-0.,1.));
#7039 = ADVANCED_FACE('',(#7040),#7056,.F.);
#7040 = FACE_BOUND('',#7041,.F.);
#7041 = EDGE_LOOP('',(#7042,#7043,#7049,#7050));
#7042 = ORIENTED_EDGE('',*,*,#5794,.T.);
#7043 = ORIENTED_EDGE('',*,*,#7044,.T.);
#7044 = EDGE_CURVE('',#5787,#6325,#7045,.T.);
#7045 = LINE('',#7046,#7047);
#7046 = CARTESIAN_POINT('',(-2.25,0.43,1.025));
#7047 = VECTOR('',#7048,1.);
#7048 = DIRECTION('',(1.,-1.144237745222E-17,0.));
#7049 = ORIENTED_EDGE('',*,*,#6324,.F.);
#7050 = ORIENTED_EDGE('',*,*,#7051,.F.);
#7051 = EDGE_CURVE('',#5778,#6317,#7052,.T.);
#7052 = LINE('',#7053,#7054);
#7053 = CARTESIAN_POINT('',(-2.25,-0.43,1.025));
#7054 = VECTOR('',#7055,1.);
#7055 = DIRECTION('',(1.,-1.144237745222E-17,0.));
#7056 = PLANE('',#7057);
#7057 = AXIS2_PLACEMENT_3D('',#7058,#7059,#7060);
#7058 = CARTESIAN_POINT('',(-3.027078129022E-16,2.4125,1.025));
#7059 = DIRECTION('',(2.007919022429E-31,-7.713306628828E-27,-1.));
#7060 = DIRECTION('',(1.,1.112083013911E-16,2.00791902242E-31));
#7061 = ADVANCED_FACE('',(#7062),#7148,.F.);
#7062 = FACE_BOUND('',#7063,.F.);
#7063 = EDGE_LOOP('',(#7064,#7065,#7066,#7075,#7083,#7092,#7100,#7108,
    #7116,#7125,#7133,#7142));
#7064 = ORIENTED_EDGE('',*,*,#5786,.F.);
#7065 = ORIENTED_EDGE('',*,*,#5808,.T.);
#7066 = ORIENTED_EDGE('',*,*,#7067,.T.);
#7067 = EDGE_CURVE('',#5809,#7068,#7070,.T.);
#7068 = VERTEX_POINT('',#7069);
#7069 = CARTESIAN_POINT('',(-2.348480775301,0.43,0.742364817767));
#7070 = CIRCLE('',#7071,0.1);
#7071 = AXIS2_PLACEMENT_3D('',#7072,#7073,#7074);
#7072 = CARTESIAN_POINT('',(-2.25,0.43,0.725));
#7073 = DIRECTION('',(-1.144237745222E-17,-1.,3.284293275761E-47));
#7074 = DIRECTION('',(-4.440892098501E-15,5.081436361563E-32,1.));
#7075 = ORIENTED_EDGE('',*,*,#7076,.T.);
#7076 = EDGE_CURVE('',#7068,#7077,#7079,.T.);
#7077 = VERTEX_POINT('',#7078);
#7078 = CARTESIAN_POINT('',(-2.429496640897,0.43,0.2479055467));
#7079 = LINE('',#7080,#7081);
#7080 = CARTESIAN_POINT('',(-2.348480775301,0.43,0.742364817767));
#7081 = VECTOR('',#7082,1.);
#7082 = DIRECTION('',(-0.161691392282,1.85013394127E-18,-0.986841372087)
  );
#7083 = ORIENTED_EDGE('',*,*,#7084,.T.);
#7084 = EDGE_CURVE('',#7077,#7085,#7087,.T.);
#7085 = VERTEX_POINT('',#7086);
#7086 = CARTESIAN_POINT('',(-2.724938966801,0.43,-1.665334536938E-16));
#7087 = CIRCLE('',#7088,0.3);
#7088 = AXIS2_PLACEMENT_3D('',#7089,#7090,#7091);
#7089 = CARTESIAN_POINT('',(-2.724938966801,0.43,0.3));
#7090 = DIRECTION('',(1.144237745222E-17,1.,7.703719777549E-34));
#7091 = DIRECTION('',(0.984807753012,-1.126854202784E-17,-0.173648177667
    ));
#7092 = ORIENTED_EDGE('',*,*,#7093,.T.);
#7093 = EDGE_CURVE('',#7085,#7094,#7096,.T.);
#7094 = VERTEX_POINT('',#7095);
#7095 = CARTESIAN_POINT('',(-3.,0.43,-1.665334536938E-16));
#7096 = LINE('',#7097,#7098);
#7097 = CARTESIAN_POINT('',(-2.724938966801,0.43,-1.665334536938E-16));
#7098 = VECTOR('',#7099,1.);
#7099 = DIRECTION('',(-1.,1.144237745222E-17,0.));
#7100 = ORIENTED_EDGE('',*,*,#7101,.T.);
#7101 = EDGE_CURVE('',#7094,#7102,#7104,.T.);
#7102 = VERTEX_POINT('',#7103);
#7103 = CARTESIAN_POINT('',(-3.,0.43,0.2));
#7104 = LINE('',#7105,#7106);
#7105 = CARTESIAN_POINT('',(-3.,0.43,-1.665334536938E-16));
#7106 = VECTOR('',#7107,1.);
#7107 = DIRECTION('',(0.,0.,1.));
#7108 = ORIENTED_EDGE('',*,*,#7109,.T.);
#7109 = EDGE_CURVE('',#7102,#7110,#7112,.T.);
#7110 = VERTEX_POINT('',#7111);
#7111 = CARTESIAN_POINT('',(-2.724938966801,0.43,0.2));
#7112 = LINE('',#7113,#7114);
#7113 = CARTESIAN_POINT('',(-3.,0.43,0.2));
#7114 = VECTOR('',#7115,1.);
#7115 = DIRECTION('',(1.,-1.144237745222E-17,0.));
#7116 = ORIENTED_EDGE('',*,*,#7117,.T.);
#7117 = EDGE_CURVE('',#7110,#7118,#7120,.T.);
#7118 = VERTEX_POINT('',#7119);
#7119 = CARTESIAN_POINT('',(-2.6264581915,0.43,0.282635182233));
#7120 = CIRCLE('',#7121,0.1);
#7121 = AXIS2_PLACEMENT_3D('',#7122,#7123,#7124);
#7122 = CARTESIAN_POINT('',(-2.724938966801,0.43,0.3));
#7123 = DIRECTION('',(-1.144237745222E-17,-1.,-0.));
#7124 = DIRECTION('',(0.,0.,-1.));
#7125 = ORIENTED_EDGE('',*,*,#7126,.T.);
#7126 = EDGE_CURVE('',#7118,#7127,#7129,.T.);
#7127 = VERTEX_POINT('',#7128);
#7128 = CARTESIAN_POINT('',(-2.545442325904,0.43,0.7770944533));
#7129 = LINE('',#7130,#7131);
#7130 = CARTESIAN_POINT('',(-2.6264581915,0.43,0.282635182233));
#7131 = VECTOR('',#7132,1.);
#7132 = DIRECTION('',(0.161691392282,-1.85013394127E-18,0.986841372087)
  );
#7133 = ORIENTED_EDGE('',*,*,#7134,.T.);
#7134 = EDGE_CURVE('',#7127,#7135,#7137,.T.);
#7135 = VERTEX_POINT('',#7136);
#7136 = CARTESIAN_POINT('',(-2.25,0.43,1.025));
#7137 = CIRCLE('',#7138,0.3);
#7138 = AXIS2_PLACEMENT_3D('',#7139,#7140,#7141);
#7139 = CARTESIAN_POINT('',(-2.25,0.43,0.725));
#7140 = DIRECTION('',(1.144237745222E-17,1.,7.703719777549E-34));
#7141 = DIRECTION('',(-0.984807753012,1.126854202784E-17,0.173648177667)
  );
#7142 = ORIENTED_EDGE('',*,*,#7143,.T.);
#7143 = EDGE_CURVE('',#7135,#5787,#7144,.T.);
#7144 = LINE('',#7145,#7146);
#7145 = CARTESIAN_POINT('',(-2.25,0.43,1.025));
#7146 = VECTOR('',#7147,1.);
#7147 = DIRECTION('',(1.,-1.144237745222E-17,0.));
#7148 = PLANE('',#7149);
#7149 = AXIS2_PLACEMENT_3D('',#7150,#7151,#7152);
#7150 = CARTESIAN_POINT('',(-2.42560961319,0.43,0.548953137803));
#7151 = DIRECTION('',(1.144237745222E-17,1.,0.));
#7152 = DIRECTION('',(0.,-0.,1.));
#7153 = ADVANCED_FACE('',(#7154),#7173,.F.);
#7154 = FACE_BOUND('',#7155,.F.);
#7155 = EDGE_LOOP('',(#7156,#7157,#7166,#7172));
#7156 = ORIENTED_EDGE('',*,*,#5825,.T.);
#7157 = ORIENTED_EDGE('',*,*,#7158,.T.);
#7158 = EDGE_CURVE('',#5818,#7159,#7161,.T.);
#7159 = VERTEX_POINT('',#7160);
#7160 = CARTESIAN_POINT('',(-2.348480775301,0.84,0.742364817767));
#7161 = CIRCLE('',#7162,0.1);
#7162 = AXIS2_PLACEMENT_3D('',#7163,#7164,#7165);
#7163 = CARTESIAN_POINT('',(-2.25,0.84,0.725));
#7164 = DIRECTION('',(-1.144237745222E-17,-1.,3.284293275761E-47));
#7165 = DIRECTION('',(-4.440892098501E-15,5.081436361563E-32,1.));
#7166 = ORIENTED_EDGE('',*,*,#7167,.F.);
#7167 = EDGE_CURVE('',#7068,#7159,#7168,.T.);
#7168 = LINE('',#7169,#7170);
#7169 = CARTESIAN_POINT('',(-2.348480775301,0.43,0.742364817767));
#7170 = VECTOR('',#7171,1.);
#7171 = DIRECTION('',(1.144237745222E-17,1.,0.));
#7172 = ORIENTED_EDGE('',*,*,#7067,.F.);
#7173 = CYLINDRICAL_SURFACE('',#7174,0.1);
#7174 = AXIS2_PLACEMENT_3D('',#7175,#7176,#7177);
#7175 = CARTESIAN_POINT('',(-2.25,0.43,0.725));
#7176 = DIRECTION('',(-1.144237745222E-17,-1.,0.));
#7177 = DIRECTION('',(-4.440892098501E-15,5.081436361563E-32,1.));
#7178 = ADVANCED_FACE('',(#7179),#7257,.T.);
#7179 = FACE_BOUND('',#7180,.T.);
#7180 = EDGE_LOOP('',(#7181,#7182,#7183,#7184,#7192,#7201,#7209,#7217,
    #7225,#7234,#7242,#7251));
#7181 = ORIENTED_EDGE('',*,*,#5839,.F.);
#7182 = ORIENTED_EDGE('',*,*,#5817,.T.);
#7183 = ORIENTED_EDGE('',*,*,#7158,.T.);
#7184 = ORIENTED_EDGE('',*,*,#7185,.T.);
#7185 = EDGE_CURVE('',#7159,#7186,#7188,.T.);
#7186 = VERTEX_POINT('',#7187);
#7187 = CARTESIAN_POINT('',(-2.429496640897,0.84,0.2479055467));
#7188 = LINE('',#7189,#7190);
#7189 = CARTESIAN_POINT('',(-2.348480775301,0.84,0.742364817767));
#7190 = VECTOR('',#7191,1.);
#7191 = DIRECTION('',(-0.161691392282,1.85013394127E-18,-0.986841372087)
  );
#7192 = ORIENTED_EDGE('',*,*,#7193,.T.);
#7193 = EDGE_CURVE('',#7186,#7194,#7196,.T.);
#7194 = VERTEX_POINT('',#7195);
#7195 = CARTESIAN_POINT('',(-2.724938966801,0.84,-1.665334536938E-16));
#7196 = CIRCLE('',#7197,0.3);
#7197 = AXIS2_PLACEMENT_3D('',#7198,#7199,#7200);
#7198 = CARTESIAN_POINT('',(-2.724938966801,0.84,0.3));
#7199 = DIRECTION('',(1.144237745222E-17,1.,7.703719777549E-34));
#7200 = DIRECTION('',(0.984807753012,-1.126854202784E-17,-0.173648177667
    ));
#7201 = ORIENTED_EDGE('',*,*,#7202,.T.);
#7202 = EDGE_CURVE('',#7194,#7203,#7205,.T.);
#7203 = VERTEX_POINT('',#7204);
#7204 = CARTESIAN_POINT('',(-3.,0.84,-1.665334536938E-16));
#7205 = LINE('',#7206,#7207);
#7206 = CARTESIAN_POINT('',(-2.724938966801,0.84,-1.665334536938E-16));
#7207 = VECTOR('',#7208,1.);
#7208 = DIRECTION('',(-1.,1.144237745222E-17,0.));
#7209 = ORIENTED_EDGE('',*,*,#7210,.T.);
#7210 = EDGE_CURVE('',#7203,#7211,#7213,.T.);
#7211 = VERTEX_POINT('',#7212);
#7212 = CARTESIAN_POINT('',(-3.,0.84,0.2));
#7213 = LINE('',#7214,#7215);
#7214 = CARTESIAN_POINT('',(-3.,0.84,-1.665334536938E-16));
#7215 = VECTOR('',#7216,1.);
#7216 = DIRECTION('',(0.,0.,1.));
#7217 = ORIENTED_EDGE('',*,*,#7218,.T.);
#7218 = EDGE_CURVE('',#7211,#7219,#7221,.T.);
#7219 = VERTEX_POINT('',#7220);
#7220 = CARTESIAN_POINT('',(-2.724938966801,0.84,0.2));
#7221 = LINE('',#7222,#7223);
#7222 = CARTESIAN_POINT('',(-3.,0.84,0.2));
#7223 = VECTOR('',#7224,1.);
#7224 = DIRECTION('',(1.,-1.144237745222E-17,0.));
#7225 = ORIENTED_EDGE('',*,*,#7226,.T.);
#7226 = EDGE_CURVE('',#7219,#7227,#7229,.T.);
#7227 = VERTEX_POINT('',#7228);
#7228 = CARTESIAN_POINT('',(-2.6264581915,0.84,0.282635182233));
#7229 = CIRCLE('',#7230,0.1);
#7230 = AXIS2_PLACEMENT_3D('',#7231,#7232,#7233);
#7231 = CARTESIAN_POINT('',(-2.724938966801,0.84,0.3));
#7232 = DIRECTION('',(-1.144237745222E-17,-1.,-0.));
#7233 = DIRECTION('',(0.,0.,-1.));
#7234 = ORIENTED_EDGE('',*,*,#7235,.T.);
#7235 = EDGE_CURVE('',#7227,#7236,#7238,.T.);
#7236 = VERTEX_POINT('',#7237);
#7237 = CARTESIAN_POINT('',(-2.545442325904,0.84,0.7770944533));
#7238 = LINE('',#7239,#7240);
#7239 = CARTESIAN_POINT('',(-2.6264581915,0.84,0.282635182233));
#7240 = VECTOR('',#7241,1.);
#7241 = DIRECTION('',(0.161691392282,-1.85013394127E-18,0.986841372087)
  );
#7242 = ORIENTED_EDGE('',*,*,#7243,.T.);
#7243 = EDGE_CURVE('',#7236,#7244,#7246,.T.);
#7244 = VERTEX_POINT('',#7245);
#7245 = CARTESIAN_POINT('',(-2.25,0.84,1.025));
#7246 = CIRCLE('',#7247,0.3);
#7247 = AXIS2_PLACEMENT_3D('',#7248,#7249,#7250);
#7248 = CARTESIAN_POINT('',(-2.25,0.84,0.725));
#7249 = DIRECTION('',(1.144237745222E-17,1.,7.703719777549E-34));
#7250 = DIRECTION('',(-0.984807753012,1.126854202784E-17,0.173648177667)
  );
#7251 = ORIENTED_EDGE('',*,*,#7252,.T.);
#7252 = EDGE_CURVE('',#7244,#5840,#7253,.T.);
#7253 = LINE('',#7254,#7255);
#7254 = CARTESIAN_POINT('',(-2.25,0.84,1.025));
#7255 = VECTOR('',#7256,1.);
#7256 = DIRECTION('',(1.,-1.144237745222E-17,0.));
#7257 = PLANE('',#7258);
#7258 = AXIS2_PLACEMENT_3D('',#7259,#7260,#7261);
#7259 = CARTESIAN_POINT('',(-2.42560961319,0.84,0.548953137803));
#7260 = DIRECTION('',(1.144237745222E-17,1.,0.));
#7261 = DIRECTION('',(0.,-0.,1.));
#7262 = ADVANCED_FACE('',(#7263),#7274,.F.);
#7263 = FACE_BOUND('',#7264,.F.);
#7264 = EDGE_LOOP('',(#7265,#7266,#7267,#7268));
#7265 = ORIENTED_EDGE('',*,*,#5856,.T.);
#7266 = ORIENTED_EDGE('',*,*,#6276,.T.);
#7267 = ORIENTED_EDGE('',*,*,#6340,.F.);
#7268 = ORIENTED_EDGE('',*,*,#7269,.F.);
#7269 = EDGE_CURVE('',#5840,#6333,#7270,.T.);
#7270 = LINE('',#7271,#7272);
#7271 = CARTESIAN_POINT('',(-2.25,0.84,1.025));
#7272 = VECTOR('',#7273,1.);
#7273 = DIRECTION('',(1.,-1.144237745222E-17,0.));
#7274 = PLANE('',#7275);
#7275 = AXIS2_PLACEMENT_3D('',#7276,#7277,#7278);
#7276 = CARTESIAN_POINT('',(-3.027078129022E-16,2.4125,1.025));
#7277 = DIRECTION('',(2.007919022429E-31,-7.713306628828E-27,-1.));
#7278 = DIRECTION('',(1.,1.112083013911E-16,2.00791902242E-31));
#7279 = ADVANCED_FACE('',(#7280),#7359,.F.);
#7280 = FACE_BOUND('',#7281,.F.);
#7281 = EDGE_LOOP('',(#7282,#7283,#7284,#7293,#7301,#7310,#7318,#7326,
    #7334,#7343,#7351,#7358));
#7282 = ORIENTED_EDGE('',*,*,#5848,.F.);
#7283 = ORIENTED_EDGE('',*,*,#5870,.T.);
#7284 = ORIENTED_EDGE('',*,*,#7285,.T.);
#7285 = EDGE_CURVE('',#5871,#7286,#7288,.T.);
#7286 = VERTEX_POINT('',#7287);
#7287 = CARTESIAN_POINT('',(-2.348480775301,1.7,0.742364817767));
#7288 = CIRCLE('',#7289,0.1);
#7289 = AXIS2_PLACEMENT_3D('',#7290,#7291,#7292);
#7290 = CARTESIAN_POINT('',(-2.25,1.7,0.725));
#7291 = DIRECTION('',(-1.144237745222E-17,-1.,3.284293275761E-47));
#7292 = DIRECTION('',(-4.440892098501E-15,5.081436361563E-32,1.));
#7293 = ORIENTED_EDGE('',*,*,#7294,.T.);
#7294 = EDGE_CURVE('',#7286,#7295,#7297,.T.);
#7295 = VERTEX_POINT('',#7296);
#7296 = CARTESIAN_POINT('',(-2.429496640897,1.7,0.2479055467));
#7297 = LINE('',#7298,#7299);
#7298 = CARTESIAN_POINT('',(-2.348480775301,1.7,0.742364817767));
#7299 = VECTOR('',#7300,1.);
#7300 = DIRECTION('',(-0.161691392282,1.85013394127E-18,-0.986841372087)
  );
#7301 = ORIENTED_EDGE('',*,*,#7302,.T.);
#7302 = EDGE_CURVE('',#7295,#7303,#7305,.T.);
#7303 = VERTEX_POINT('',#7304);
#7304 = CARTESIAN_POINT('',(-2.724938966801,1.7,-1.665334536938E-16));
#7305 = CIRCLE('',#7306,0.3);
#7306 = AXIS2_PLACEMENT_3D('',#7307,#7308,#7309);
#7307 = CARTESIAN_POINT('',(-2.724938966801,1.7,0.3));
#7308 = DIRECTION('',(1.144237745222E-17,1.,7.703719777549E-34));
#7309 = DIRECTION('',(0.984807753012,-1.126854202784E-17,-0.173648177667
    ));
#7310 = ORIENTED_EDGE('',*,*,#7311,.T.);
#7311 = EDGE_CURVE('',#7303,#7312,#7314,.T.);
#7312 = VERTEX_POINT('',#7313);
#7313 = CARTESIAN_POINT('',(-3.,1.7,-1.665334536938E-16));
#7314 = LINE('',#7315,#7316);
#7315 = CARTESIAN_POINT('',(-2.724938966801,1.7,-1.665334536938E-16));
#7316 = VECTOR('',#7317,1.);
#7317 = DIRECTION('',(-1.,1.144237745222E-17,0.));
#7318 = ORIENTED_EDGE('',*,*,#7319,.T.);
#7319 = EDGE_CURVE('',#7312,#7320,#7322,.T.);
#7320 = VERTEX_POINT('',#7321);
#7321 = CARTESIAN_POINT('',(-3.,1.7,0.2));
#7322 = LINE('',#7323,#7324);
#7323 = CARTESIAN_POINT('',(-3.,1.7,-1.665334536938E-16));
#7324 = VECTOR('',#7325,1.);
#7325 = DIRECTION('',(0.,0.,1.));
#7326 = ORIENTED_EDGE('',*,*,#7327,.T.);
#7327 = EDGE_CURVE('',#7320,#7328,#7330,.T.);
#7328 = VERTEX_POINT('',#7329);
#7329 = CARTESIAN_POINT('',(-2.724938966801,1.7,0.2));
#7330 = LINE('',#7331,#7332);
#7331 = CARTESIAN_POINT('',(-3.,1.7,0.2));
#7332 = VECTOR('',#7333,1.);
#7333 = DIRECTION('',(1.,-1.144237745222E-17,0.));
#7334 = ORIENTED_EDGE('',*,*,#7335,.T.);
#7335 = EDGE_CURVE('',#7328,#7336,#7338,.T.);
#7336 = VERTEX_POINT('',#7337);
#7337 = CARTESIAN_POINT('',(-2.6264581915,1.7,0.282635182233));
#7338 = CIRCLE('',#7339,0.1);
#7339 = AXIS2_PLACEMENT_3D('',#7340,#7341,#7342);
#7340 = CARTESIAN_POINT('',(-2.724938966801,1.7,0.3));
#7341 = DIRECTION('',(-1.144237745222E-17,-1.,-0.));
#7342 = DIRECTION('',(0.,0.,-1.));
#7343 = ORIENTED_EDGE('',*,*,#7344,.T.);
#7344 = EDGE_CURVE('',#7336,#7345,#7347,.T.);
#7345 = VERTEX_POINT('',#7346);
#7346 = CARTESIAN_POINT('',(-2.545442325904,1.7,0.7770944533));
#7347 = LINE('',#7348,#7349);
#7348 = CARTESIAN_POINT('',(-2.6264581915,1.7,0.282635182233));
#7349 = VECTOR('',#7350,1.);
#7350 = DIRECTION('',(0.161691392282,-1.85013394127E-18,0.986841372087)
  );
#7351 = ORIENTED_EDGE('',*,*,#7352,.T.);
#7352 = EDGE_CURVE('',#7345,#6246,#7353,.T.);
#7353 = CIRCLE('',#7354,0.3);
#7354 = AXIS2_PLACEMENT_3D('',#7355,#7356,#7357);
#7355 = CARTESIAN_POINT('',(-2.25,1.7,0.725));
#7356 = DIRECTION('',(1.144237745222E-17,1.,7.703719777549E-34));
#7357 = DIRECTION('',(-0.984807753012,1.126854202784E-17,0.173648177667)
  );
#7358 = ORIENTED_EDGE('',*,*,#6245,.T.);
#7359 = PLANE('',#7360);
#7360 = AXIS2_PLACEMENT_3D('',#7361,#7362,#7363);
#7361 = CARTESIAN_POINT('',(-2.42560961319,1.7,0.548953137803));
#7362 = DIRECTION('',(1.144237745222E-17,1.,0.));
#7363 = DIRECTION('',(0.,-0.,1.));
#7364 = ADVANCED_FACE('',(#7365),#7384,.F.);
#7365 = FACE_BOUND('',#7366,.F.);
#7366 = EDGE_LOOP('',(#7367,#7368,#7377,#7383));
#7367 = ORIENTED_EDGE('',*,*,#5887,.T.);
#7368 = ORIENTED_EDGE('',*,*,#7369,.T.);
#7369 = EDGE_CURVE('',#5880,#7370,#7372,.T.);
#7370 = VERTEX_POINT('',#7371);
#7371 = CARTESIAN_POINT('',(-2.348480775301,2.11,0.742364817767));
#7372 = CIRCLE('',#7373,0.1);
#7373 = AXIS2_PLACEMENT_3D('',#7374,#7375,#7376);
#7374 = CARTESIAN_POINT('',(-2.25,2.11,0.725));
#7375 = DIRECTION('',(-1.144237745222E-17,-1.,3.284293275761E-47));
#7376 = DIRECTION('',(-4.440892098501E-15,5.081436361563E-32,1.));
#7377 = ORIENTED_EDGE('',*,*,#7378,.F.);
#7378 = EDGE_CURVE('',#7286,#7370,#7379,.T.);
#7379 = LINE('',#7380,#7381);
#7380 = CARTESIAN_POINT('',(-2.348480775301,1.7,0.742364817767));
#7381 = VECTOR('',#7382,1.);
#7382 = DIRECTION('',(1.144237745222E-17,1.,0.));
#7383 = ORIENTED_EDGE('',*,*,#7285,.F.);
#7384 = CYLINDRICAL_SURFACE('',#7385,0.1);
#7385 = AXIS2_PLACEMENT_3D('',#7386,#7387,#7388);
#7386 = CARTESIAN_POINT('',(-2.25,1.7,0.725));
#7387 = DIRECTION('',(-1.144237745222E-17,-1.,0.));
#7388 = DIRECTION('',(-4.440892098501E-15,5.081436361563E-32,1.));
#7389 = ADVANCED_FACE('',(#7390),#7461,.T.);
#7390 = FACE_BOUND('',#7391,.T.);
#7391 = EDGE_LOOP('',(#7392,#7393,#7394,#7395,#7403,#7412,#7420,#7428,
    #7436,#7445,#7453,#7460));
#7392 = ORIENTED_EDGE('',*,*,#5901,.F.);
#7393 = ORIENTED_EDGE('',*,*,#5879,.T.);
#7394 = ORIENTED_EDGE('',*,*,#7369,.T.);
#7395 = ORIENTED_EDGE('',*,*,#7396,.T.);
#7396 = EDGE_CURVE('',#7370,#7397,#7399,.T.);
#7397 = VERTEX_POINT('',#7398);
#7398 = CARTESIAN_POINT('',(-2.429496640897,2.11,0.2479055467));
#7399 = LINE('',#7400,#7401);
#7400 = CARTESIAN_POINT('',(-2.348480775301,2.11,0.742364817767));
#7401 = VECTOR('',#7402,1.);
#7402 = DIRECTION('',(-0.161691392282,1.85013394127E-18,-0.986841372087)
  );
#7403 = ORIENTED_EDGE('',*,*,#7404,.T.);
#7404 = EDGE_CURVE('',#7397,#7405,#7407,.T.);
#7405 = VERTEX_POINT('',#7406);
#7406 = CARTESIAN_POINT('',(-2.724938966801,2.11,-1.665334536938E-16));
#7407 = CIRCLE('',#7408,0.3);
#7408 = AXIS2_PLACEMENT_3D('',#7409,#7410,#7411);
#7409 = CARTESIAN_POINT('',(-2.724938966801,2.11,0.3));
#7410 = DIRECTION('',(1.144237745222E-17,1.,7.703719777549E-34));
#7411 = DIRECTION('',(0.984807753012,-1.126854202784E-17,-0.173648177667
    ));
#7412 = ORIENTED_EDGE('',*,*,#7413,.T.);
#7413 = EDGE_CURVE('',#7405,#7414,#7416,.T.);
#7414 = VERTEX_POINT('',#7415);
#7415 = CARTESIAN_POINT('',(-3.,2.11,-1.665334536938E-16));
#7416 = LINE('',#7417,#7418);
#7417 = CARTESIAN_POINT('',(-2.724938966801,2.11,-1.665334536938E-16));
#7418 = VECTOR('',#7419,1.);
#7419 = DIRECTION('',(-1.,1.144237745222E-17,0.));
#7420 = ORIENTED_EDGE('',*,*,#7421,.T.);
#7421 = EDGE_CURVE('',#7414,#7422,#7424,.T.);
#7422 = VERTEX_POINT('',#7423);
#7423 = CARTESIAN_POINT('',(-3.,2.11,0.2));
#7424 = LINE('',#7425,#7426);
#7425 = CARTESIAN_POINT('',(-3.,2.11,-1.665334536938E-16));
#7426 = VECTOR('',#7427,1.);
#7427 = DIRECTION('',(0.,0.,1.));
#7428 = ORIENTED_EDGE('',*,*,#7429,.T.);
#7429 = EDGE_CURVE('',#7422,#7430,#7432,.T.);
#7430 = VERTEX_POINT('',#7431);
#7431 = CARTESIAN_POINT('',(-2.724938966801,2.11,0.2));
#7432 = LINE('',#7433,#7434);
#7433 = CARTESIAN_POINT('',(-3.,2.11,0.2));
#7434 = VECTOR('',#7435,1.);
#7435 = DIRECTION('',(1.,-1.144237745222E-17,0.));
#7436 = ORIENTED_EDGE('',*,*,#7437,.T.);
#7437 = EDGE_CURVE('',#7430,#7438,#7440,.T.);
#7438 = VERTEX_POINT('',#7439);
#7439 = CARTESIAN_POINT('',(-2.6264581915,2.11,0.282635182233));
#7440 = CIRCLE('',#7441,0.1);
#7441 = AXIS2_PLACEMENT_3D('',#7442,#7443,#7444);
#7442 = CARTESIAN_POINT('',(-2.724938966801,2.11,0.3));
#7443 = DIRECTION('',(-1.144237745222E-17,-1.,-0.));
#7444 = DIRECTION('',(0.,0.,-1.));
#7445 = ORIENTED_EDGE('',*,*,#7446,.T.);
#7446 = EDGE_CURVE('',#7438,#7447,#7449,.T.);
#7447 = VERTEX_POINT('',#7448);
#7448 = CARTESIAN_POINT('',(-2.545442325904,2.11,0.7770944533));
#7449 = LINE('',#7450,#7451);
#7450 = CARTESIAN_POINT('',(-2.6264581915,2.11,0.282635182233));
#7451 = VECTOR('',#7452,1.);
#7452 = DIRECTION('',(0.161691392282,-1.85013394127E-18,0.986841372087)
  );
#7453 = ORIENTED_EDGE('',*,*,#7454,.T.);
#7454 = EDGE_CURVE('',#7447,#6254,#7455,.T.);
#7455 = CIRCLE('',#7456,0.3);
#7456 = AXIS2_PLACEMENT_3D('',#7457,#7458,#7459);
#7457 = CARTESIAN_POINT('',(-2.25,2.11,0.725));
#7458 = DIRECTION('',(1.144237745222E-17,1.,7.703719777549E-34));
#7459 = DIRECTION('',(-0.984807753012,1.126854202784E-17,0.173648177667)
  );
#7460 = ORIENTED_EDGE('',*,*,#6261,.T.);
#7461 = PLANE('',#7462);
#7462 = AXIS2_PLACEMENT_3D('',#7463,#7464,#7465);
#7463 = CARTESIAN_POINT('',(-2.42560961319,2.11,0.548953137803));
#7464 = DIRECTION('',(1.144237745222E-17,1.,0.));
#7465 = DIRECTION('',(0.,-0.,1.));
#7466 = ADVANCED_FACE('',(#7467),#7546,.F.);
#7467 = FACE_BOUND('',#7468,.F.);
#7468 = EDGE_LOOP('',(#7469,#7470,#7471,#7480,#7488,#7497,#7505,#7513,
    #7521,#7530,#7538,#7545));
#7469 = ORIENTED_EDGE('',*,*,#5920,.F.);
#7470 = ORIENTED_EDGE('',*,*,#5935,.T.);
#7471 = ORIENTED_EDGE('',*,*,#7472,.T.);
#7472 = EDGE_CURVE('',#5936,#7473,#7475,.T.);
#7473 = VERTEX_POINT('',#7474);
#7474 = CARTESIAN_POINT('',(2.348480775301,2.11,0.742364817767));
#7475 = CIRCLE('',#7476,0.1);
#7476 = AXIS2_PLACEMENT_3D('',#7477,#7478,#7479);
#7477 = CARTESIAN_POINT('',(2.25,2.11,0.725));
#7478 = DIRECTION('',(-1.110223024625E-16,1.,0.));
#7479 = DIRECTION('',(4.440892098501E-15,4.930380657631E-31,1.));
#7480 = ORIENTED_EDGE('',*,*,#7481,.T.);
#7481 = EDGE_CURVE('',#7473,#7482,#7484,.T.);
#7482 = VERTEX_POINT('',#7483);
#7483 = CARTESIAN_POINT('',(2.429496640897,2.11,0.2479055467));
#7484 = LINE('',#7485,#7486);
#7485 = CARTESIAN_POINT('',(2.348480775301,2.11,0.742364817767));
#7486 = VECTOR('',#7487,1.);
#7487 = DIRECTION('',(0.161691392282,1.795135065956E-17,-0.986841372087)
  );
#7488 = ORIENTED_EDGE('',*,*,#7489,.T.);
#7489 = EDGE_CURVE('',#7482,#7490,#7492,.T.);
#7490 = VERTEX_POINT('',#7491);
#7491 = CARTESIAN_POINT('',(2.724938966801,2.11,-1.665334536938E-16));
#7492 = CIRCLE('',#7493,0.3);
#7493 = AXIS2_PLACEMENT_3D('',#7494,#7495,#7496);
#7494 = CARTESIAN_POINT('',(2.724938966801,2.11,0.3));
#7495 = DIRECTION('',(1.110223024625E-16,-1.,0.));
#7496 = DIRECTION('',(-0.984807753012,-1.093356242223E-16,
    -0.173648177667));
#7497 = ORIENTED_EDGE('',*,*,#7498,.T.);
#7498 = EDGE_CURVE('',#7490,#7499,#7501,.T.);
#7499 = VERTEX_POINT('',#7500);
#7500 = CARTESIAN_POINT('',(3.,2.11,-1.665334536938E-16));
#7501 = LINE('',#7502,#7503);
#7502 = CARTESIAN_POINT('',(2.724938966801,2.11,-1.665334536938E-16));
#7503 = VECTOR('',#7504,1.);
#7504 = DIRECTION('',(1.,1.110223024625E-16,0.));
#7505 = ORIENTED_EDGE('',*,*,#7506,.T.);
#7506 = EDGE_CURVE('',#7499,#7507,#7509,.T.);
#7507 = VERTEX_POINT('',#7508);
#7508 = CARTESIAN_POINT('',(3.,2.11,0.2));
#7509 = LINE('',#7510,#7511);
#7510 = CARTESIAN_POINT('',(3.,2.11,-1.665334536938E-16));
#7511 = VECTOR('',#7512,1.);
#7512 = DIRECTION('',(0.,0.,1.));
#7513 = ORIENTED_EDGE('',*,*,#7514,.T.);
#7514 = EDGE_CURVE('',#7507,#7515,#7517,.T.);
#7515 = VERTEX_POINT('',#7516);
#7516 = CARTESIAN_POINT('',(2.724938966801,2.11,0.2));
#7517 = LINE('',#7518,#7519);
#7518 = CARTESIAN_POINT('',(3.,2.11,0.2));
#7519 = VECTOR('',#7520,1.);
#7520 = DIRECTION('',(-1.,-1.110223024625E-16,0.));
#7521 = ORIENTED_EDGE('',*,*,#7522,.T.);
#7522 = EDGE_CURVE('',#7515,#7523,#7525,.T.);
#7523 = VERTEX_POINT('',#7524);
#7524 = CARTESIAN_POINT('',(2.6264581915,2.11,0.282635182233));
#7525 = CIRCLE('',#7526,0.1);
#7526 = AXIS2_PLACEMENT_3D('',#7527,#7528,#7529);
#7527 = CARTESIAN_POINT('',(2.724938966801,2.11,0.3));
#7528 = DIRECTION('',(-1.110223024625E-16,1.,0.));
#7529 = DIRECTION('',(0.,0.,-1.));
#7530 = ORIENTED_EDGE('',*,*,#7531,.T.);
#7531 = EDGE_CURVE('',#7523,#7532,#7534,.T.);
#7532 = VERTEX_POINT('',#7533);
#7533 = CARTESIAN_POINT('',(2.545442325904,2.11,0.7770944533));
#7534 = LINE('',#7535,#7536);
#7535 = CARTESIAN_POINT('',(2.6264581915,2.11,0.282635182233));
#7536 = VECTOR('',#7537,1.);
#7537 = DIRECTION('',(-0.161691392282,-1.795135065956E-17,0.986841372087
    ));
#7538 = ORIENTED_EDGE('',*,*,#7539,.T.);
#7539 = EDGE_CURVE('',#7532,#6533,#7540,.T.);
#7540 = CIRCLE('',#7541,0.3);
#7541 = AXIS2_PLACEMENT_3D('',#7542,#7543,#7544);
#7542 = CARTESIAN_POINT('',(2.25,2.11,0.725));
#7543 = DIRECTION('',(1.110223024625E-16,-1.,0.));
#7544 = DIRECTION('',(0.984807753012,1.093356242223E-16,0.173648177667)
  );
#7545 = ORIENTED_EDGE('',*,*,#6532,.T.);
#7546 = PLANE('',#7547);
#7547 = AXIS2_PLACEMENT_3D('',#7548,#7549,#7550);
#7548 = CARTESIAN_POINT('',(2.42560961319,2.11,0.548953137803));
#7549 = DIRECTION('',(1.110223024625E-16,-1.,0.));
#7550 = DIRECTION('',(0.,0.,1.));
#7551 = ADVANCED_FACE('',(#7552),#7571,.F.);
#7552 = FACE_BOUND('',#7553,.F.);
#7553 = EDGE_LOOP('',(#7554,#7555,#7564,#7570));
#7554 = ORIENTED_EDGE('',*,*,#5952,.T.);
#7555 = ORIENTED_EDGE('',*,*,#7556,.T.);
#7556 = EDGE_CURVE('',#5945,#7557,#7559,.T.);
#7557 = VERTEX_POINT('',#7558);
#7558 = CARTESIAN_POINT('',(2.348480775301,1.7,0.742364817767));
#7559 = CIRCLE('',#7560,0.1);
#7560 = AXIS2_PLACEMENT_3D('',#7561,#7562,#7563);
#7561 = CARTESIAN_POINT('',(2.25,1.7,0.725));
#7562 = DIRECTION('',(-1.110223024625E-16,1.,0.));
#7563 = DIRECTION('',(4.440892098501E-15,4.930380657631E-31,1.));
#7564 = ORIENTED_EDGE('',*,*,#7565,.F.);
#7565 = EDGE_CURVE('',#7473,#7557,#7566,.T.);
#7566 = LINE('',#7567,#7568);
#7567 = CARTESIAN_POINT('',(2.348480775301,2.11,0.742364817767));
#7568 = VECTOR('',#7569,1.);
#7569 = DIRECTION('',(1.110223024625E-16,-1.,0.));
#7570 = ORIENTED_EDGE('',*,*,#7472,.F.);
#7571 = CYLINDRICAL_SURFACE('',#7572,0.1);
#7572 = AXIS2_PLACEMENT_3D('',#7573,#7574,#7575);
#7573 = CARTESIAN_POINT('',(2.25,2.11,0.725));
#7574 = DIRECTION('',(-1.110223024625E-16,1.,0.));
#7575 = DIRECTION('',(4.440892098501E-15,4.930380657631E-31,1.));
#7576 = ADVANCED_FACE('',(#7577),#7648,.T.);
#7577 = FACE_BOUND('',#7578,.T.);
#7578 = EDGE_LOOP('',(#7579,#7580,#7581,#7582,#7590,#7599,#7607,#7615,
    #7623,#7632,#7640,#7647));
#7579 = ORIENTED_EDGE('',*,*,#5966,.F.);
#7580 = ORIENTED_EDGE('',*,*,#5944,.T.);
#7581 = ORIENTED_EDGE('',*,*,#7556,.T.);
#7582 = ORIENTED_EDGE('',*,*,#7583,.T.);
#7583 = EDGE_CURVE('',#7557,#7584,#7586,.T.);
#7584 = VERTEX_POINT('',#7585);
#7585 = CARTESIAN_POINT('',(2.429496640897,1.7,0.2479055467));
#7586 = LINE('',#7587,#7588);
#7587 = CARTESIAN_POINT('',(2.348480775301,1.7,0.742364817767));
#7588 = VECTOR('',#7589,1.);
#7589 = DIRECTION('',(0.161691392282,1.795135065956E-17,-0.986841372087)
  );
#7590 = ORIENTED_EDGE('',*,*,#7591,.T.);
#7591 = EDGE_CURVE('',#7584,#7592,#7594,.T.);
#7592 = VERTEX_POINT('',#7593);
#7593 = CARTESIAN_POINT('',(2.724938966801,1.7,-1.665334536938E-16));
#7594 = CIRCLE('',#7595,0.3);
#7595 = AXIS2_PLACEMENT_3D('',#7596,#7597,#7598);
#7596 = CARTESIAN_POINT('',(2.724938966801,1.7,0.3));
#7597 = DIRECTION('',(1.110223024625E-16,-1.,0.));
#7598 = DIRECTION('',(-0.984807753012,-1.093356242223E-16,
    -0.173648177667));
#7599 = ORIENTED_EDGE('',*,*,#7600,.T.);
#7600 = EDGE_CURVE('',#7592,#7601,#7603,.T.);
#7601 = VERTEX_POINT('',#7602);
#7602 = CARTESIAN_POINT('',(3.,1.7,-1.665334536938E-16));
#7603 = LINE('',#7604,#7605);
#7604 = CARTESIAN_POINT('',(2.724938966801,1.7,-1.665334536938E-16));
#7605 = VECTOR('',#7606,1.);
#7606 = DIRECTION('',(1.,1.110223024625E-16,0.));
#7607 = ORIENTED_EDGE('',*,*,#7608,.T.);
#7608 = EDGE_CURVE('',#7601,#7609,#7611,.T.);
#7609 = VERTEX_POINT('',#7610);
#7610 = CARTESIAN_POINT('',(3.,1.7,0.2));
#7611 = LINE('',#7612,#7613);
#7612 = CARTESIAN_POINT('',(3.,1.7,-1.665334536938E-16));
#7613 = VECTOR('',#7614,1.);
#7614 = DIRECTION('',(0.,0.,1.));
#7615 = ORIENTED_EDGE('',*,*,#7616,.T.);
#7616 = EDGE_CURVE('',#7609,#7617,#7619,.T.);
#7617 = VERTEX_POINT('',#7618);
#7618 = CARTESIAN_POINT('',(2.724938966801,1.7,0.2));
#7619 = LINE('',#7620,#7621);
#7620 = CARTESIAN_POINT('',(3.,1.7,0.2));
#7621 = VECTOR('',#7622,1.);
#7622 = DIRECTION('',(-1.,-1.110223024625E-16,0.));
#7623 = ORIENTED_EDGE('',*,*,#7624,.T.);
#7624 = EDGE_CURVE('',#7617,#7625,#7627,.T.);
#7625 = VERTEX_POINT('',#7626);
#7626 = CARTESIAN_POINT('',(2.6264581915,1.7,0.282635182233));
#7627 = CIRCLE('',#7628,0.1);
#7628 = AXIS2_PLACEMENT_3D('',#7629,#7630,#7631);
#7629 = CARTESIAN_POINT('',(2.724938966801,1.7,0.3));
#7630 = DIRECTION('',(-1.110223024625E-16,1.,0.));
#7631 = DIRECTION('',(0.,0.,-1.));
#7632 = ORIENTED_EDGE('',*,*,#7633,.T.);
#7633 = EDGE_CURVE('',#7625,#7634,#7636,.T.);
#7634 = VERTEX_POINT('',#7635);
#7635 = CARTESIAN_POINT('',(2.545442325904,1.7,0.7770944533));
#7636 = LINE('',#7637,#7638);
#7637 = CARTESIAN_POINT('',(2.6264581915,1.7,0.282635182233));
#7638 = VECTOR('',#7639,1.);
#7639 = DIRECTION('',(-0.161691392282,-1.795135065956E-17,0.986841372087
    ));
#7640 = ORIENTED_EDGE('',*,*,#7641,.T.);
#7641 = EDGE_CURVE('',#7634,#6541,#7642,.T.);
#7642 = CIRCLE('',#7643,0.3);
#7643 = AXIS2_PLACEMENT_3D('',#7644,#7645,#7646);
#7644 = CARTESIAN_POINT('',(2.25,1.7,0.725));
#7645 = DIRECTION('',(1.110223024625E-16,-1.,0.));
#7646 = DIRECTION('',(0.984807753012,1.093356242223E-16,0.173648177667)
  );
#7647 = ORIENTED_EDGE('',*,*,#6548,.T.);
#7648 = PLANE('',#7649);
#7649 = AXIS2_PLACEMENT_3D('',#7650,#7651,#7652);
#7650 = CARTESIAN_POINT('',(2.42560961319,1.7,0.548953137803));
#7651 = DIRECTION('',(1.110223024625E-16,-1.,0.));
#7652 = DIRECTION('',(0.,0.,1.));
#7653 = ADVANCED_FACE('',(#7654),#7665,.F.);
#7654 = FACE_BOUND('',#7655,.F.);
#7655 = EDGE_LOOP('',(#7656,#7657,#7658,#7664));
#7656 = ORIENTED_EDGE('',*,*,#6554,.F.);
#7657 = ORIENTED_EDGE('',*,*,#5983,.T.);
#7658 = ORIENTED_EDGE('',*,*,#7659,.T.);
#7659 = EDGE_CURVE('',#5976,#6455,#7660,.T.);
#7660 = LINE('',#7661,#7662);
#7661 = CARTESIAN_POINT('',(2.25,0.84,1.025));
#7662 = VECTOR('',#7663,1.);
#7663 = DIRECTION('',(-1.,-1.110223024625E-16,0.));
#7664 = ORIENTED_EDGE('',*,*,#6454,.F.);
#7665 = PLANE('',#7666);
#7666 = AXIS2_PLACEMENT_3D('',#7667,#7668,#7669);
#7667 = CARTESIAN_POINT('',(-3.027078129022E-16,2.4125,1.025));
#7668 = DIRECTION('',(2.007919022429E-31,-7.713306628828E-27,-1.));
#7669 = DIRECTION('',(1.,1.112083013911E-16,2.00791902242E-31));
#7670 = ADVANCED_FACE('',(#7671),#7757,.F.);
#7671 = FACE_BOUND('',#7672,.F.);
#7672 = EDGE_LOOP('',(#7673,#7674,#7675,#7684,#7692,#7701,#7709,#7717,
    #7725,#7734,#7742,#7751));
#7673 = ORIENTED_EDGE('',*,*,#5975,.F.);
#7674 = ORIENTED_EDGE('',*,*,#5997,.T.);
#7675 = ORIENTED_EDGE('',*,*,#7676,.T.);
#7676 = EDGE_CURVE('',#5998,#7677,#7679,.T.);
#7677 = VERTEX_POINT('',#7678);
#7678 = CARTESIAN_POINT('',(2.348480775301,0.84,0.742364817767));
#7679 = CIRCLE('',#7680,0.1);
#7680 = AXIS2_PLACEMENT_3D('',#7681,#7682,#7683);
#7681 = CARTESIAN_POINT('',(2.25,0.84,0.725));
#7682 = DIRECTION('',(-1.110223024625E-16,1.,0.));
#7683 = DIRECTION('',(4.440892098501E-15,4.930380657631E-31,1.));
#7684 = ORIENTED_EDGE('',*,*,#7685,.T.);
#7685 = EDGE_CURVE('',#7677,#7686,#7688,.T.);
#7686 = VERTEX_POINT('',#7687);
#7687 = CARTESIAN_POINT('',(2.429496640897,0.84,0.2479055467));
#7688 = LINE('',#7689,#7690);
#7689 = CARTESIAN_POINT('',(2.348480775301,0.84,0.742364817767));
#7690 = VECTOR('',#7691,1.);
#7691 = DIRECTION('',(0.161691392282,1.795135065956E-17,-0.986841372087)
  );
#7692 = ORIENTED_EDGE('',*,*,#7693,.T.);
#7693 = EDGE_CURVE('',#7686,#7694,#7696,.T.);
#7694 = VERTEX_POINT('',#7695);
#7695 = CARTESIAN_POINT('',(2.724938966801,0.84,-1.665334536938E-16));
#7696 = CIRCLE('',#7697,0.3);
#7697 = AXIS2_PLACEMENT_3D('',#7698,#7699,#7700);
#7698 = CARTESIAN_POINT('',(2.724938966801,0.84,0.3));
#7699 = DIRECTION('',(1.110223024625E-16,-1.,0.));
#7700 = DIRECTION('',(-0.984807753012,-1.093356242223E-16,
    -0.173648177667));
#7701 = ORIENTED_EDGE('',*,*,#7702,.T.);
#7702 = EDGE_CURVE('',#7694,#7703,#7705,.T.);
#7703 = VERTEX_POINT('',#7704);
#7704 = CARTESIAN_POINT('',(3.,0.84,-1.665334536938E-16));
#7705 = LINE('',#7706,#7707);
#7706 = CARTESIAN_POINT('',(2.724938966801,0.84,-1.665334536938E-16));
#7707 = VECTOR('',#7708,1.);
#7708 = DIRECTION('',(1.,1.110223024625E-16,0.));
#7709 = ORIENTED_EDGE('',*,*,#7710,.T.);
#7710 = EDGE_CURVE('',#7703,#7711,#7713,.T.);
#7711 = VERTEX_POINT('',#7712);
#7712 = CARTESIAN_POINT('',(3.,0.84,0.2));
#7713 = LINE('',#7714,#7715);
#7714 = CARTESIAN_POINT('',(3.,0.84,-1.665334536938E-16));
#7715 = VECTOR('',#7716,1.);
#7716 = DIRECTION('',(0.,0.,1.));
#7717 = ORIENTED_EDGE('',*,*,#7718,.T.);
#7718 = EDGE_CURVE('',#7711,#7719,#7721,.T.);
#7719 = VERTEX_POINT('',#7720);
#7720 = CARTESIAN_POINT('',(2.724938966801,0.84,0.2));
#7721 = LINE('',#7722,#7723);
#7722 = CARTESIAN_POINT('',(3.,0.84,0.2));
#7723 = VECTOR('',#7724,1.);
#7724 = DIRECTION('',(-1.,-1.110223024625E-16,0.));
#7725 = ORIENTED_EDGE('',*,*,#7726,.T.);
#7726 = EDGE_CURVE('',#7719,#7727,#7729,.T.);
#7727 = VERTEX_POINT('',#7728);
#7728 = CARTESIAN_POINT('',(2.6264581915,0.84,0.282635182233));
#7729 = CIRCLE('',#7730,0.1);
#7730 = AXIS2_PLACEMENT_3D('',#7731,#7732,#7733);
#7731 = CARTESIAN_POINT('',(2.724938966801,0.84,0.3));
#7732 = DIRECTION('',(-1.110223024625E-16,1.,0.));
#7733 = DIRECTION('',(0.,0.,-1.));
#7734 = ORIENTED_EDGE('',*,*,#7735,.T.);
#7735 = EDGE_CURVE('',#7727,#7736,#7738,.T.);
#7736 = VERTEX_POINT('',#7737);
#7737 = CARTESIAN_POINT('',(2.545442325904,0.84,0.7770944533));
#7738 = LINE('',#7739,#7740);
#7739 = CARTESIAN_POINT('',(2.6264581915,0.84,0.282635182233));
#7740 = VECTOR('',#7741,1.);
#7741 = DIRECTION('',(-0.161691392282,-1.795135065956E-17,0.986841372087
    ));
#7742 = ORIENTED_EDGE('',*,*,#7743,.T.);
#7743 = EDGE_CURVE('',#7736,#7744,#7746,.T.);
#7744 = VERTEX_POINT('',#7745);
#7745 = CARTESIAN_POINT('',(2.25,0.84,1.025));
#7746 = CIRCLE('',#7747,0.3);
#7747 = AXIS2_PLACEMENT_3D('',#7748,#7749,#7750);
#7748 = CARTESIAN_POINT('',(2.25,0.84,0.725));
#7749 = DIRECTION('',(1.110223024625E-16,-1.,0.));
#7750 = DIRECTION('',(0.984807753012,1.093356242223E-16,0.173648177667)
  );
#7751 = ORIENTED_EDGE('',*,*,#7752,.T.);
#7752 = EDGE_CURVE('',#7744,#5976,#7753,.T.);
#7753 = LINE('',#7754,#7755);
#7754 = CARTESIAN_POINT('',(2.25,0.84,1.025));
#7755 = VECTOR('',#7756,1.);
#7756 = DIRECTION('',(-1.,-1.110223024625E-16,0.));
#7757 = PLANE('',#7758);
#7758 = AXIS2_PLACEMENT_3D('',#7759,#7760,#7761);
#7759 = CARTESIAN_POINT('',(2.42560961319,0.84,0.548953137803));
#7760 = DIRECTION('',(1.110223024625E-16,-1.,0.));
#7761 = DIRECTION('',(0.,0.,1.));
#7762 = ADVANCED_FACE('',(#7763),#7782,.F.);
#7763 = FACE_BOUND('',#7764,.F.);
#7764 = EDGE_LOOP('',(#7765,#7766,#7775,#7781));
#7765 = ORIENTED_EDGE('',*,*,#6014,.T.);
#7766 = ORIENTED_EDGE('',*,*,#7767,.T.);
#7767 = EDGE_CURVE('',#6007,#7768,#7770,.T.);
#7768 = VERTEX_POINT('',#7769);
#7769 = CARTESIAN_POINT('',(2.348480775301,0.43,0.742364817767));
#7770 = CIRCLE('',#7771,0.1);
#7771 = AXIS2_PLACEMENT_3D('',#7772,#7773,#7774);
#7772 = CARTESIAN_POINT('',(2.25,0.43,0.725));
#7773 = DIRECTION('',(-1.110223024625E-16,1.,0.));
#7774 = DIRECTION('',(4.440892098501E-15,4.930380657631E-31,1.));
#7775 = ORIENTED_EDGE('',*,*,#7776,.F.);
#7776 = EDGE_CURVE('',#7677,#7768,#7777,.T.);
#7777 = LINE('',#7778,#7779);
#7778 = CARTESIAN_POINT('',(2.348480775301,0.84,0.742364817767));
#7779 = VECTOR('',#7780,1.);
#7780 = DIRECTION('',(1.110223024625E-16,-1.,0.));
#7781 = ORIENTED_EDGE('',*,*,#7676,.F.);
#7782 = CYLINDRICAL_SURFACE('',#7783,0.1);
#7783 = AXIS2_PLACEMENT_3D('',#7784,#7785,#7786);
#7784 = CARTESIAN_POINT('',(2.25,0.84,0.725));
#7785 = DIRECTION('',(-1.110223024625E-16,1.,0.));
#7786 = DIRECTION('',(4.440892098501E-15,4.930380657631E-31,1.));
#7787 = ADVANCED_FACE('',(#7788),#7866,.T.);
#7788 = FACE_BOUND('',#7789,.T.);
#7789 = EDGE_LOOP('',(#7790,#7791,#7792,#7793,#7801,#7810,#7818,#7826,
    #7834,#7843,#7851,#7860));
#7790 = ORIENTED_EDGE('',*,*,#6028,.F.);
#7791 = ORIENTED_EDGE('',*,*,#6006,.T.);
#7792 = ORIENTED_EDGE('',*,*,#7767,.T.);
#7793 = ORIENTED_EDGE('',*,*,#7794,.T.);
#7794 = EDGE_CURVE('',#7768,#7795,#7797,.T.);
#7795 = VERTEX_POINT('',#7796);
#7796 = CARTESIAN_POINT('',(2.429496640897,0.43,0.2479055467));
#7797 = LINE('',#7798,#7799);
#7798 = CARTESIAN_POINT('',(2.348480775301,0.43,0.742364817767));
#7799 = VECTOR('',#7800,1.);
#7800 = DIRECTION('',(0.161691392282,1.795135065956E-17,-0.986841372087)
  );
#7801 = ORIENTED_EDGE('',*,*,#7802,.T.);
#7802 = EDGE_CURVE('',#7795,#7803,#7805,.T.);
#7803 = VERTEX_POINT('',#7804);
#7804 = CARTESIAN_POINT('',(2.724938966801,0.43,-1.665334536938E-16));
#7805 = CIRCLE('',#7806,0.3);
#7806 = AXIS2_PLACEMENT_3D('',#7807,#7808,#7809);
#7807 = CARTESIAN_POINT('',(2.724938966801,0.43,0.3));
#7808 = DIRECTION('',(1.110223024625E-16,-1.,0.));
#7809 = DIRECTION('',(-0.984807753012,-1.093356242223E-16,
    -0.173648177667));
#7810 = ORIENTED_EDGE('',*,*,#7811,.T.);
#7811 = EDGE_CURVE('',#7803,#7812,#7814,.T.);
#7812 = VERTEX_POINT('',#7813);
#7813 = CARTESIAN_POINT('',(3.,0.43,-1.665334536938E-16));
#7814 = LINE('',#7815,#7816);
#7815 = CARTESIAN_POINT('',(2.724938966801,0.43,-1.665334536938E-16));
#7816 = VECTOR('',#7817,1.);
#7817 = DIRECTION('',(1.,1.110223024625E-16,0.));
#7818 = ORIENTED_EDGE('',*,*,#7819,.T.);
#7819 = EDGE_CURVE('',#7812,#7820,#7822,.T.);
#7820 = VERTEX_POINT('',#7821);
#7821 = CARTESIAN_POINT('',(3.,0.43,0.2));
#7822 = LINE('',#7823,#7824);
#7823 = CARTESIAN_POINT('',(3.,0.43,-1.665334536938E-16));
#7824 = VECTOR('',#7825,1.);
#7825 = DIRECTION('',(0.,0.,1.));
#7826 = ORIENTED_EDGE('',*,*,#7827,.T.);
#7827 = EDGE_CURVE('',#7820,#7828,#7830,.T.);
#7828 = VERTEX_POINT('',#7829);
#7829 = CARTESIAN_POINT('',(2.724938966801,0.43,0.2));
#7830 = LINE('',#7831,#7832);
#7831 = CARTESIAN_POINT('',(3.,0.43,0.2));
#7832 = VECTOR('',#7833,1.);
#7833 = DIRECTION('',(-1.,-1.110223024625E-16,0.));
#7834 = ORIENTED_EDGE('',*,*,#7835,.T.);
#7835 = EDGE_CURVE('',#7828,#7836,#7838,.T.);
#7836 = VERTEX_POINT('',#7837);
#7837 = CARTESIAN_POINT('',(2.6264581915,0.43,0.282635182233));
#7838 = CIRCLE('',#7839,0.1);
#7839 = AXIS2_PLACEMENT_3D('',#7840,#7841,#7842);
#7840 = CARTESIAN_POINT('',(2.724938966801,0.43,0.3));
#7841 = DIRECTION('',(-1.110223024625E-16,1.,0.));
#7842 = DIRECTION('',(0.,0.,-1.));
#7843 = ORIENTED_EDGE('',*,*,#7844,.T.);
#7844 = EDGE_CURVE('',#7836,#7845,#7847,.T.);
#7845 = VERTEX_POINT('',#7846);
#7846 = CARTESIAN_POINT('',(2.545442325904,0.43,0.7770944533));
#7847 = LINE('',#7848,#7849);
#7848 = CARTESIAN_POINT('',(2.6264581915,0.43,0.282635182233));
#7849 = VECTOR('',#7850,1.);
#7850 = DIRECTION('',(-0.161691392282,-1.795135065956E-17,0.986841372087
    ));
#7851 = ORIENTED_EDGE('',*,*,#7852,.T.);
#7852 = EDGE_CURVE('',#7845,#7853,#7855,.T.);
#7853 = VERTEX_POINT('',#7854);
#7854 = CARTESIAN_POINT('',(2.25,0.43,1.025));
#7855 = CIRCLE('',#7856,0.3);
#7856 = AXIS2_PLACEMENT_3D('',#7857,#7858,#7859);
#7857 = CARTESIAN_POINT('',(2.25,0.43,0.725));
#7858 = DIRECTION('',(1.110223024625E-16,-1.,0.));
#7859 = DIRECTION('',(0.984807753012,1.093356242223E-16,0.173648177667)
  );
#7860 = ORIENTED_EDGE('',*,*,#7861,.T.);
#7861 = EDGE_CURVE('',#7853,#6029,#7862,.T.);
#7862 = LINE('',#7863,#7864);
#7863 = CARTESIAN_POINT('',(2.25,0.43,1.025));
#7864 = VECTOR('',#7865,1.);
#7865 = DIRECTION('',(-1.,-1.110223024625E-16,0.));
#7866 = PLANE('',#7867);
#7867 = AXIS2_PLACEMENT_3D('',#7868,#7869,#7870);
#7868 = CARTESIAN_POINT('',(2.42560961319,0.43,0.548953137803));
#7869 = DIRECTION('',(1.110223024625E-16,-1.,0.));
#7870 = DIRECTION('',(0.,0.,1.));
#7871 = ADVANCED_FACE('',(#7872),#7888,.F.);
#7872 = FACE_BOUND('',#7873,.F.);
#7873 = EDGE_LOOP('',(#7874,#7880,#7881,#7887));
#7874 = ORIENTED_EDGE('',*,*,#7875,.F.);
#7875 = EDGE_CURVE('',#6029,#6463,#7876,.T.);
#7876 = LINE('',#7877,#7878);
#7877 = CARTESIAN_POINT('',(2.25,0.43,1.025));
#7878 = VECTOR('',#7879,1.);
#7879 = DIRECTION('',(-1.,-1.110223024625E-16,0.));
#7880 = ORIENTED_EDGE('',*,*,#6045,.T.);
#7881 = ORIENTED_EDGE('',*,*,#7882,.T.);
#7882 = EDGE_CURVE('',#6038,#6471,#7883,.T.);
#7883 = LINE('',#7884,#7885);
#7884 = CARTESIAN_POINT('',(2.25,-0.43,1.025));
#7885 = VECTOR('',#7886,1.);
#7886 = DIRECTION('',(-1.,-1.110223024625E-16,0.));
#7887 = ORIENTED_EDGE('',*,*,#6470,.F.);
#7888 = PLANE('',#7889);
#7889 = AXIS2_PLACEMENT_3D('',#7890,#7891,#7892);
#7890 = CARTESIAN_POINT('',(-3.027078129022E-16,2.4125,1.025));
#7891 = DIRECTION('',(2.007919022429E-31,-7.713306628828E-27,-1.));
#7892 = DIRECTION('',(1.,1.112083013911E-16,2.00791902242E-31));
#7893 = ADVANCED_FACE('',(#7894),#7980,.F.);
#7894 = FACE_BOUND('',#7895,.F.);
#7895 = EDGE_LOOP('',(#7896,#7897,#7898,#7907,#7915,#7924,#7932,#7940,
    #7948,#7957,#7965,#7974));
#7896 = ORIENTED_EDGE('',*,*,#6037,.F.);
#7897 = ORIENTED_EDGE('',*,*,#6059,.T.);
#7898 = ORIENTED_EDGE('',*,*,#7899,.T.);
#7899 = EDGE_CURVE('',#6060,#7900,#7902,.T.);
#7900 = VERTEX_POINT('',#7901);
#7901 = CARTESIAN_POINT('',(2.348480775301,-0.43,0.742364817767));
#7902 = CIRCLE('',#7903,0.1);
#7903 = AXIS2_PLACEMENT_3D('',#7904,#7905,#7906);
#7904 = CARTESIAN_POINT('',(2.25,-0.43,0.725));
#7905 = DIRECTION('',(-1.110223024625E-16,1.,0.));
#7906 = DIRECTION('',(4.440892098501E-15,4.930380657631E-31,1.));
#7907 = ORIENTED_EDGE('',*,*,#7908,.T.);
#7908 = EDGE_CURVE('',#7900,#7909,#7911,.T.);
#7909 = VERTEX_POINT('',#7910);
#7910 = CARTESIAN_POINT('',(2.429496640897,-0.43,0.2479055467));
#7911 = LINE('',#7912,#7913);
#7912 = CARTESIAN_POINT('',(2.348480775301,-0.43,0.742364817767));
#7913 = VECTOR('',#7914,1.);
#7914 = DIRECTION('',(0.161691392282,1.795135065956E-17,-0.986841372087)
  );
#7915 = ORIENTED_EDGE('',*,*,#7916,.T.);
#7916 = EDGE_CURVE('',#7909,#7917,#7919,.T.);
#7917 = VERTEX_POINT('',#7918);
#7918 = CARTESIAN_POINT('',(2.724938966801,-0.43,-1.665334536938E-16));
#7919 = CIRCLE('',#7920,0.3);
#7920 = AXIS2_PLACEMENT_3D('',#7921,#7922,#7923);
#7921 = CARTESIAN_POINT('',(2.724938966801,-0.43,0.3));
#7922 = DIRECTION('',(1.110223024625E-16,-1.,0.));
#7923 = DIRECTION('',(-0.984807753012,-1.093356242223E-16,
    -0.173648177667));
#7924 = ORIENTED_EDGE('',*,*,#7925,.T.);
#7925 = EDGE_CURVE('',#7917,#7926,#7928,.T.);
#7926 = VERTEX_POINT('',#7927);
#7927 = CARTESIAN_POINT('',(3.,-0.43,-1.665334536938E-16));
#7928 = LINE('',#7929,#7930);
#7929 = CARTESIAN_POINT('',(2.724938966801,-0.43,-1.665334536938E-16));
#7930 = VECTOR('',#7931,1.);
#7931 = DIRECTION('',(1.,1.110223024625E-16,0.));
#7932 = ORIENTED_EDGE('',*,*,#7933,.T.);
#7933 = EDGE_CURVE('',#7926,#7934,#7936,.T.);
#7934 = VERTEX_POINT('',#7935);
#7935 = CARTESIAN_POINT('',(3.,-0.43,0.2));
#7936 = LINE('',#7937,#7938);
#7937 = CARTESIAN_POINT('',(3.,-0.43,-1.665334536938E-16));
#7938 = VECTOR('',#7939,1.);
#7939 = DIRECTION('',(0.,0.,1.));
#7940 = ORIENTED_EDGE('',*,*,#7941,.T.);
#7941 = EDGE_CURVE('',#7934,#7942,#7944,.T.);
#7942 = VERTEX_POINT('',#7943);
#7943 = CARTESIAN_POINT('',(2.724938966801,-0.43,0.2));
#7944 = LINE('',#7945,#7946);
#7945 = CARTESIAN_POINT('',(3.,-0.43,0.2));
#7946 = VECTOR('',#7947,1.);
#7947 = DIRECTION('',(-1.,-1.110223024625E-16,0.));
#7948 = ORIENTED_EDGE('',*,*,#7949,.T.);
#7949 = EDGE_CURVE('',#7942,#7950,#7952,.T.);
#7950 = VERTEX_POINT('',#7951);
#7951 = CARTESIAN_POINT('',(2.6264581915,-0.43,0.282635182233));
#7952 = CIRCLE('',#7953,0.1);
#7953 = AXIS2_PLACEMENT_3D('',#7954,#7955,#7956);
#7954 = CARTESIAN_POINT('',(2.724938966801,-0.43,0.3));
#7955 = DIRECTION('',(-1.110223024625E-16,1.,0.));
#7956 = DIRECTION('',(0.,0.,-1.));
#7957 = ORIENTED_EDGE('',*,*,#7958,.T.);
#7958 = EDGE_CURVE('',#7950,#7959,#7961,.T.);
#7959 = VERTEX_POINT('',#7960);
#7960 = CARTESIAN_POINT('',(2.545442325904,-0.43,0.7770944533));
#7961 = LINE('',#7962,#7963);
#7962 = CARTESIAN_POINT('',(2.6264581915,-0.43,0.282635182233));
#7963 = VECTOR('',#7964,1.);
#7964 = DIRECTION('',(-0.161691392282,-1.795135065956E-17,0.986841372087
    ));
#7965 = ORIENTED_EDGE('',*,*,#7966,.T.);
#7966 = EDGE_CURVE('',#7959,#7967,#7969,.T.);
#7967 = VERTEX_POINT('',#7968);
#7968 = CARTESIAN_POINT('',(2.25,-0.43,1.025));
#7969 = CIRCLE('',#7970,0.3);
#7970 = AXIS2_PLACEMENT_3D('',#7971,#7972,#7973);
#7971 = CARTESIAN_POINT('',(2.25,-0.43,0.725));
#7972 = DIRECTION('',(1.110223024625E-16,-1.,0.));
#7973 = DIRECTION('',(0.984807753012,1.093356242223E-16,0.173648177667)
  );
#7974 = ORIENTED_EDGE('',*,*,#7975,.T.);
#7975 = EDGE_CURVE('',#7967,#6038,#7976,.T.);
#7976 = LINE('',#7977,#7978);
#7977 = CARTESIAN_POINT('',(2.25,-0.43,1.025));
#7978 = VECTOR('',#7979,1.);
#7979 = DIRECTION('',(-1.,-1.110223024625E-16,0.));
#7980 = PLANE('',#7981);
#7981 = AXIS2_PLACEMENT_3D('',#7982,#7983,#7984);
#7982 = CARTESIAN_POINT('',(2.42560961319,-0.43,0.548953137803));
#7983 = DIRECTION('',(1.110223024625E-16,-1.,0.));
#7984 = DIRECTION('',(0.,0.,1.));
#7985 = ADVANCED_FACE('',(#7986),#8005,.F.);
#7986 = FACE_BOUND('',#7987,.F.);
#7987 = EDGE_LOOP('',(#7988,#7989,#7998,#8004));
#7988 = ORIENTED_EDGE('',*,*,#6076,.T.);
#7989 = ORIENTED_EDGE('',*,*,#7990,.T.);
#7990 = EDGE_CURVE('',#6069,#7991,#7993,.T.);
#7991 = VERTEX_POINT('',#7992);
#7992 = CARTESIAN_POINT('',(2.348480775301,-0.84,0.742364817767));
#7993 = CIRCLE('',#7994,0.1);
#7994 = AXIS2_PLACEMENT_3D('',#7995,#7996,#7997);
#7995 = CARTESIAN_POINT('',(2.25,-0.84,0.725));
#7996 = DIRECTION('',(-1.110223024625E-16,1.,0.));
#7997 = DIRECTION('',(4.440892098501E-15,4.930380657631E-31,1.));
#7998 = ORIENTED_EDGE('',*,*,#7999,.F.);
#7999 = EDGE_CURVE('',#7900,#7991,#8000,.T.);
#8000 = LINE('',#8001,#8002);
#8001 = CARTESIAN_POINT('',(2.348480775301,-0.43,0.742364817767));
#8002 = VECTOR('',#8003,1.);
#8003 = DIRECTION('',(1.110223024625E-16,-1.,0.));
#8004 = ORIENTED_EDGE('',*,*,#7899,.F.);
#8005 = CYLINDRICAL_SURFACE('',#8006,0.1);
#8006 = AXIS2_PLACEMENT_3D('',#8007,#8008,#8009);
#8007 = CARTESIAN_POINT('',(2.25,-0.43,0.725));
#8008 = DIRECTION('',(-1.110223024625E-16,1.,0.));
#8009 = DIRECTION('',(4.440892098501E-15,4.930380657631E-31,1.));
#8010 = ADVANCED_FACE('',(#8011),#8089,.T.);
#8011 = FACE_BOUND('',#8012,.T.);
#8012 = EDGE_LOOP('',(#8013,#8014,#8015,#8016,#8024,#8033,#8041,#8049,
    #8057,#8066,#8074,#8083));
#8013 = ORIENTED_EDGE('',*,*,#6090,.F.);
#8014 = ORIENTED_EDGE('',*,*,#6068,.T.);
#8015 = ORIENTED_EDGE('',*,*,#7990,.T.);
#8016 = ORIENTED_EDGE('',*,*,#8017,.T.);
#8017 = EDGE_CURVE('',#7991,#8018,#8020,.T.);
#8018 = VERTEX_POINT('',#8019);
#8019 = CARTESIAN_POINT('',(2.429496640897,-0.84,0.2479055467));
#8020 = LINE('',#8021,#8022);
#8021 = CARTESIAN_POINT('',(2.348480775301,-0.84,0.742364817767));
#8022 = VECTOR('',#8023,1.);
#8023 = DIRECTION('',(0.161691392282,1.795135065956E-17,-0.986841372087)
  );
#8024 = ORIENTED_EDGE('',*,*,#8025,.T.);
#8025 = EDGE_CURVE('',#8018,#8026,#8028,.T.);
#8026 = VERTEX_POINT('',#8027);
#8027 = CARTESIAN_POINT('',(2.724938966801,-0.84,-1.665334536938E-16));
#8028 = CIRCLE('',#8029,0.3);
#8029 = AXIS2_PLACEMENT_3D('',#8030,#8031,#8032);
#8030 = CARTESIAN_POINT('',(2.724938966801,-0.84,0.3));
#8031 = DIRECTION('',(1.110223024625E-16,-1.,0.));
#8032 = DIRECTION('',(-0.984807753012,-1.093356242223E-16,
    -0.173648177667));
#8033 = ORIENTED_EDGE('',*,*,#8034,.T.);
#8034 = EDGE_CURVE('',#8026,#8035,#8037,.T.);
#8035 = VERTEX_POINT('',#8036);
#8036 = CARTESIAN_POINT('',(3.,-0.84,-1.665334536938E-16));
#8037 = LINE('',#8038,#8039);
#8038 = CARTESIAN_POINT('',(2.724938966801,-0.84,-1.665334536938E-16));
#8039 = VECTOR('',#8040,1.);
#8040 = DIRECTION('',(1.,1.110223024625E-16,0.));
#8041 = ORIENTED_EDGE('',*,*,#8042,.T.);
#8042 = EDGE_CURVE('',#8035,#8043,#8045,.T.);
#8043 = VERTEX_POINT('',#8044);
#8044 = CARTESIAN_POINT('',(3.,-0.84,0.2));
#8045 = LINE('',#8046,#8047);
#8046 = CARTESIAN_POINT('',(3.,-0.84,-1.665334536938E-16));
#8047 = VECTOR('',#8048,1.);
#8048 = DIRECTION('',(0.,0.,1.));
#8049 = ORIENTED_EDGE('',*,*,#8050,.T.);
#8050 = EDGE_CURVE('',#8043,#8051,#8053,.T.);
#8051 = VERTEX_POINT('',#8052);
#8052 = CARTESIAN_POINT('',(2.724938966801,-0.84,0.2));
#8053 = LINE('',#8054,#8055);
#8054 = CARTESIAN_POINT('',(3.,-0.84,0.2));
#8055 = VECTOR('',#8056,1.);
#8056 = DIRECTION('',(-1.,-1.110223024625E-16,0.));
#8057 = ORIENTED_EDGE('',*,*,#8058,.T.);
#8058 = EDGE_CURVE('',#8051,#8059,#8061,.T.);
#8059 = VERTEX_POINT('',#8060);
#8060 = CARTESIAN_POINT('',(2.6264581915,-0.84,0.282635182233));
#8061 = CIRCLE('',#8062,0.1);
#8062 = AXIS2_PLACEMENT_3D('',#8063,#8064,#8065);
#8063 = CARTESIAN_POINT('',(2.724938966801,-0.84,0.3));
#8064 = DIRECTION('',(-1.110223024625E-16,1.,0.));
#8065 = DIRECTION('',(0.,0.,-1.));
#8066 = ORIENTED_EDGE('',*,*,#8067,.T.);
#8067 = EDGE_CURVE('',#8059,#8068,#8070,.T.);
#8068 = VERTEX_POINT('',#8069);
#8069 = CARTESIAN_POINT('',(2.545442325904,-0.84,0.7770944533));
#8070 = LINE('',#8071,#8072);
#8071 = CARTESIAN_POINT('',(2.6264581915,-0.84,0.282635182233));
#8072 = VECTOR('',#8073,1.);
#8073 = DIRECTION('',(-0.161691392282,-1.795135065956E-17,0.986841372087
    ));
#8074 = ORIENTED_EDGE('',*,*,#8075,.T.);
#8075 = EDGE_CURVE('',#8068,#8076,#8078,.T.);
#8076 = VERTEX_POINT('',#8077);
#8077 = CARTESIAN_POINT('',(2.25,-0.84,1.025));
#8078 = CIRCLE('',#8079,0.3);
#8079 = AXIS2_PLACEMENT_3D('',#8080,#8081,#8082);
#8080 = CARTESIAN_POINT('',(2.25,-0.84,0.725));
#8081 = DIRECTION('',(1.110223024625E-16,-1.,0.));
#8082 = DIRECTION('',(0.984807753012,1.093356242223E-16,0.173648177667)
  );
#8083 = ORIENTED_EDGE('',*,*,#8084,.T.);
#8084 = EDGE_CURVE('',#8076,#6091,#8085,.T.);
#8085 = LINE('',#8086,#8087);
#8086 = CARTESIAN_POINT('',(2.25,-0.84,1.025));
#8087 = VECTOR('',#8088,1.);
#8088 = DIRECTION('',(-1.,-1.110223024625E-16,0.));
#8089 = PLANE('',#8090);
#8090 = AXIS2_PLACEMENT_3D('',#8091,#8092,#8093);
#8091 = CARTESIAN_POINT('',(2.42560961319,-0.84,0.548953137803));
#8092 = DIRECTION('',(1.110223024625E-16,-1.,0.));
#8093 = DIRECTION('',(0.,0.,1.));
#8094 = ADVANCED_FACE('',(#8095),#8111,.F.);
#8095 = FACE_BOUND('',#8096,.F.);
#8096 = EDGE_LOOP('',(#8097,#8103,#8104,#8110));
#8097 = ORIENTED_EDGE('',*,*,#8098,.F.);
#8098 = EDGE_CURVE('',#6091,#6479,#8099,.T.);
#8099 = LINE('',#8100,#8101);
#8100 = CARTESIAN_POINT('',(2.25,-0.84,1.025));
#8101 = VECTOR('',#8102,1.);
#8102 = DIRECTION('',(-1.,-1.110223024625E-16,0.));
#8103 = ORIENTED_EDGE('',*,*,#6107,.T.);
#8104 = ORIENTED_EDGE('',*,*,#8105,.T.);
#8105 = EDGE_CURVE('',#6100,#6487,#8106,.T.);
#8106 = LINE('',#8107,#8108);
#8107 = CARTESIAN_POINT('',(2.25,-1.7,1.025));
#8108 = VECTOR('',#8109,1.);
#8109 = DIRECTION('',(-1.,-1.110223024625E-16,0.));
#8110 = ORIENTED_EDGE('',*,*,#6486,.F.);
#8111 = PLANE('',#8112);
#8112 = AXIS2_PLACEMENT_3D('',#8113,#8114,#8115);
#8113 = CARTESIAN_POINT('',(-3.027078129022E-16,2.4125,1.025));
#8114 = DIRECTION('',(2.007919022429E-31,-7.713306628828E-27,-1.));
#8115 = DIRECTION('',(1.,1.112083013911E-16,2.00791902242E-31));
#8116 = ADVANCED_FACE('',(#8117),#8203,.F.);
#8117 = FACE_BOUND('',#8118,.F.);
#8118 = EDGE_LOOP('',(#8119,#8120,#8121,#8130,#8138,#8147,#8155,#8163,
    #8171,#8180,#8188,#8197));
#8119 = ORIENTED_EDGE('',*,*,#6099,.F.);
#8120 = ORIENTED_EDGE('',*,*,#6121,.T.);
#8121 = ORIENTED_EDGE('',*,*,#8122,.T.);
#8122 = EDGE_CURVE('',#6122,#8123,#8125,.T.);
#8123 = VERTEX_POINT('',#8124);
#8124 = CARTESIAN_POINT('',(2.348480775301,-1.7,0.742364817767));
#8125 = CIRCLE('',#8126,0.1);
#8126 = AXIS2_PLACEMENT_3D('',#8127,#8128,#8129);
#8127 = CARTESIAN_POINT('',(2.25,-1.7,0.725));
#8128 = DIRECTION('',(-1.110223024625E-16,1.,0.));
#8129 = DIRECTION('',(4.440892098501E-15,4.930380657631E-31,1.));
#8130 = ORIENTED_EDGE('',*,*,#8131,.T.);
#8131 = EDGE_CURVE('',#8123,#8132,#8134,.T.);
#8132 = VERTEX_POINT('',#8133);
#8133 = CARTESIAN_POINT('',(2.429496640897,-1.7,0.2479055467));
#8134 = LINE('',#8135,#8136);
#8135 = CARTESIAN_POINT('',(2.348480775301,-1.7,0.742364817767));
#8136 = VECTOR('',#8137,1.);
#8137 = DIRECTION('',(0.161691392282,1.795135065956E-17,-0.986841372087)
  );
#8138 = ORIENTED_EDGE('',*,*,#8139,.T.);
#8139 = EDGE_CURVE('',#8132,#8140,#8142,.T.);
#8140 = VERTEX_POINT('',#8141);
#8141 = CARTESIAN_POINT('',(2.724938966801,-1.7,-1.665334536938E-16));
#8142 = CIRCLE('',#8143,0.3);
#8143 = AXIS2_PLACEMENT_3D('',#8144,#8145,#8146);
#8144 = CARTESIAN_POINT('',(2.724938966801,-1.7,0.3));
#8145 = DIRECTION('',(1.110223024625E-16,-1.,0.));
#8146 = DIRECTION('',(-0.984807753012,-1.093356242223E-16,
    -0.173648177667));
#8147 = ORIENTED_EDGE('',*,*,#8148,.T.);
#8148 = EDGE_CURVE('',#8140,#8149,#8151,.T.);
#8149 = VERTEX_POINT('',#8150);
#8150 = CARTESIAN_POINT('',(3.,-1.7,-1.665334536938E-16));
#8151 = LINE('',#8152,#8153);
#8152 = CARTESIAN_POINT('',(2.724938966801,-1.7,-1.665334536938E-16));
#8153 = VECTOR('',#8154,1.);
#8154 = DIRECTION('',(1.,1.110223024625E-16,0.));
#8155 = ORIENTED_EDGE('',*,*,#8156,.T.);
#8156 = EDGE_CURVE('',#8149,#8157,#8159,.T.);
#8157 = VERTEX_POINT('',#8158);
#8158 = CARTESIAN_POINT('',(3.,-1.7,0.2));
#8159 = LINE('',#8160,#8161);
#8160 = CARTESIAN_POINT('',(3.,-1.7,-1.665334536938E-16));
#8161 = VECTOR('',#8162,1.);
#8162 = DIRECTION('',(0.,0.,1.));
#8163 = ORIENTED_EDGE('',*,*,#8164,.T.);
#8164 = EDGE_CURVE('',#8157,#8165,#8167,.T.);
#8165 = VERTEX_POINT('',#8166);
#8166 = CARTESIAN_POINT('',(2.724938966801,-1.7,0.2));
#8167 = LINE('',#8168,#8169);
#8168 = CARTESIAN_POINT('',(3.,-1.7,0.2));
#8169 = VECTOR('',#8170,1.);
#8170 = DIRECTION('',(-1.,-1.110223024625E-16,0.));
#8171 = ORIENTED_EDGE('',*,*,#8172,.T.);
#8172 = EDGE_CURVE('',#8165,#8173,#8175,.T.);
#8173 = VERTEX_POINT('',#8174);
#8174 = CARTESIAN_POINT('',(2.6264581915,-1.7,0.282635182233));
#8175 = CIRCLE('',#8176,0.1);
#8176 = AXIS2_PLACEMENT_3D('',#8177,#8178,#8179);
#8177 = CARTESIAN_POINT('',(2.724938966801,-1.7,0.3));
#8178 = DIRECTION('',(-1.110223024625E-16,1.,0.));
#8179 = DIRECTION('',(0.,0.,-1.));
#8180 = ORIENTED_EDGE('',*,*,#8181,.T.);
#8181 = EDGE_CURVE('',#8173,#8182,#8184,.T.);
#8182 = VERTEX_POINT('',#8183);
#8183 = CARTESIAN_POINT('',(2.545442325904,-1.7,0.7770944533));
#8184 = LINE('',#8185,#8186);
#8185 = CARTESIAN_POINT('',(2.6264581915,-1.7,0.282635182233));
#8186 = VECTOR('',#8187,1.);
#8187 = DIRECTION('',(-0.161691392282,-1.795135065956E-17,0.986841372087
    ));
#8188 = ORIENTED_EDGE('',*,*,#8189,.T.);
#8189 = EDGE_CURVE('',#8182,#8190,#8192,.T.);
#8190 = VERTEX_POINT('',#8191);
#8191 = CARTESIAN_POINT('',(2.25,-1.7,1.025));
#8192 = CIRCLE('',#8193,0.3);
#8193 = AXIS2_PLACEMENT_3D('',#8194,#8195,#8196);
#8194 = CARTESIAN_POINT('',(2.25,-1.7,0.725));
#8195 = DIRECTION('',(1.110223024625E-16,-1.,0.));
#8196 = DIRECTION('',(0.984807753012,1.093356242223E-16,0.173648177667)
  );
#8197 = ORIENTED_EDGE('',*,*,#8198,.T.);
#8198 = EDGE_CURVE('',#8190,#6100,#8199,.T.);
#8199 = LINE('',#8200,#8201);
#8200 = CARTESIAN_POINT('',(2.25,-1.7,1.025));
#8201 = VECTOR('',#8202,1.);
#8202 = DIRECTION('',(-1.,-1.110223024625E-16,0.));
#8203 = PLANE('',#8204);
#8204 = AXIS2_PLACEMENT_3D('',#8205,#8206,#8207);
#8205 = CARTESIAN_POINT('',(2.42560961319,-1.7,0.548953137803));
#8206 = DIRECTION('',(1.110223024625E-16,-1.,0.));
#8207 = DIRECTION('',(0.,0.,1.));
#8208 = ADVANCED_FACE('',(#8209),#8228,.F.);
#8209 = FACE_BOUND('',#8210,.F.);
#8210 = EDGE_LOOP('',(#8211,#8212,#8221,#8227));
#8211 = ORIENTED_EDGE('',*,*,#6138,.T.);
#8212 = ORIENTED_EDGE('',*,*,#8213,.T.);
#8213 = EDGE_CURVE('',#6131,#8214,#8216,.T.);
#8214 = VERTEX_POINT('',#8215);
#8215 = CARTESIAN_POINT('',(2.348480775301,-2.11,0.742364817767));
#8216 = CIRCLE('',#8217,0.1);
#8217 = AXIS2_PLACEMENT_3D('',#8218,#8219,#8220);
#8218 = CARTESIAN_POINT('',(2.25,-2.11,0.725));
#8219 = DIRECTION('',(-1.110223024625E-16,1.,0.));
#8220 = DIRECTION('',(4.440892098501E-15,4.930380657631E-31,1.));
#8221 = ORIENTED_EDGE('',*,*,#8222,.F.);
#8222 = EDGE_CURVE('',#8123,#8214,#8223,.T.);
#8223 = LINE('',#8224,#8225);
#8224 = CARTESIAN_POINT('',(2.348480775301,-1.7,0.742364817767));
#8225 = VECTOR('',#8226,1.);
#8226 = DIRECTION('',(1.110223024625E-16,-1.,0.));
#8227 = ORIENTED_EDGE('',*,*,#8122,.F.);
#8228 = CYLINDRICAL_SURFACE('',#8229,0.1);
#8229 = AXIS2_PLACEMENT_3D('',#8230,#8231,#8232);
#8230 = CARTESIAN_POINT('',(2.25,-1.7,0.725));
#8231 = DIRECTION('',(-1.110223024625E-16,1.,0.));
#8232 = DIRECTION('',(4.440892098501E-15,4.930380657631E-31,1.));
#8233 = ADVANCED_FACE('',(#8234),#8312,.T.);
#8234 = FACE_BOUND('',#8235,.T.);
#8235 = EDGE_LOOP('',(#8236,#8237,#8238,#8239,#8247,#8256,#8264,#8272,
    #8280,#8289,#8297,#8306));
#8236 = ORIENTED_EDGE('',*,*,#6152,.F.);
#8237 = ORIENTED_EDGE('',*,*,#6130,.T.);
#8238 = ORIENTED_EDGE('',*,*,#8213,.T.);
#8239 = ORIENTED_EDGE('',*,*,#8240,.T.);
#8240 = EDGE_CURVE('',#8214,#8241,#8243,.T.);
#8241 = VERTEX_POINT('',#8242);
#8242 = CARTESIAN_POINT('',(2.429496640897,-2.11,0.2479055467));
#8243 = LINE('',#8244,#8245);
#8244 = CARTESIAN_POINT('',(2.348480775301,-2.11,0.742364817767));
#8245 = VECTOR('',#8246,1.);
#8246 = DIRECTION('',(0.161691392282,1.795135065956E-17,-0.986841372087)
  );
#8247 = ORIENTED_EDGE('',*,*,#8248,.T.);
#8248 = EDGE_CURVE('',#8241,#8249,#8251,.T.);
#8249 = VERTEX_POINT('',#8250);
#8250 = CARTESIAN_POINT('',(2.724938966801,-2.11,-1.665334536938E-16));
#8251 = CIRCLE('',#8252,0.3);
#8252 = AXIS2_PLACEMENT_3D('',#8253,#8254,#8255);
#8253 = CARTESIAN_POINT('',(2.724938966801,-2.11,0.3));
#8254 = DIRECTION('',(1.110223024625E-16,-1.,0.));
#8255 = DIRECTION('',(-0.984807753012,-1.093356242223E-16,
    -0.173648177667));
#8256 = ORIENTED_EDGE('',*,*,#8257,.T.);
#8257 = EDGE_CURVE('',#8249,#8258,#8260,.T.);
#8258 = VERTEX_POINT('',#8259);
#8259 = CARTESIAN_POINT('',(3.,-2.11,-1.665334536938E-16));
#8260 = LINE('',#8261,#8262);
#8261 = CARTESIAN_POINT('',(2.724938966801,-2.11,-1.665334536938E-16));
#8262 = VECTOR('',#8263,1.);
#8263 = DIRECTION('',(1.,1.110223024625E-16,0.));
#8264 = ORIENTED_EDGE('',*,*,#8265,.T.);
#8265 = EDGE_CURVE('',#8258,#8266,#8268,.T.);
#8266 = VERTEX_POINT('',#8267);
#8267 = CARTESIAN_POINT('',(3.,-2.11,0.2));
#8268 = LINE('',#8269,#8270);
#8269 = CARTESIAN_POINT('',(3.,-2.11,-1.665334536938E-16));
#8270 = VECTOR('',#8271,1.);
#8271 = DIRECTION('',(0.,0.,1.));
#8272 = ORIENTED_EDGE('',*,*,#8273,.T.);
#8273 = EDGE_CURVE('',#8266,#8274,#8276,.T.);
#8274 = VERTEX_POINT('',#8275);
#8275 = CARTESIAN_POINT('',(2.724938966801,-2.11,0.2));
#8276 = LINE('',#8277,#8278);
#8277 = CARTESIAN_POINT('',(3.,-2.11,0.2));
#8278 = VECTOR('',#8279,1.);
#8279 = DIRECTION('',(-1.,-1.110223024625E-16,0.));
#8280 = ORIENTED_EDGE('',*,*,#8281,.T.);
#8281 = EDGE_CURVE('',#8274,#8282,#8284,.T.);
#8282 = VERTEX_POINT('',#8283);
#8283 = CARTESIAN_POINT('',(2.6264581915,-2.11,0.282635182233));
#8284 = CIRCLE('',#8285,0.1);
#8285 = AXIS2_PLACEMENT_3D('',#8286,#8287,#8288);
#8286 = CARTESIAN_POINT('',(2.724938966801,-2.11,0.3));
#8287 = DIRECTION('',(-1.110223024625E-16,1.,0.));
#8288 = DIRECTION('',(0.,0.,-1.));
#8289 = ORIENTED_EDGE('',*,*,#8290,.T.);
#8290 = EDGE_CURVE('',#8282,#8291,#8293,.T.);
#8291 = VERTEX_POINT('',#8292);
#8292 = CARTESIAN_POINT('',(2.545442325904,-2.11,0.7770944533));
#8293 = LINE('',#8294,#8295);
#8294 = CARTESIAN_POINT('',(2.6264581915,-2.11,0.282635182233));
#8295 = VECTOR('',#8296,1.);
#8296 = DIRECTION('',(-0.161691392282,-1.795135065956E-17,0.986841372087
    ));
#8297 = ORIENTED_EDGE('',*,*,#8298,.T.);
#8298 = EDGE_CURVE('',#8291,#8299,#8301,.T.);
#8299 = VERTEX_POINT('',#8300);
#8300 = CARTESIAN_POINT('',(2.25,-2.11,1.025));
#8301 = CIRCLE('',#8302,0.3);
#8302 = AXIS2_PLACEMENT_3D('',#8303,#8304,#8305);
#8303 = CARTESIAN_POINT('',(2.25,-2.11,0.725));
#8304 = DIRECTION('',(1.110223024625E-16,-1.,0.));
#8305 = DIRECTION('',(0.984807753012,1.093356242223E-16,0.173648177667)
  );
#8306 = ORIENTED_EDGE('',*,*,#8307,.T.);
#8307 = EDGE_CURVE('',#8299,#6153,#8308,.T.);
#8308 = LINE('',#8309,#8310);
#8309 = CARTESIAN_POINT('',(2.25,-2.11,1.025));
#8310 = VECTOR('',#8311,1.);
#8311 = DIRECTION('',(-1.,-1.110223024625E-16,0.));
#8312 = PLANE('',#8313);
#8313 = AXIS2_PLACEMENT_3D('',#8314,#8315,#8316);
#8314 = CARTESIAN_POINT('',(2.42560961319,-2.11,0.548953137803));
#8315 = DIRECTION('',(1.110223024625E-16,-1.,0.));
#8316 = DIRECTION('',(0.,0.,1.));
#8317 = ADVANCED_FACE('',(#8318),#8329,.T.);
#8318 = FACE_BOUND('',#8319,.T.);
#8319 = EDGE_LOOP('',(#8320,#8321,#8322,#8323));
#8320 = ORIENTED_EDGE('',*,*,#7352,.T.);
#8321 = ORIENTED_EDGE('',*,*,#6253,.T.);
#8322 = ORIENTED_EDGE('',*,*,#7454,.F.);
#8323 = ORIENTED_EDGE('',*,*,#8324,.F.);
#8324 = EDGE_CURVE('',#7345,#7447,#8325,.T.);
#8325 = LINE('',#8326,#8327);
#8326 = CARTESIAN_POINT('',(-2.545442325904,1.7,0.7770944533));
#8327 = VECTOR('',#8328,1.);
#8328 = DIRECTION('',(1.144237745222E-17,1.,0.));
#8329 = CYLINDRICAL_SURFACE('',#8330,0.3);
#8330 = AXIS2_PLACEMENT_3D('',#8331,#8332,#8333);
#8331 = CARTESIAN_POINT('',(-2.25,1.7,0.725));
#8332 = DIRECTION('',(-1.144237745222E-17,-1.,0.));
#8333 = DIRECTION('',(-0.984807753012,1.126854202784E-17,0.173648177667)
  );
#8334 = ADVANCED_FACE('',(#8335),#8348,.F.);
#8335 = FACE_BOUND('',#8336,.F.);
#8336 = EDGE_LOOP('',(#8337,#8338,#8344,#8345,#8346,#8347));
#8337 = ORIENTED_EDGE('',*,*,#6697,.F.);
#8338 = ORIENTED_EDGE('',*,*,#8339,.T.);
#8339 = EDGE_CURVE('',#6689,#6798,#8340,.T.);
#8340 = LINE('',#8341,#8342);
#8341 = CARTESIAN_POINT('',(-2.25,-2.11,1.025));
#8342 = VECTOR('',#8343,1.);
#8343 = DIRECTION('',(1.144237745222E-17,1.,0.));
#8344 = ORIENTED_EDGE('',*,*,#6806,.T.);
#8345 = ORIENTED_EDGE('',*,*,#6828,.T.);
#8346 = ORIENTED_EDGE('',*,*,#6300,.F.);
#8347 = ORIENTED_EDGE('',*,*,#6571,.F.);
#8348 = PLANE('',#8349);
#8349 = AXIS2_PLACEMENT_3D('',#8350,#8351,#8352);
#8350 = CARTESIAN_POINT('',(-2.25,-2.11,1.025));
#8351 = DIRECTION('',(0.,0.,-1.));
#8352 = DIRECTION('',(1.,-1.144237745222E-17,0.));
#8353 = ADVANCED_FACE('',(#8354),#8367,.F.);
#8354 = FACE_BOUND('',#8355,.F.);
#8355 = EDGE_LOOP('',(#8356,#8357,#8363,#8364,#8365,#8366));
#8356 = ORIENTED_EDGE('',*,*,#6920,.F.);
#8357 = ORIENTED_EDGE('',*,*,#8358,.T.);
#8358 = EDGE_CURVE('',#6912,#7021,#8359,.T.);
#8359 = LINE('',#8360,#8361);
#8360 = CARTESIAN_POINT('',(-2.25,-0.84,1.025));
#8361 = VECTOR('',#8362,1.);
#8362 = DIRECTION('',(1.144237745222E-17,1.,0.));
#8363 = ORIENTED_EDGE('',*,*,#7029,.T.);
#8364 = ORIENTED_EDGE('',*,*,#7051,.T.);
#8365 = ORIENTED_EDGE('',*,*,#6316,.F.);
#8366 = ORIENTED_EDGE('',*,*,#6821,.F.);
#8367 = PLANE('',#8368);
#8368 = AXIS2_PLACEMENT_3D('',#8369,#8370,#8371);
#8369 = CARTESIAN_POINT('',(-2.25,-0.84,1.025));
#8370 = DIRECTION('',(0.,0.,-1.));
#8371 = DIRECTION('',(1.,-1.144237745222E-17,0.));
#8372 = ADVANCED_FACE('',(#8373),#8386,.F.);
#8373 = FACE_BOUND('',#8374,.F.);
#8374 = EDGE_LOOP('',(#8375,#8376,#8382,#8383,#8384,#8385));
#8375 = ORIENTED_EDGE('',*,*,#7143,.F.);
#8376 = ORIENTED_EDGE('',*,*,#8377,.T.);
#8377 = EDGE_CURVE('',#7135,#7244,#8378,.T.);
#8378 = LINE('',#8379,#8380);
#8379 = CARTESIAN_POINT('',(-2.25,0.43,1.025));
#8380 = VECTOR('',#8381,1.);
#8381 = DIRECTION('',(1.144237745222E-17,1.,0.));
#8382 = ORIENTED_EDGE('',*,*,#7252,.T.);
#8383 = ORIENTED_EDGE('',*,*,#7269,.T.);
#8384 = ORIENTED_EDGE('',*,*,#6332,.F.);
#8385 = ORIENTED_EDGE('',*,*,#7044,.F.);
#8386 = PLANE('',#8387);
#8387 = AXIS2_PLACEMENT_3D('',#8388,#8389,#8390);
#8388 = CARTESIAN_POINT('',(-2.25,0.43,1.025));
#8389 = DIRECTION('',(0.,0.,-1.));
#8390 = DIRECTION('',(1.,-1.144237745222E-17,0.));
#8391 = ADVANCED_FACE('',(#8392,#8421),#8432,.F.);
#8392 = FACE_BOUND('',#8393,.F.);
#8393 = EDGE_LOOP('',(#8394,#8395,#8396,#8397,#8405,#8413,#8419,#8420));
#8394 = ORIENTED_EDGE('',*,*,#6407,.T.);
#8395 = ORIENTED_EDGE('',*,*,#6430,.T.);
#8396 = ORIENTED_EDGE('',*,*,#6517,.T.);
#8397 = ORIENTED_EDGE('',*,*,#8398,.T.);
#8398 = EDGE_CURVE('',#6511,#8399,#8401,.T.);
#8399 = VERTEX_POINT('',#8400);
#8400 = CARTESIAN_POINT('',(1.680085640382,-2.260171280765,1.75));
#8401 = LINE('',#8402,#8403);
#8402 = CARTESIAN_POINT('',(1.760171280765,-2.180085640382,1.75));
#8403 = VECTOR('',#8404,1.);
#8404 = DIRECTION('',(-0.707106781187,-0.707106781187,0.));
#8405 = ORIENTED_EDGE('',*,*,#8406,.T.);
#8406 = EDGE_CURVE('',#8399,#8407,#8409,.T.);
#8407 = VERTEX_POINT('',#8408);
#8408 = CARTESIAN_POINT('',(-1.680085640382,-2.260171280765,1.75));
#8409 = LINE('',#8410,#8411);
#8410 = CARTESIAN_POINT('',(1.680085640382,-2.260171280765,1.75));
#8411 = VECTOR('',#8412,1.);
#8412 = DIRECTION('',(-1.,-1.110223024625E-16,0.));
#8413 = ORIENTED_EDGE('',*,*,#8414,.T.);
#8414 = EDGE_CURVE('',#8407,#6356,#8415,.T.);
#8415 = LINE('',#8416,#8417);
#8416 = CARTESIAN_POINT('',(-1.680085640382,-2.260171280765,1.75));
#8417 = VECTOR('',#8418,1.);
#8418 = DIRECTION('',(-0.707106781187,0.707106781187,0.));
#8419 = ORIENTED_EDGE('',*,*,#6355,.T.);
#8420 = ORIENTED_EDGE('',*,*,#6384,.T.);
#8421 = FACE_BOUND('',#8422,.F.);
#8422 = EDGE_LOOP('',(#8423));
#8423 = ORIENTED_EDGE('',*,*,#8424,.F.);
#8424 = EDGE_CURVE('',#8425,#8425,#8427,.T.);
#8425 = VERTEX_POINT('',#8426);
#8426 = CARTESIAN_POINT('',(-1.110171280765,1.310171280765,1.75));
#8427 = CIRCLE('',#8428,0.3);
#8428 = AXIS2_PLACEMENT_3D('',#8429,#8430,#8431);
#8429 = CARTESIAN_POINT('',(-1.110171280765,1.610171280765,1.75));
#8430 = DIRECTION('',(0.,-0.,-1.));
#8431 = DIRECTION('',(1.110223024625E-16,-1.,0.));
#8432 = PLANE('',#8433);
#8433 = AXIS2_PLACEMENT_3D('',#8434,#8435,#8436);
#8434 = CARTESIAN_POINT('',(-1.680085640382,2.260171280765,1.75));
#8435 = DIRECTION('',(0.,0.,-1.));
#8436 = DIRECTION('',(0.596575959062,-0.802556617983,0.));
#8437 = ADVANCED_FACE('',(#8438),#8448,.F.);
#8438 = FACE_BOUND('',#8439,.F.);
#8439 = EDGE_LOOP('',(#8440,#8441,#8442,#8443));
#8440 = ORIENTED_EDGE('',*,*,#6578,.T.);
#8441 = ORIENTED_EDGE('',*,*,#6363,.T.);
#8442 = ORIENTED_EDGE('',*,*,#8414,.F.);
#8443 = ORIENTED_EDGE('',*,*,#8444,.F.);
#8444 = EDGE_CURVE('',#6579,#8407,#8445,.T.);
#8445 = B_SPLINE_CURVE_WITH_KNOTS('',1,(#8446,#8447),.UNSPECIFIED.,.F.,
  .F.,(2,2),(0.,1.),.PIECEWISE_BEZIER_KNOTS.);
#8446 = CARTESIAN_POINT('',(-1.7375,-2.375,1.025));
#8447 = CARTESIAN_POINT('',(-1.680085640382,-2.260171280765,1.75));
#8448 = B_SPLINE_SURFACE_WITH_KNOTS('',1,1,(
    (#8449,#8450)
    ,(#8451,#8452
    )),.UNSPECIFIED.,.F.,.F.,.F.,(2,2),(2,2),(0.,0.194454364826),(0.,1.)
  ,.PIECEWISE_BEZIER_KNOTS.);
#8449 = CARTESIAN_POINT('',(-1.7375,-2.375,1.025));
#8450 = CARTESIAN_POINT('',(-1.680085640382,-2.260171280765,1.75));
#8451 = CARTESIAN_POINT('',(-1.875,-2.2375,1.025));
#8452 = CARTESIAN_POINT('',(-1.760171280765,-2.180085640382,1.75));
#8453 = ADVANCED_FACE('',(#8454),#8467,.F.);
#8454 = FACE_BOUND('',#8455,.F.);
#8455 = EDGE_LOOP('',(#8456,#8457,#8463,#8464,#8465,#8466));
#8456 = ORIENTED_EDGE('',*,*,#7752,.F.);
#8457 = ORIENTED_EDGE('',*,*,#8458,.T.);
#8458 = EDGE_CURVE('',#7744,#7853,#8459,.T.);
#8459 = LINE('',#8460,#8461);
#8460 = CARTESIAN_POINT('',(2.25,0.84,1.025));
#8461 = VECTOR('',#8462,1.);
#8462 = DIRECTION('',(1.110223024625E-16,-1.,0.));
#8463 = ORIENTED_EDGE('',*,*,#7861,.T.);
#8464 = ORIENTED_EDGE('',*,*,#7875,.T.);
#8465 = ORIENTED_EDGE('',*,*,#6462,.F.);
#8466 = ORIENTED_EDGE('',*,*,#7659,.F.);
#8467 = PLANE('',#8468);
#8468 = AXIS2_PLACEMENT_3D('',#8469,#8470,#8471);
#8469 = CARTESIAN_POINT('',(2.25,0.84,1.025));
#8470 = DIRECTION('',(0.,0.,-1.));
#8471 = DIRECTION('',(-1.,-1.110223024625E-16,-0.));
#8472 = ADVANCED_FACE('',(#8473),#8486,.F.);
#8473 = FACE_BOUND('',#8474,.F.);
#8474 = EDGE_LOOP('',(#8475,#8476,#8482,#8483,#8484,#8485));
#8475 = ORIENTED_EDGE('',*,*,#7975,.F.);
#8476 = ORIENTED_EDGE('',*,*,#8477,.T.);
#8477 = EDGE_CURVE('',#7967,#8076,#8478,.T.);
#8478 = LINE('',#8479,#8480);
#8479 = CARTESIAN_POINT('',(2.25,-0.43,1.025));
#8480 = VECTOR('',#8481,1.);
#8481 = DIRECTION('',(1.110223024625E-16,-1.,0.));
#8482 = ORIENTED_EDGE('',*,*,#8084,.T.);
#8483 = ORIENTED_EDGE('',*,*,#8098,.T.);
#8484 = ORIENTED_EDGE('',*,*,#6478,.F.);
#8485 = ORIENTED_EDGE('',*,*,#7882,.F.);
#8486 = PLANE('',#8487);
#8487 = AXIS2_PLACEMENT_3D('',#8488,#8489,#8490);
#8488 = CARTESIAN_POINT('',(2.25,-0.43,1.025));
#8489 = DIRECTION('',(0.,0.,-1.));
#8490 = DIRECTION('',(-1.,-1.110223024625E-16,-0.));
#8491 = ADVANCED_FACE('',(#8492),#8505,.F.);
#8492 = FACE_BOUND('',#8493,.F.);
#8493 = EDGE_LOOP('',(#8494,#8495,#8501,#8502,#8503,#8504));
#8494 = ORIENTED_EDGE('',*,*,#8198,.F.);
#8495 = ORIENTED_EDGE('',*,*,#8496,.T.);
#8496 = EDGE_CURVE('',#8190,#8299,#8497,.T.);
#8497 = LINE('',#8498,#8499);
#8498 = CARTESIAN_POINT('',(2.25,-1.7,1.025));
#8499 = VECTOR('',#8500,1.);
#8500 = DIRECTION('',(1.110223024625E-16,-1.,0.));
#8501 = ORIENTED_EDGE('',*,*,#8307,.T.);
#8502 = ORIENTED_EDGE('',*,*,#6601,.T.);
#8503 = ORIENTED_EDGE('',*,*,#6494,.F.);
#8504 = ORIENTED_EDGE('',*,*,#8105,.F.);
#8505 = PLANE('',#8506);
#8506 = AXIS2_PLACEMENT_3D('',#8507,#8508,#8509);
#8507 = CARTESIAN_POINT('',(2.25,-1.7,1.025));
#8508 = DIRECTION('',(0.,0.,-1.));
#8509 = DIRECTION('',(-1.,-1.110223024625E-16,-0.));
#8510 = ADVANCED_FACE('',(#8511),#8521,.F.);
#8511 = FACE_BOUND('',#8512,.F.);
#8512 = EDGE_LOOP('',(#8513,#8514,#8519,#8520));
#8513 = ORIENTED_EDGE('',*,*,#6594,.T.);
#8514 = ORIENTED_EDGE('',*,*,#8515,.T.);
#8515 = EDGE_CURVE('',#6587,#8399,#8516,.T.);
#8516 = B_SPLINE_CURVE_WITH_KNOTS('',1,(#8517,#8518),.UNSPECIFIED.,.F.,
  .F.,(2,2),(0.,1.),.PIECEWISE_BEZIER_KNOTS.);
#8517 = CARTESIAN_POINT('',(1.7375,-2.375,1.025));
#8518 = CARTESIAN_POINT('',(1.680085640382,-2.260171280765,1.75));
#8519 = ORIENTED_EDGE('',*,*,#8398,.F.);
#8520 = ORIENTED_EDGE('',*,*,#6510,.F.);
#8521 = B_SPLINE_SURFACE_WITH_KNOTS('',1,1,(
    (#8522,#8523)
    ,(#8524,#8525
    )),.UNSPECIFIED.,.F.,.F.,.F.,(2,2),(2,2),(0.,0.194454364826),(0.,1.)
  ,.PIECEWISE_BEZIER_KNOTS.);
#8522 = CARTESIAN_POINT('',(1.875,-2.2375,1.025));
#8523 = CARTESIAN_POINT('',(1.760171280765,-2.180085640382,1.75));
#8524 = CARTESIAN_POINT('',(1.7375,-2.375,1.025));
#8525 = CARTESIAN_POINT('',(1.680085640382,-2.260171280765,1.75));
#8526 = ADVANCED_FACE('',(#8527),#8538,.T.);
#8527 = FACE_BOUND('',#8528,.T.);
#8528 = EDGE_LOOP('',(#8529,#8530,#8531,#8532));
#8529 = ORIENTED_EDGE('',*,*,#7539,.T.);
#8530 = ORIENTED_EDGE('',*,*,#6540,.T.);
#8531 = ORIENTED_EDGE('',*,*,#7641,.F.);
#8532 = ORIENTED_EDGE('',*,*,#8533,.F.);
#8533 = EDGE_CURVE('',#7532,#7634,#8534,.T.);
#8534 = LINE('',#8535,#8536);
#8535 = CARTESIAN_POINT('',(2.545442325904,2.11,0.7770944533));
#8536 = VECTOR('',#8537,1.);
#8537 = DIRECTION('',(1.110223024625E-16,-1.,0.));
#8538 = CYLINDRICAL_SURFACE('',#8539,0.3);
#8539 = AXIS2_PLACEMENT_3D('',#8540,#8541,#8542);
#8540 = CARTESIAN_POINT('',(2.25,2.11,0.725));
#8541 = DIRECTION('',(-1.110223024625E-16,1.,0.));
#8542 = DIRECTION('',(0.984807753012,1.093356242223E-16,0.173648177667)
  );
#8543 = ADVANCED_FACE('',(#8544),#8550,.F.);
#8544 = FACE_BOUND('',#8545,.F.);
#8545 = EDGE_LOOP('',(#8546,#8547,#8548,#8549));
#8546 = ORIENTED_EDGE('',*,*,#6586,.T.);
#8547 = ORIENTED_EDGE('',*,*,#8444,.T.);
#8548 = ORIENTED_EDGE('',*,*,#8406,.F.);
#8549 = ORIENTED_EDGE('',*,*,#8515,.F.);
#8550 = B_SPLINE_SURFACE_WITH_KNOTS('',1,1,(
    (#8551,#8552)
    ,(#8553,#8554
    )),.UNSPECIFIED.,.F.,.F.,.F.,(2,2),(2,2),(0.,3.475),(0.,1.),
  .PIECEWISE_BEZIER_KNOTS.);
#8551 = CARTESIAN_POINT('',(1.7375,-2.375,1.025));
#8552 = CARTESIAN_POINT('',(1.680085640382,-2.260171280765,1.75));
#8553 = CARTESIAN_POINT('',(-1.7375,-2.375,1.025));
#8554 = CARTESIAN_POINT('',(-1.680085640382,-2.260171280765,1.75));
#8555 = ADVANCED_FACE('',(#8556),#8567,.T.);
#8556 = FACE_BOUND('',#8557,.T.);
#8557 = EDGE_LOOP('',(#8558,#8559,#8560,#8561));
#8558 = ORIENTED_EDGE('',*,*,#6688,.T.);
#8559 = ORIENTED_EDGE('',*,*,#8339,.T.);
#8560 = ORIENTED_EDGE('',*,*,#6797,.F.);
#8561 = ORIENTED_EDGE('',*,*,#8562,.F.);
#8562 = EDGE_CURVE('',#6681,#6790,#8563,.T.);
#8563 = LINE('',#8564,#8565);
#8564 = CARTESIAN_POINT('',(-2.545442325904,-2.11,0.7770944533));
#8565 = VECTOR('',#8566,1.);
#8566 = DIRECTION('',(1.144237745222E-17,1.,0.));
#8567 = CYLINDRICAL_SURFACE('',#8568,0.3);
#8568 = AXIS2_PLACEMENT_3D('',#8569,#8570,#8571);
#8569 = CARTESIAN_POINT('',(-2.25,-2.11,0.725));
#8570 = DIRECTION('',(-1.144237745222E-17,-1.,0.));
#8571 = DIRECTION('',(-0.984807753012,1.126854202784E-17,0.173648177667)
  );
#8572 = ADVANCED_FACE('',(#8573),#8584,.F.);
#8573 = FACE_BOUND('',#8574,.F.);
#8574 = EDGE_LOOP('',(#8575,#8581,#8582,#8583));
#8575 = ORIENTED_EDGE('',*,*,#8576,.T.);
#8576 = EDGE_CURVE('',#6672,#6781,#8577,.T.);
#8577 = LINE('',#8578,#8579);
#8578 = CARTESIAN_POINT('',(-2.6264581915,-2.11,0.282635182233));
#8579 = VECTOR('',#8580,1.);
#8580 = DIRECTION('',(1.144237745222E-17,1.,0.));
#8581 = ORIENTED_EDGE('',*,*,#6789,.T.);
#8582 = ORIENTED_EDGE('',*,*,#8562,.F.);
#8583 = ORIENTED_EDGE('',*,*,#6680,.F.);
#8584 = PLANE('',#8585);
#8585 = AXIS2_PLACEMENT_3D('',#8586,#8587,#8588);
#8586 = CARTESIAN_POINT('',(-2.6264581915,-2.11,0.282635182233));
#8587 = DIRECTION('',(0.986841372087,-1.129181146488E-17,-0.161691392282
    ));
#8588 = DIRECTION('',(0.161691392282,-1.85013394127E-18,0.986841372087)
  );
#8589 = ADVANCED_FACE('',(#8590),#8601,.F.);
#8590 = FACE_BOUND('',#8591,.F.);
#8591 = EDGE_LOOP('',(#8592,#8598,#8599,#8600));
#8592 = ORIENTED_EDGE('',*,*,#8593,.T.);
#8593 = EDGE_CURVE('',#6664,#6773,#8594,.T.);
#8594 = LINE('',#8595,#8596);
#8595 = CARTESIAN_POINT('',(-2.724938966801,-2.11,0.2));
#8596 = VECTOR('',#8597,1.);
#8597 = DIRECTION('',(1.144237745222E-17,1.,0.));
#8598 = ORIENTED_EDGE('',*,*,#6780,.T.);
#8599 = ORIENTED_EDGE('',*,*,#8576,.F.);
#8600 = ORIENTED_EDGE('',*,*,#6671,.F.);
#8601 = CYLINDRICAL_SURFACE('',#8602,0.1);
#8602 = AXIS2_PLACEMENT_3D('',#8603,#8604,#8605);
#8603 = CARTESIAN_POINT('',(-2.724938966801,-2.11,0.3));
#8604 = DIRECTION('',(-1.144237745222E-17,-1.,0.));
#8605 = DIRECTION('',(-0.,0.,-1.));
#8606 = ADVANCED_FACE('',(#8607),#8618,.F.);
#8607 = FACE_BOUND('',#8608,.F.);
#8608 = EDGE_LOOP('',(#8609,#8615,#8616,#8617));
#8609 = ORIENTED_EDGE('',*,*,#8610,.T.);
#8610 = EDGE_CURVE('',#6656,#6765,#8611,.T.);
#8611 = LINE('',#8612,#8613);
#8612 = CARTESIAN_POINT('',(-3.,-2.11,0.2));
#8613 = VECTOR('',#8614,1.);
#8614 = DIRECTION('',(1.144237745222E-17,1.,0.));
#8615 = ORIENTED_EDGE('',*,*,#6772,.T.);
#8616 = ORIENTED_EDGE('',*,*,#8593,.F.);
#8617 = ORIENTED_EDGE('',*,*,#6663,.F.);
#8618 = PLANE('',#8619);
#8619 = AXIS2_PLACEMENT_3D('',#8620,#8621,#8622);
#8620 = CARTESIAN_POINT('',(-3.,-2.11,0.2));
#8621 = DIRECTION('',(0.,0.,-1.));
#8622 = DIRECTION('',(1.,-1.144237745222E-17,0.));
#8623 = ADVANCED_FACE('',(#8624),#8635,.F.);
#8624 = FACE_BOUND('',#8625,.F.);
#8625 = EDGE_LOOP('',(#8626,#8632,#8633,#8634));
#8626 = ORIENTED_EDGE('',*,*,#8627,.T.);
#8627 = EDGE_CURVE('',#6648,#6757,#8628,.T.);
#8628 = LINE('',#8629,#8630);
#8629 = CARTESIAN_POINT('',(-3.,-2.11,-1.665334536938E-16));
#8630 = VECTOR('',#8631,1.);
#8631 = DIRECTION('',(1.144237745222E-17,1.,0.));
#8632 = ORIENTED_EDGE('',*,*,#6764,.T.);
#8633 = ORIENTED_EDGE('',*,*,#8610,.F.);
#8634 = ORIENTED_EDGE('',*,*,#6655,.F.);
#8635 = PLANE('',#8636);
#8636 = AXIS2_PLACEMENT_3D('',#8637,#8638,#8639);
#8637 = CARTESIAN_POINT('',(-3.,-2.11,-1.665334536938E-16));
#8638 = DIRECTION('',(1.,-1.144237745222E-17,0.));
#8639 = DIRECTION('',(0.,0.,1.));
#8640 = ADVANCED_FACE('',(#8641),#8652,.F.);
#8641 = FACE_BOUND('',#8642,.F.);
#8642 = EDGE_LOOP('',(#8643,#8649,#8650,#8651));
#8643 = ORIENTED_EDGE('',*,*,#8644,.T.);
#8644 = EDGE_CURVE('',#6639,#6748,#8645,.T.);
#8645 = LINE('',#8646,#8647);
#8646 = CARTESIAN_POINT('',(-2.724938966801,-2.11,-1.665334536938E-16));
#8647 = VECTOR('',#8648,1.);
#8648 = DIRECTION('',(1.144237745222E-17,1.,0.));
#8649 = ORIENTED_EDGE('',*,*,#6756,.T.);
#8650 = ORIENTED_EDGE('',*,*,#8627,.F.);
#8651 = ORIENTED_EDGE('',*,*,#6647,.F.);
#8652 = PLANE('',#8653);
#8653 = AXIS2_PLACEMENT_3D('',#8654,#8655,#8656);
#8654 = CARTESIAN_POINT('',(-2.724938966801,-2.11,-1.665334536938E-16));
#8655 = DIRECTION('',(0.,0.,1.));
#8656 = DIRECTION('',(-1.,1.144237745222E-17,0.));
#8657 = ADVANCED_FACE('',(#8658),#8669,.T.);
#8658 = FACE_BOUND('',#8659,.T.);
#8659 = EDGE_LOOP('',(#8660,#8661,#8662,#8663));
#8660 = ORIENTED_EDGE('',*,*,#6638,.T.);
#8661 = ORIENTED_EDGE('',*,*,#8644,.T.);
#8662 = ORIENTED_EDGE('',*,*,#6747,.F.);
#8663 = ORIENTED_EDGE('',*,*,#8664,.F.);
#8664 = EDGE_CURVE('',#6631,#6740,#8665,.T.);
#8665 = LINE('',#8666,#8667);
#8666 = CARTESIAN_POINT('',(-2.429496640897,-2.11,0.2479055467));
#8667 = VECTOR('',#8668,1.);
#8668 = DIRECTION('',(1.144237745222E-17,1.,0.));
#8669 = CYLINDRICAL_SURFACE('',#8670,0.3);
#8670 = AXIS2_PLACEMENT_3D('',#8671,#8672,#8673);
#8671 = CARTESIAN_POINT('',(-2.724938966801,-2.11,0.3));
#8672 = DIRECTION('',(-1.144237745222E-17,-1.,0.));
#8673 = DIRECTION('',(0.984807753012,-1.126854202784E-17,-0.173648177667
    ));
#8674 = ADVANCED_FACE('',(#8675),#8681,.F.);
#8675 = FACE_BOUND('',#8676,.F.);
#8676 = EDGE_LOOP('',(#8677,#8678,#8679,#8680));
#8677 = ORIENTED_EDGE('',*,*,#6721,.T.);
#8678 = ORIENTED_EDGE('',*,*,#6739,.T.);
#8679 = ORIENTED_EDGE('',*,*,#8664,.F.);
#8680 = ORIENTED_EDGE('',*,*,#6630,.F.);
#8681 = PLANE('',#8682);
#8682 = AXIS2_PLACEMENT_3D('',#8683,#8684,#8685);
#8683 = CARTESIAN_POINT('',(-2.348480775301,-2.11,0.742364817767));
#8684 = DIRECTION('',(-0.986841372087,1.129181146488E-17,0.161691392282)
  );
#8685 = DIRECTION('',(-0.161691392282,1.85013394127E-18,-0.986841372087)
  );
#8686 = ADVANCED_FACE('',(#8687),#8698,.T.);
#8687 = FACE_BOUND('',#8688,.T.);
#8688 = EDGE_LOOP('',(#8689,#8690,#8691,#8692));
#8689 = ORIENTED_EDGE('',*,*,#6911,.T.);
#8690 = ORIENTED_EDGE('',*,*,#8358,.T.);
#8691 = ORIENTED_EDGE('',*,*,#7020,.F.);
#8692 = ORIENTED_EDGE('',*,*,#8693,.F.);
#8693 = EDGE_CURVE('',#6904,#7013,#8694,.T.);
#8694 = LINE('',#8695,#8696);
#8695 = CARTESIAN_POINT('',(-2.545442325904,-0.84,0.7770944533));
#8696 = VECTOR('',#8697,1.);
#8697 = DIRECTION('',(1.144237745222E-17,1.,0.));
#8698 = CYLINDRICAL_SURFACE('',#8699,0.3);
#8699 = AXIS2_PLACEMENT_3D('',#8700,#8701,#8702);
#8700 = CARTESIAN_POINT('',(-2.25,-0.84,0.725));
#8701 = DIRECTION('',(-1.144237745222E-17,-1.,0.));
#8702 = DIRECTION('',(-0.984807753012,1.126854202784E-17,0.173648177667)
  );
#8703 = ADVANCED_FACE('',(#8704),#8715,.F.);
#8704 = FACE_BOUND('',#8705,.F.);
#8705 = EDGE_LOOP('',(#8706,#8712,#8713,#8714));
#8706 = ORIENTED_EDGE('',*,*,#8707,.T.);
#8707 = EDGE_CURVE('',#6895,#7004,#8708,.T.);
#8708 = LINE('',#8709,#8710);
#8709 = CARTESIAN_POINT('',(-2.6264581915,-0.84,0.282635182233));
#8710 = VECTOR('',#8711,1.);
#8711 = DIRECTION('',(1.144237745222E-17,1.,0.));
#8712 = ORIENTED_EDGE('',*,*,#7012,.T.);
#8713 = ORIENTED_EDGE('',*,*,#8693,.F.);
#8714 = ORIENTED_EDGE('',*,*,#6903,.F.);
#8715 = PLANE('',#8716);
#8716 = AXIS2_PLACEMENT_3D('',#8717,#8718,#8719);
#8717 = CARTESIAN_POINT('',(-2.6264581915,-0.84,0.282635182233));
#8718 = DIRECTION('',(0.986841372087,-1.129181146488E-17,-0.161691392282
    ));
#8719 = DIRECTION('',(0.161691392282,-1.85013394127E-18,0.986841372087)
  );
#8720 = ADVANCED_FACE('',(#8721),#8732,.F.);
#8721 = FACE_BOUND('',#8722,.F.);
#8722 = EDGE_LOOP('',(#8723,#8729,#8730,#8731));
#8723 = ORIENTED_EDGE('',*,*,#8724,.T.);
#8724 = EDGE_CURVE('',#6887,#6996,#8725,.T.);
#8725 = LINE('',#8726,#8727);
#8726 = CARTESIAN_POINT('',(-2.724938966801,-0.84,0.2));
#8727 = VECTOR('',#8728,1.);
#8728 = DIRECTION('',(1.144237745222E-17,1.,0.));
#8729 = ORIENTED_EDGE('',*,*,#7003,.T.);
#8730 = ORIENTED_EDGE('',*,*,#8707,.F.);
#8731 = ORIENTED_EDGE('',*,*,#6894,.F.);
#8732 = CYLINDRICAL_SURFACE('',#8733,0.1);
#8733 = AXIS2_PLACEMENT_3D('',#8734,#8735,#8736);
#8734 = CARTESIAN_POINT('',(-2.724938966801,-0.84,0.3));
#8735 = DIRECTION('',(-1.144237745222E-17,-1.,0.));
#8736 = DIRECTION('',(-0.,0.,-1.));
#8737 = ADVANCED_FACE('',(#8738),#8749,.F.);
#8738 = FACE_BOUND('',#8739,.F.);
#8739 = EDGE_LOOP('',(#8740,#8746,#8747,#8748));
#8740 = ORIENTED_EDGE('',*,*,#8741,.T.);
#8741 = EDGE_CURVE('',#6879,#6988,#8742,.T.);
#8742 = LINE('',#8743,#8744);
#8743 = CARTESIAN_POINT('',(-3.,-0.84,0.2));
#8744 = VECTOR('',#8745,1.);
#8745 = DIRECTION('',(1.144237745222E-17,1.,0.));
#8746 = ORIENTED_EDGE('',*,*,#6995,.T.);
#8747 = ORIENTED_EDGE('',*,*,#8724,.F.);
#8748 = ORIENTED_EDGE('',*,*,#6886,.F.);
#8749 = PLANE('',#8750);
#8750 = AXIS2_PLACEMENT_3D('',#8751,#8752,#8753);
#8751 = CARTESIAN_POINT('',(-3.,-0.84,0.2));
#8752 = DIRECTION('',(0.,0.,-1.));
#8753 = DIRECTION('',(1.,-1.144237745222E-17,0.));
#8754 = ADVANCED_FACE('',(#8755),#8766,.F.);
#8755 = FACE_BOUND('',#8756,.F.);
#8756 = EDGE_LOOP('',(#8757,#8763,#8764,#8765));
#8757 = ORIENTED_EDGE('',*,*,#8758,.T.);
#8758 = EDGE_CURVE('',#6871,#6980,#8759,.T.);
#8759 = LINE('',#8760,#8761);
#8760 = CARTESIAN_POINT('',(-3.,-0.84,-1.665334536938E-16));
#8761 = VECTOR('',#8762,1.);
#8762 = DIRECTION('',(1.144237745222E-17,1.,0.));
#8763 = ORIENTED_EDGE('',*,*,#6987,.T.);
#8764 = ORIENTED_EDGE('',*,*,#8741,.F.);
#8765 = ORIENTED_EDGE('',*,*,#6878,.F.);
#8766 = PLANE('',#8767);
#8767 = AXIS2_PLACEMENT_3D('',#8768,#8769,#8770);
#8768 = CARTESIAN_POINT('',(-3.,-0.84,-1.665334536938E-16));
#8769 = DIRECTION('',(1.,-1.144237745222E-17,0.));
#8770 = DIRECTION('',(0.,0.,1.));
#8771 = ADVANCED_FACE('',(#8772),#8783,.F.);
#8772 = FACE_BOUND('',#8773,.F.);
#8773 = EDGE_LOOP('',(#8774,#8780,#8781,#8782));
#8774 = ORIENTED_EDGE('',*,*,#8775,.T.);
#8775 = EDGE_CURVE('',#6862,#6971,#8776,.T.);
#8776 = LINE('',#8777,#8778);
#8777 = CARTESIAN_POINT('',(-2.724938966801,-0.84,-1.665334536938E-16));
#8778 = VECTOR('',#8779,1.);
#8779 = DIRECTION('',(1.144237745222E-17,1.,0.));
#8780 = ORIENTED_EDGE('',*,*,#6979,.T.);
#8781 = ORIENTED_EDGE('',*,*,#8758,.F.);
#8782 = ORIENTED_EDGE('',*,*,#6870,.F.);
#8783 = PLANE('',#8784);
#8784 = AXIS2_PLACEMENT_3D('',#8785,#8786,#8787);
#8785 = CARTESIAN_POINT('',(-2.724938966801,-0.84,-1.665334536938E-16));
#8786 = DIRECTION('',(0.,0.,1.));
#8787 = DIRECTION('',(-1.,1.144237745222E-17,0.));
#8788 = ADVANCED_FACE('',(#8789),#8800,.T.);
#8789 = FACE_BOUND('',#8790,.T.);
#8790 = EDGE_LOOP('',(#8791,#8792,#8793,#8794));
#8791 = ORIENTED_EDGE('',*,*,#6861,.T.);
#8792 = ORIENTED_EDGE('',*,*,#8775,.T.);
#8793 = ORIENTED_EDGE('',*,*,#6970,.F.);
#8794 = ORIENTED_EDGE('',*,*,#8795,.F.);
#8795 = EDGE_CURVE('',#6854,#6963,#8796,.T.);
#8796 = LINE('',#8797,#8798);
#8797 = CARTESIAN_POINT('',(-2.429496640897,-0.84,0.2479055467));
#8798 = VECTOR('',#8799,1.);
#8799 = DIRECTION('',(1.144237745222E-17,1.,0.));
#8800 = CYLINDRICAL_SURFACE('',#8801,0.3);
#8801 = AXIS2_PLACEMENT_3D('',#8802,#8803,#8804);
#8802 = CARTESIAN_POINT('',(-2.724938966801,-0.84,0.3));
#8803 = DIRECTION('',(-1.144237745222E-17,-1.,0.));
#8804 = DIRECTION('',(0.984807753012,-1.126854202784E-17,-0.173648177667
    ));
#8805 = ADVANCED_FACE('',(#8806),#8812,.F.);
#8806 = FACE_BOUND('',#8807,.F.);
#8807 = EDGE_LOOP('',(#8808,#8809,#8810,#8811));
#8808 = ORIENTED_EDGE('',*,*,#6944,.T.);
#8809 = ORIENTED_EDGE('',*,*,#6962,.T.);
#8810 = ORIENTED_EDGE('',*,*,#8795,.F.);
#8811 = ORIENTED_EDGE('',*,*,#6853,.F.);
#8812 = PLANE('',#8813);
#8813 = AXIS2_PLACEMENT_3D('',#8814,#8815,#8816);
#8814 = CARTESIAN_POINT('',(-2.348480775301,-0.84,0.742364817767));
#8815 = DIRECTION('',(-0.986841372087,1.129181146488E-17,0.161691392282)
  );
#8816 = DIRECTION('',(-0.161691392282,1.85013394127E-18,-0.986841372087)
  );
#8817 = ADVANCED_FACE('',(#8818),#8829,.T.);
#8818 = FACE_BOUND('',#8819,.T.);
#8819 = EDGE_LOOP('',(#8820,#8821,#8822,#8823));
#8820 = ORIENTED_EDGE('',*,*,#7134,.T.);
#8821 = ORIENTED_EDGE('',*,*,#8377,.T.);
#8822 = ORIENTED_EDGE('',*,*,#7243,.F.);
#8823 = ORIENTED_EDGE('',*,*,#8824,.F.);
#8824 = EDGE_CURVE('',#7127,#7236,#8825,.T.);
#8825 = LINE('',#8826,#8827);
#8826 = CARTESIAN_POINT('',(-2.545442325904,0.43,0.7770944533));
#8827 = VECTOR('',#8828,1.);
#8828 = DIRECTION('',(1.144237745222E-17,1.,0.));
#8829 = CYLINDRICAL_SURFACE('',#8830,0.3);
#8830 = AXIS2_PLACEMENT_3D('',#8831,#8832,#8833);
#8831 = CARTESIAN_POINT('',(-2.25,0.43,0.725));
#8832 = DIRECTION('',(-1.144237745222E-17,-1.,0.));
#8833 = DIRECTION('',(-0.984807753012,1.126854202784E-17,0.173648177667)
  );
#8834 = ADVANCED_FACE('',(#8835),#8846,.F.);
#8835 = FACE_BOUND('',#8836,.F.);
#8836 = EDGE_LOOP('',(#8837,#8843,#8844,#8845));
#8837 = ORIENTED_EDGE('',*,*,#8838,.T.);
#8838 = EDGE_CURVE('',#7118,#7227,#8839,.T.);
#8839 = LINE('',#8840,#8841);
#8840 = CARTESIAN_POINT('',(-2.6264581915,0.43,0.282635182233));
#8841 = VECTOR('',#8842,1.);
#8842 = DIRECTION('',(1.144237745222E-17,1.,0.));
#8843 = ORIENTED_EDGE('',*,*,#7235,.T.);
#8844 = ORIENTED_EDGE('',*,*,#8824,.F.);
#8845 = ORIENTED_EDGE('',*,*,#7126,.F.);
#8846 = PLANE('',#8847);
#8847 = AXIS2_PLACEMENT_3D('',#8848,#8849,#8850);
#8848 = CARTESIAN_POINT('',(-2.6264581915,0.43,0.282635182233));
#8849 = DIRECTION('',(0.986841372087,-1.129181146488E-17,-0.161691392282
    ));
#8850 = DIRECTION('',(0.161691392282,-1.85013394127E-18,0.986841372087)
  );
#8851 = ADVANCED_FACE('',(#8852),#8863,.F.);
#8852 = FACE_BOUND('',#8853,.F.);
#8853 = EDGE_LOOP('',(#8854,#8860,#8861,#8862));
#8854 = ORIENTED_EDGE('',*,*,#8855,.T.);
#8855 = EDGE_CURVE('',#7110,#7219,#8856,.T.);
#8856 = LINE('',#8857,#8858);
#8857 = CARTESIAN_POINT('',(-2.724938966801,0.43,0.2));
#8858 = VECTOR('',#8859,1.);
#8859 = DIRECTION('',(1.144237745222E-17,1.,0.));
#8860 = ORIENTED_EDGE('',*,*,#7226,.T.);
#8861 = ORIENTED_EDGE('',*,*,#8838,.F.);
#8862 = ORIENTED_EDGE('',*,*,#7117,.F.);
#8863 = CYLINDRICAL_SURFACE('',#8864,0.1);
#8864 = AXIS2_PLACEMENT_3D('',#8865,#8866,#8867);
#8865 = CARTESIAN_POINT('',(-2.724938966801,0.43,0.3));
#8866 = DIRECTION('',(-1.144237745222E-17,-1.,0.));
#8867 = DIRECTION('',(-0.,0.,-1.));
#8868 = ADVANCED_FACE('',(#8869),#8880,.F.);
#8869 = FACE_BOUND('',#8870,.F.);
#8870 = EDGE_LOOP('',(#8871,#8877,#8878,#8879));
#8871 = ORIENTED_EDGE('',*,*,#8872,.T.);
#8872 = EDGE_CURVE('',#7102,#7211,#8873,.T.);
#8873 = LINE('',#8874,#8875);
#8874 = CARTESIAN_POINT('',(-3.,0.43,0.2));
#8875 = VECTOR('',#8876,1.);
#8876 = DIRECTION('',(1.144237745222E-17,1.,0.));
#8877 = ORIENTED_EDGE('',*,*,#7218,.T.);
#8878 = ORIENTED_EDGE('',*,*,#8855,.F.);
#8879 = ORIENTED_EDGE('',*,*,#7109,.F.);
#8880 = PLANE('',#8881);
#8881 = AXIS2_PLACEMENT_3D('',#8882,#8883,#8884);
#8882 = CARTESIAN_POINT('',(-3.,0.43,0.2));
#8883 = DIRECTION('',(0.,0.,-1.));
#8884 = DIRECTION('',(1.,-1.144237745222E-17,0.));
#8885 = ADVANCED_FACE('',(#8886),#8897,.F.);
#8886 = FACE_BOUND('',#8887,.F.);
#8887 = EDGE_LOOP('',(#8888,#8894,#8895,#8896));
#8888 = ORIENTED_EDGE('',*,*,#8889,.T.);
#8889 = EDGE_CURVE('',#7094,#7203,#8890,.T.);
#8890 = LINE('',#8891,#8892);
#8891 = CARTESIAN_POINT('',(-3.,0.43,-1.665334536938E-16));
#8892 = VECTOR('',#8893,1.);
#8893 = DIRECTION('',(1.144237745222E-17,1.,0.));
#8894 = ORIENTED_EDGE('',*,*,#7210,.T.);
#8895 = ORIENTED_EDGE('',*,*,#8872,.F.);
#8896 = ORIENTED_EDGE('',*,*,#7101,.F.);
#8897 = PLANE('',#8898);
#8898 = AXIS2_PLACEMENT_3D('',#8899,#8900,#8901);
#8899 = CARTESIAN_POINT('',(-3.,0.43,-1.665334536938E-16));
#8900 = DIRECTION('',(1.,-1.144237745222E-17,0.));
#8901 = DIRECTION('',(0.,0.,1.));
#8902 = ADVANCED_FACE('',(#8903),#8914,.F.);
#8903 = FACE_BOUND('',#8904,.F.);
#8904 = EDGE_LOOP('',(#8905,#8911,#8912,#8913));
#8905 = ORIENTED_EDGE('',*,*,#8906,.T.);
#8906 = EDGE_CURVE('',#7085,#7194,#8907,.T.);
#8907 = LINE('',#8908,#8909);
#8908 = CARTESIAN_POINT('',(-2.724938966801,0.43,-1.665334536938E-16));
#8909 = VECTOR('',#8910,1.);
#8910 = DIRECTION('',(1.144237745222E-17,1.,0.));
#8911 = ORIENTED_EDGE('',*,*,#7202,.T.);
#8912 = ORIENTED_EDGE('',*,*,#8889,.F.);
#8913 = ORIENTED_EDGE('',*,*,#7093,.F.);
#8914 = PLANE('',#8915);
#8915 = AXIS2_PLACEMENT_3D('',#8916,#8917,#8918);
#8916 = CARTESIAN_POINT('',(-2.724938966801,0.43,-1.665334536938E-16));
#8917 = DIRECTION('',(0.,0.,1.));
#8918 = DIRECTION('',(-1.,1.144237745222E-17,0.));
#8919 = ADVANCED_FACE('',(#8920),#8931,.T.);
#8920 = FACE_BOUND('',#8921,.T.);
#8921 = EDGE_LOOP('',(#8922,#8923,#8924,#8925));
#8922 = ORIENTED_EDGE('',*,*,#7084,.T.);
#8923 = ORIENTED_EDGE('',*,*,#8906,.T.);
#8924 = ORIENTED_EDGE('',*,*,#7193,.F.);
#8925 = ORIENTED_EDGE('',*,*,#8926,.F.);
#8926 = EDGE_CURVE('',#7077,#7186,#8927,.T.);
#8927 = LINE('',#8928,#8929);
#8928 = CARTESIAN_POINT('',(-2.429496640897,0.43,0.2479055467));
#8929 = VECTOR('',#8930,1.);
#8930 = DIRECTION('',(1.144237745222E-17,1.,0.));
#8931 = CYLINDRICAL_SURFACE('',#8932,0.3);
#8932 = AXIS2_PLACEMENT_3D('',#8933,#8934,#8935);
#8933 = CARTESIAN_POINT('',(-2.724938966801,0.43,0.3));
#8934 = DIRECTION('',(-1.144237745222E-17,-1.,0.));
#8935 = DIRECTION('',(0.984807753012,-1.126854202784E-17,-0.173648177667
    ));
#8936 = ADVANCED_FACE('',(#8937),#8943,.F.);
#8937 = FACE_BOUND('',#8938,.F.);
#8938 = EDGE_LOOP('',(#8939,#8940,#8941,#8942));
#8939 = ORIENTED_EDGE('',*,*,#7167,.T.);
#8940 = ORIENTED_EDGE('',*,*,#7185,.T.);
#8941 = ORIENTED_EDGE('',*,*,#8926,.F.);
#8942 = ORIENTED_EDGE('',*,*,#7076,.F.);
#8943 = PLANE('',#8944);
#8944 = AXIS2_PLACEMENT_3D('',#8945,#8946,#8947);
#8945 = CARTESIAN_POINT('',(-2.348480775301,0.43,0.742364817767));
#8946 = DIRECTION('',(-0.986841372087,1.129181146488E-17,0.161691392282)
  );
#8947 = DIRECTION('',(-0.161691392282,1.85013394127E-18,-0.986841372087)
  );
#8948 = ADVANCED_FACE('',(#8949),#8960,.F.);
#8949 = FACE_BOUND('',#8950,.F.);
#8950 = EDGE_LOOP('',(#8951,#8957,#8958,#8959));
#8951 = ORIENTED_EDGE('',*,*,#8952,.T.);
#8952 = EDGE_CURVE('',#7336,#7438,#8953,.T.);
#8953 = LINE('',#8954,#8955);
#8954 = CARTESIAN_POINT('',(-2.6264581915,1.7,0.282635182233));
#8955 = VECTOR('',#8956,1.);
#8956 = DIRECTION('',(1.144237745222E-17,1.,0.));
#8957 = ORIENTED_EDGE('',*,*,#7446,.T.);
#8958 = ORIENTED_EDGE('',*,*,#8324,.F.);
#8959 = ORIENTED_EDGE('',*,*,#7344,.F.);
#8960 = PLANE('',#8961);
#8961 = AXIS2_PLACEMENT_3D('',#8962,#8963,#8964);
#8962 = CARTESIAN_POINT('',(-2.6264581915,1.7,0.282635182233));
#8963 = DIRECTION('',(0.986841372087,-1.129181146488E-17,-0.161691392282
    ));
#8964 = DIRECTION('',(0.161691392282,-1.85013394127E-18,0.986841372087)
  );
#8965 = ADVANCED_FACE('',(#8966),#8977,.F.);
#8966 = FACE_BOUND('',#8967,.F.);
#8967 = EDGE_LOOP('',(#8968,#8974,#8975,#8976));
#8968 = ORIENTED_EDGE('',*,*,#8969,.T.);
#8969 = EDGE_CURVE('',#7328,#7430,#8970,.T.);
#8970 = LINE('',#8971,#8972);
#8971 = CARTESIAN_POINT('',(-2.724938966801,1.7,0.2));
#8972 = VECTOR('',#8973,1.);
#8973 = DIRECTION('',(1.144237745222E-17,1.,0.));
#8974 = ORIENTED_EDGE('',*,*,#7437,.T.);
#8975 = ORIENTED_EDGE('',*,*,#8952,.F.);
#8976 = ORIENTED_EDGE('',*,*,#7335,.F.);
#8977 = CYLINDRICAL_SURFACE('',#8978,0.1);
#8978 = AXIS2_PLACEMENT_3D('',#8979,#8980,#8981);
#8979 = CARTESIAN_POINT('',(-2.724938966801,1.7,0.3));
#8980 = DIRECTION('',(-1.144237745222E-17,-1.,0.));
#8981 = DIRECTION('',(-0.,0.,-1.));
#8982 = ADVANCED_FACE('',(#8983),#8994,.F.);
#8983 = FACE_BOUND('',#8984,.F.);
#8984 = EDGE_LOOP('',(#8985,#8991,#8992,#8993));
#8985 = ORIENTED_EDGE('',*,*,#8986,.T.);
#8986 = EDGE_CURVE('',#7320,#7422,#8987,.T.);
#8987 = LINE('',#8988,#8989);
#8988 = CARTESIAN_POINT('',(-3.,1.7,0.2));
#8989 = VECTOR('',#8990,1.);
#8990 = DIRECTION('',(1.144237745222E-17,1.,0.));
#8991 = ORIENTED_EDGE('',*,*,#7429,.T.);
#8992 = ORIENTED_EDGE('',*,*,#8969,.F.);
#8993 = ORIENTED_EDGE('',*,*,#7327,.F.);
#8994 = PLANE('',#8995);
#8995 = AXIS2_PLACEMENT_3D('',#8996,#8997,#8998);
#8996 = CARTESIAN_POINT('',(-3.,1.7,0.2));
#8997 = DIRECTION('',(0.,0.,-1.));
#8998 = DIRECTION('',(1.,-1.144237745222E-17,0.));
#8999 = ADVANCED_FACE('',(#9000),#9011,.F.);
#9000 = FACE_BOUND('',#9001,.F.);
#9001 = EDGE_LOOP('',(#9002,#9008,#9009,#9010));
#9002 = ORIENTED_EDGE('',*,*,#9003,.T.);
#9003 = EDGE_CURVE('',#7312,#7414,#9004,.T.);
#9004 = LINE('',#9005,#9006);
#9005 = CARTESIAN_POINT('',(-3.,1.7,-1.665334536938E-16));
#9006 = VECTOR('',#9007,1.);
#9007 = DIRECTION('',(1.144237745222E-17,1.,0.));
#9008 = ORIENTED_EDGE('',*,*,#7421,.T.);
#9009 = ORIENTED_EDGE('',*,*,#8986,.F.);
#9010 = ORIENTED_EDGE('',*,*,#7319,.F.);
#9011 = PLANE('',#9012);
#9012 = AXIS2_PLACEMENT_3D('',#9013,#9014,#9015);
#9013 = CARTESIAN_POINT('',(-3.,1.7,-1.665334536938E-16));
#9014 = DIRECTION('',(1.,-1.144237745222E-17,0.));
#9015 = DIRECTION('',(0.,0.,1.));
#9016 = ADVANCED_FACE('',(#9017),#9028,.F.);
#9017 = FACE_BOUND('',#9018,.F.);
#9018 = EDGE_LOOP('',(#9019,#9025,#9026,#9027));
#9019 = ORIENTED_EDGE('',*,*,#9020,.T.);
#9020 = EDGE_CURVE('',#7303,#7405,#9021,.T.);
#9021 = LINE('',#9022,#9023);
#9022 = CARTESIAN_POINT('',(-2.724938966801,1.7,-1.665334536938E-16));
#9023 = VECTOR('',#9024,1.);
#9024 = DIRECTION('',(1.144237745222E-17,1.,0.));
#9025 = ORIENTED_EDGE('',*,*,#7413,.T.);
#9026 = ORIENTED_EDGE('',*,*,#9003,.F.);
#9027 = ORIENTED_EDGE('',*,*,#7311,.F.);
#9028 = PLANE('',#9029);
#9029 = AXIS2_PLACEMENT_3D('',#9030,#9031,#9032);
#9030 = CARTESIAN_POINT('',(-2.724938966801,1.7,-1.665334536938E-16));
#9031 = DIRECTION('',(0.,0.,1.));
#9032 = DIRECTION('',(-1.,1.144237745222E-17,0.));
#9033 = ADVANCED_FACE('',(#9034),#9045,.T.);
#9034 = FACE_BOUND('',#9035,.T.);
#9035 = EDGE_LOOP('',(#9036,#9037,#9038,#9039));
#9036 = ORIENTED_EDGE('',*,*,#7302,.T.);
#9037 = ORIENTED_EDGE('',*,*,#9020,.T.);
#9038 = ORIENTED_EDGE('',*,*,#7404,.F.);
#9039 = ORIENTED_EDGE('',*,*,#9040,.F.);
#9040 = EDGE_CURVE('',#7295,#7397,#9041,.T.);
#9041 = LINE('',#9042,#9043);
#9042 = CARTESIAN_POINT('',(-2.429496640897,1.7,0.2479055467));
#9043 = VECTOR('',#9044,1.);
#9044 = DIRECTION('',(1.144237745222E-17,1.,0.));
#9045 = CYLINDRICAL_SURFACE('',#9046,0.3);
#9046 = AXIS2_PLACEMENT_3D('',#9047,#9048,#9049);
#9047 = CARTESIAN_POINT('',(-2.724938966801,1.7,0.3));
#9048 = DIRECTION('',(-1.144237745222E-17,-1.,0.));
#9049 = DIRECTION('',(0.984807753012,-1.126854202784E-17,-0.173648177667
    ));
#9050 = ADVANCED_FACE('',(#9051),#9057,.F.);
#9051 = FACE_BOUND('',#9052,.F.);
#9052 = EDGE_LOOP('',(#9053,#9054,#9055,#9056));
#9053 = ORIENTED_EDGE('',*,*,#7378,.T.);
#9054 = ORIENTED_EDGE('',*,*,#7396,.T.);
#9055 = ORIENTED_EDGE('',*,*,#9040,.F.);
#9056 = ORIENTED_EDGE('',*,*,#7294,.F.);
#9057 = PLANE('',#9058);
#9058 = AXIS2_PLACEMENT_3D('',#9059,#9060,#9061);
#9059 = CARTESIAN_POINT('',(-2.348480775301,1.7,0.742364817767));
#9060 = DIRECTION('',(-0.986841372087,1.129181146488E-17,0.161691392282)
  );
#9061 = DIRECTION('',(-0.161691392282,1.85013394127E-18,-0.986841372087)
  );
#9062 = ADVANCED_FACE('',(#9063),#9074,.F.);
#9063 = FACE_BOUND('',#9064,.F.);
#9064 = EDGE_LOOP('',(#9065,#9071,#9072,#9073));
#9065 = ORIENTED_EDGE('',*,*,#9066,.T.);
#9066 = EDGE_CURVE('',#7523,#7625,#9067,.T.);
#9067 = LINE('',#9068,#9069);
#9068 = CARTESIAN_POINT('',(2.6264581915,2.11,0.282635182233));
#9069 = VECTOR('',#9070,1.);
#9070 = DIRECTION('',(1.110223024625E-16,-1.,0.));
#9071 = ORIENTED_EDGE('',*,*,#7633,.T.);
#9072 = ORIENTED_EDGE('',*,*,#8533,.F.);
#9073 = ORIENTED_EDGE('',*,*,#7531,.F.);
#9074 = PLANE('',#9075);
#9075 = AXIS2_PLACEMENT_3D('',#9076,#9077,#9078);
#9076 = CARTESIAN_POINT('',(2.6264581915,2.11,0.282635182233));
#9077 = DIRECTION('',(-0.986841372087,-1.095614012943E-16,
    -0.161691392282));
#9078 = DIRECTION('',(-0.161691392282,-1.795135065956E-17,0.986841372087
    ));
#9079 = ADVANCED_FACE('',(#9080),#9091,.F.);
#9080 = FACE_BOUND('',#9081,.F.);
#9081 = EDGE_LOOP('',(#9082,#9088,#9089,#9090));
#9082 = ORIENTED_EDGE('',*,*,#9083,.T.);
#9083 = EDGE_CURVE('',#7515,#7617,#9084,.T.);
#9084 = LINE('',#9085,#9086);
#9085 = CARTESIAN_POINT('',(2.724938966801,2.11,0.2));
#9086 = VECTOR('',#9087,1.);
#9087 = DIRECTION('',(1.110223024625E-16,-1.,0.));
#9088 = ORIENTED_EDGE('',*,*,#7624,.T.);
#9089 = ORIENTED_EDGE('',*,*,#9066,.F.);
#9090 = ORIENTED_EDGE('',*,*,#7522,.F.);
#9091 = CYLINDRICAL_SURFACE('',#9092,0.1);
#9092 = AXIS2_PLACEMENT_3D('',#9093,#9094,#9095);
#9093 = CARTESIAN_POINT('',(2.724938966801,2.11,0.3));
#9094 = DIRECTION('',(-1.110223024625E-16,1.,0.));
#9095 = DIRECTION('',(0.,0.,-1.));
#9096 = ADVANCED_FACE('',(#9097),#9108,.F.);
#9097 = FACE_BOUND('',#9098,.F.);
#9098 = EDGE_LOOP('',(#9099,#9105,#9106,#9107));
#9099 = ORIENTED_EDGE('',*,*,#9100,.T.);
#9100 = EDGE_CURVE('',#7507,#7609,#9101,.T.);
#9101 = LINE('',#9102,#9103);
#9102 = CARTESIAN_POINT('',(3.,2.11,0.2));
#9103 = VECTOR('',#9104,1.);
#9104 = DIRECTION('',(1.110223024625E-16,-1.,0.));
#9105 = ORIENTED_EDGE('',*,*,#7616,.T.);
#9106 = ORIENTED_EDGE('',*,*,#9083,.F.);
#9107 = ORIENTED_EDGE('',*,*,#7514,.F.);
#9108 = PLANE('',#9109);
#9109 = AXIS2_PLACEMENT_3D('',#9110,#9111,#9112);
#9110 = CARTESIAN_POINT('',(3.,2.11,0.2));
#9111 = DIRECTION('',(0.,0.,-1.));
#9112 = DIRECTION('',(-1.,-1.110223024625E-16,-0.));
#9113 = ADVANCED_FACE('',(#9114),#9125,.F.);
#9114 = FACE_BOUND('',#9115,.F.);
#9115 = EDGE_LOOP('',(#9116,#9122,#9123,#9124));
#9116 = ORIENTED_EDGE('',*,*,#9117,.T.);
#9117 = EDGE_CURVE('',#7499,#7601,#9118,.T.);
#9118 = LINE('',#9119,#9120);
#9119 = CARTESIAN_POINT('',(3.,2.11,-1.665334536938E-16));
#9120 = VECTOR('',#9121,1.);
#9121 = DIRECTION('',(1.110223024625E-16,-1.,0.));
#9122 = ORIENTED_EDGE('',*,*,#7608,.T.);
#9123 = ORIENTED_EDGE('',*,*,#9100,.F.);
#9124 = ORIENTED_EDGE('',*,*,#7506,.F.);
#9125 = PLANE('',#9126);
#9126 = AXIS2_PLACEMENT_3D('',#9127,#9128,#9129);
#9127 = CARTESIAN_POINT('',(3.,2.11,-1.665334536938E-16));
#9128 = DIRECTION('',(-1.,-1.110223024625E-16,0.));
#9129 = DIRECTION('',(0.,0.,1.));
#9130 = ADVANCED_FACE('',(#9131),#9142,.F.);
#9131 = FACE_BOUND('',#9132,.F.);
#9132 = EDGE_LOOP('',(#9133,#9139,#9140,#9141));
#9133 = ORIENTED_EDGE('',*,*,#9134,.T.);
#9134 = EDGE_CURVE('',#7490,#7592,#9135,.T.);
#9135 = LINE('',#9136,#9137);
#9136 = CARTESIAN_POINT('',(2.724938966801,2.11,-1.665334536938E-16));
#9137 = VECTOR('',#9138,1.);
#9138 = DIRECTION('',(1.110223024625E-16,-1.,0.));
#9139 = ORIENTED_EDGE('',*,*,#7600,.T.);
#9140 = ORIENTED_EDGE('',*,*,#9117,.F.);
#9141 = ORIENTED_EDGE('',*,*,#7498,.F.);
#9142 = PLANE('',#9143);
#9143 = AXIS2_PLACEMENT_3D('',#9144,#9145,#9146);
#9144 = CARTESIAN_POINT('',(2.724938966801,2.11,-1.665334536938E-16));
#9145 = DIRECTION('',(0.,0.,1.));
#9146 = DIRECTION('',(1.,1.110223024625E-16,-0.));
#9147 = ADVANCED_FACE('',(#9148),#9159,.T.);
#9148 = FACE_BOUND('',#9149,.T.);
#9149 = EDGE_LOOP('',(#9150,#9151,#9152,#9153));
#9150 = ORIENTED_EDGE('',*,*,#7489,.T.);
#9151 = ORIENTED_EDGE('',*,*,#9134,.T.);
#9152 = ORIENTED_EDGE('',*,*,#7591,.F.);
#9153 = ORIENTED_EDGE('',*,*,#9154,.F.);
#9154 = EDGE_CURVE('',#7482,#7584,#9155,.T.);
#9155 = LINE('',#9156,#9157);
#9156 = CARTESIAN_POINT('',(2.429496640897,2.11,0.2479055467));
#9157 = VECTOR('',#9158,1.);
#9158 = DIRECTION('',(1.110223024625E-16,-1.,0.));
#9159 = CYLINDRICAL_SURFACE('',#9160,0.3);
#9160 = AXIS2_PLACEMENT_3D('',#9161,#9162,#9163);
#9161 = CARTESIAN_POINT('',(2.724938966801,2.11,0.3));
#9162 = DIRECTION('',(-1.110223024625E-16,1.,0.));
#9163 = DIRECTION('',(-0.984807753012,-1.093356242223E-16,
    -0.173648177667));
#9164 = ADVANCED_FACE('',(#9165),#9171,.F.);
#9165 = FACE_BOUND('',#9166,.F.);
#9166 = EDGE_LOOP('',(#9167,#9168,#9169,#9170));
#9167 = ORIENTED_EDGE('',*,*,#7565,.T.);
#9168 = ORIENTED_EDGE('',*,*,#7583,.T.);
#9169 = ORIENTED_EDGE('',*,*,#9154,.F.);
#9170 = ORIENTED_EDGE('',*,*,#7481,.F.);
#9171 = PLANE('',#9172);
#9172 = AXIS2_PLACEMENT_3D('',#9173,#9174,#9175);
#9173 = CARTESIAN_POINT('',(2.348480775301,2.11,0.742364817767));
#9174 = DIRECTION('',(0.986841372087,1.095614012943E-16,0.161691392282)
  );
#9175 = DIRECTION('',(0.161691392282,1.795135065956E-17,-0.986841372087)
  );
#9176 = ADVANCED_FACE('',(#9177),#9188,.T.);
#9177 = FACE_BOUND('',#9178,.T.);
#9178 = EDGE_LOOP('',(#9179,#9180,#9181,#9182));
#9179 = ORIENTED_EDGE('',*,*,#7743,.T.);
#9180 = ORIENTED_EDGE('',*,*,#8458,.T.);
#9181 = ORIENTED_EDGE('',*,*,#7852,.F.);
#9182 = ORIENTED_EDGE('',*,*,#9183,.F.);
#9183 = EDGE_CURVE('',#7736,#7845,#9184,.T.);
#9184 = LINE('',#9185,#9186);
#9185 = CARTESIAN_POINT('',(2.545442325904,0.84,0.7770944533));
#9186 = VECTOR('',#9187,1.);
#9187 = DIRECTION('',(1.110223024625E-16,-1.,0.));
#9188 = CYLINDRICAL_SURFACE('',#9189,0.3);
#9189 = AXIS2_PLACEMENT_3D('',#9190,#9191,#9192);
#9190 = CARTESIAN_POINT('',(2.25,0.84,0.725));
#9191 = DIRECTION('',(-1.110223024625E-16,1.,0.));
#9192 = DIRECTION('',(0.984807753012,1.093356242223E-16,0.173648177667)
  );
#9193 = ADVANCED_FACE('',(#9194),#9205,.F.);
#9194 = FACE_BOUND('',#9195,.F.);
#9195 = EDGE_LOOP('',(#9196,#9202,#9203,#9204));
#9196 = ORIENTED_EDGE('',*,*,#9197,.T.);
#9197 = EDGE_CURVE('',#7727,#7836,#9198,.T.);
#9198 = LINE('',#9199,#9200);
#9199 = CARTESIAN_POINT('',(2.6264581915,0.84,0.282635182233));
#9200 = VECTOR('',#9201,1.);
#9201 = DIRECTION('',(1.110223024625E-16,-1.,0.));
#9202 = ORIENTED_EDGE('',*,*,#7844,.T.);
#9203 = ORIENTED_EDGE('',*,*,#9183,.F.);
#9204 = ORIENTED_EDGE('',*,*,#7735,.F.);
#9205 = PLANE('',#9206);
#9206 = AXIS2_PLACEMENT_3D('',#9207,#9208,#9209);
#9207 = CARTESIAN_POINT('',(2.6264581915,0.84,0.282635182233));
#9208 = DIRECTION('',(-0.986841372087,-1.095614012943E-16,
    -0.161691392282));
#9209 = DIRECTION('',(-0.161691392282,-1.795135065956E-17,0.986841372087
    ));
#9210 = ADVANCED_FACE('',(#9211),#9222,.F.);
#9211 = FACE_BOUND('',#9212,.F.);
#9212 = EDGE_LOOP('',(#9213,#9219,#9220,#9221));
#9213 = ORIENTED_EDGE('',*,*,#9214,.T.);
#9214 = EDGE_CURVE('',#7719,#7828,#9215,.T.);
#9215 = LINE('',#9216,#9217);
#9216 = CARTESIAN_POINT('',(2.724938966801,0.84,0.2));
#9217 = VECTOR('',#9218,1.);
#9218 = DIRECTION('',(1.110223024625E-16,-1.,0.));
#9219 = ORIENTED_EDGE('',*,*,#7835,.T.);
#9220 = ORIENTED_EDGE('',*,*,#9197,.F.);
#9221 = ORIENTED_EDGE('',*,*,#7726,.F.);
#9222 = CYLINDRICAL_SURFACE('',#9223,0.1);
#9223 = AXIS2_PLACEMENT_3D('',#9224,#9225,#9226);
#9224 = CARTESIAN_POINT('',(2.724938966801,0.84,0.3));
#9225 = DIRECTION('',(-1.110223024625E-16,1.,0.));
#9226 = DIRECTION('',(0.,0.,-1.));
#9227 = ADVANCED_FACE('',(#9228),#9239,.F.);
#9228 = FACE_BOUND('',#9229,.F.);
#9229 = EDGE_LOOP('',(#9230,#9236,#9237,#9238));
#9230 = ORIENTED_EDGE('',*,*,#9231,.T.);
#9231 = EDGE_CURVE('',#7711,#7820,#9232,.T.);
#9232 = LINE('',#9233,#9234);
#9233 = CARTESIAN_POINT('',(3.,0.84,0.2));
#9234 = VECTOR('',#9235,1.);
#9235 = DIRECTION('',(1.110223024625E-16,-1.,0.));
#9236 = ORIENTED_EDGE('',*,*,#7827,.T.);
#9237 = ORIENTED_EDGE('',*,*,#9214,.F.);
#9238 = ORIENTED_EDGE('',*,*,#7718,.F.);
#9239 = PLANE('',#9240);
#9240 = AXIS2_PLACEMENT_3D('',#9241,#9242,#9243);
#9241 = CARTESIAN_POINT('',(3.,0.84,0.2));
#9242 = DIRECTION('',(0.,0.,-1.));
#9243 = DIRECTION('',(-1.,-1.110223024625E-16,-0.));
#9244 = ADVANCED_FACE('',(#9245),#9256,.F.);
#9245 = FACE_BOUND('',#9246,.F.);
#9246 = EDGE_LOOP('',(#9247,#9253,#9254,#9255));
#9247 = ORIENTED_EDGE('',*,*,#9248,.T.);
#9248 = EDGE_CURVE('',#7703,#7812,#9249,.T.);
#9249 = LINE('',#9250,#9251);
#9250 = CARTESIAN_POINT('',(3.,0.84,-1.665334536938E-16));
#9251 = VECTOR('',#9252,1.);
#9252 = DIRECTION('',(1.110223024625E-16,-1.,0.));
#9253 = ORIENTED_EDGE('',*,*,#7819,.T.);
#9254 = ORIENTED_EDGE('',*,*,#9231,.F.);
#9255 = ORIENTED_EDGE('',*,*,#7710,.F.);
#9256 = PLANE('',#9257);
#9257 = AXIS2_PLACEMENT_3D('',#9258,#9259,#9260);
#9258 = CARTESIAN_POINT('',(3.,0.84,-1.665334536938E-16));
#9259 = DIRECTION('',(-1.,-1.110223024625E-16,0.));
#9260 = DIRECTION('',(0.,0.,1.));
#9261 = ADVANCED_FACE('',(#9262),#9273,.F.);
#9262 = FACE_BOUND('',#9263,.F.);
#9263 = EDGE_LOOP('',(#9264,#9270,#9271,#9272));
#9264 = ORIENTED_EDGE('',*,*,#9265,.T.);
#9265 = EDGE_CURVE('',#7694,#7803,#9266,.T.);
#9266 = LINE('',#9267,#9268);
#9267 = CARTESIAN_POINT('',(2.724938966801,0.84,-1.665334536938E-16));
#9268 = VECTOR('',#9269,1.);
#9269 = DIRECTION('',(1.110223024625E-16,-1.,0.));
#9270 = ORIENTED_EDGE('',*,*,#7811,.T.);
#9271 = ORIENTED_EDGE('',*,*,#9248,.F.);
#9272 = ORIENTED_EDGE('',*,*,#7702,.F.);
#9273 = PLANE('',#9274);
#9274 = AXIS2_PLACEMENT_3D('',#9275,#9276,#9277);
#9275 = CARTESIAN_POINT('',(2.724938966801,0.84,-1.665334536938E-16));
#9276 = DIRECTION('',(0.,0.,1.));
#9277 = DIRECTION('',(1.,1.110223024625E-16,-0.));
#9278 = ADVANCED_FACE('',(#9279),#9290,.T.);
#9279 = FACE_BOUND('',#9280,.T.);
#9280 = EDGE_LOOP('',(#9281,#9282,#9283,#9284));
#9281 = ORIENTED_EDGE('',*,*,#7693,.T.);
#9282 = ORIENTED_EDGE('',*,*,#9265,.T.);
#9283 = ORIENTED_EDGE('',*,*,#7802,.F.);
#9284 = ORIENTED_EDGE('',*,*,#9285,.F.);
#9285 = EDGE_CURVE('',#7686,#7795,#9286,.T.);
#9286 = LINE('',#9287,#9288);
#9287 = CARTESIAN_POINT('',(2.429496640897,0.84,0.2479055467));
#9288 = VECTOR('',#9289,1.);
#9289 = DIRECTION('',(1.110223024625E-16,-1.,0.));
#9290 = CYLINDRICAL_SURFACE('',#9291,0.3);
#9291 = AXIS2_PLACEMENT_3D('',#9292,#9293,#9294);
#9292 = CARTESIAN_POINT('',(2.724938966801,0.84,0.3));
#9293 = DIRECTION('',(-1.110223024625E-16,1.,0.));
#9294 = DIRECTION('',(-0.984807753012,-1.093356242223E-16,
    -0.173648177667));
#9295 = ADVANCED_FACE('',(#9296),#9302,.F.);
#9296 = FACE_BOUND('',#9297,.F.);
#9297 = EDGE_LOOP('',(#9298,#9299,#9300,#9301));
#9298 = ORIENTED_EDGE('',*,*,#7776,.T.);
#9299 = ORIENTED_EDGE('',*,*,#7794,.T.);
#9300 = ORIENTED_EDGE('',*,*,#9285,.F.);
#9301 = ORIENTED_EDGE('',*,*,#7685,.F.);
#9302 = PLANE('',#9303);
#9303 = AXIS2_PLACEMENT_3D('',#9304,#9305,#9306);
#9304 = CARTESIAN_POINT('',(2.348480775301,0.84,0.742364817767));
#9305 = DIRECTION('',(0.986841372087,1.095614012943E-16,0.161691392282)
  );
#9306 = DIRECTION('',(0.161691392282,1.795135065956E-17,-0.986841372087)
  );
#9307 = ADVANCED_FACE('',(#9308),#9319,.T.);
#9308 = FACE_BOUND('',#9309,.T.);
#9309 = EDGE_LOOP('',(#9310,#9311,#9312,#9313));
#9310 = ORIENTED_EDGE('',*,*,#7966,.T.);
#9311 = ORIENTED_EDGE('',*,*,#8477,.T.);
#9312 = ORIENTED_EDGE('',*,*,#8075,.F.);
#9313 = ORIENTED_EDGE('',*,*,#9314,.F.);
#9314 = EDGE_CURVE('',#7959,#8068,#9315,.T.);
#9315 = LINE('',#9316,#9317);
#9316 = CARTESIAN_POINT('',(2.545442325904,-0.43,0.7770944533));
#9317 = VECTOR('',#9318,1.);
#9318 = DIRECTION('',(1.110223024625E-16,-1.,0.));
#9319 = CYLINDRICAL_SURFACE('',#9320,0.3);
#9320 = AXIS2_PLACEMENT_3D('',#9321,#9322,#9323);
#9321 = CARTESIAN_POINT('',(2.25,-0.43,0.725));
#9322 = DIRECTION('',(-1.110223024625E-16,1.,0.));
#9323 = DIRECTION('',(0.984807753012,1.093356242223E-16,0.173648177667)
  );
#9324 = ADVANCED_FACE('',(#9325),#9336,.F.);
#9325 = FACE_BOUND('',#9326,.F.);
#9326 = EDGE_LOOP('',(#9327,#9333,#9334,#9335));
#9327 = ORIENTED_EDGE('',*,*,#9328,.T.);
#9328 = EDGE_CURVE('',#7950,#8059,#9329,.T.);
#9329 = LINE('',#9330,#9331);
#9330 = CARTESIAN_POINT('',(2.6264581915,-0.43,0.282635182233));
#9331 = VECTOR('',#9332,1.);
#9332 = DIRECTION('',(1.110223024625E-16,-1.,0.));
#9333 = ORIENTED_EDGE('',*,*,#8067,.T.);
#9334 = ORIENTED_EDGE('',*,*,#9314,.F.);
#9335 = ORIENTED_EDGE('',*,*,#7958,.F.);
#9336 = PLANE('',#9337);
#9337 = AXIS2_PLACEMENT_3D('',#9338,#9339,#9340);
#9338 = CARTESIAN_POINT('',(2.6264581915,-0.43,0.282635182233));
#9339 = DIRECTION('',(-0.986841372087,-1.095614012943E-16,
    -0.161691392282));
#9340 = DIRECTION('',(-0.161691392282,-1.795135065956E-17,0.986841372087
    ));
#9341 = ADVANCED_FACE('',(#9342),#9353,.F.);
#9342 = FACE_BOUND('',#9343,.F.);
#9343 = EDGE_LOOP('',(#9344,#9350,#9351,#9352));
#9344 = ORIENTED_EDGE('',*,*,#9345,.T.);
#9345 = EDGE_CURVE('',#7942,#8051,#9346,.T.);
#9346 = LINE('',#9347,#9348);
#9347 = CARTESIAN_POINT('',(2.724938966801,-0.43,0.2));
#9348 = VECTOR('',#9349,1.);
#9349 = DIRECTION('',(1.110223024625E-16,-1.,0.));
#9350 = ORIENTED_EDGE('',*,*,#8058,.T.);
#9351 = ORIENTED_EDGE('',*,*,#9328,.F.);
#9352 = ORIENTED_EDGE('',*,*,#7949,.F.);
#9353 = CYLINDRICAL_SURFACE('',#9354,0.1);
#9354 = AXIS2_PLACEMENT_3D('',#9355,#9356,#9357);
#9355 = CARTESIAN_POINT('',(2.724938966801,-0.43,0.3));
#9356 = DIRECTION('',(-1.110223024625E-16,1.,0.));
#9357 = DIRECTION('',(0.,0.,-1.));
#9358 = ADVANCED_FACE('',(#9359),#9370,.F.);
#9359 = FACE_BOUND('',#9360,.F.);
#9360 = EDGE_LOOP('',(#9361,#9367,#9368,#9369));
#9361 = ORIENTED_EDGE('',*,*,#9362,.T.);
#9362 = EDGE_CURVE('',#7934,#8043,#9363,.T.);
#9363 = LINE('',#9364,#9365);
#9364 = CARTESIAN_POINT('',(3.,-0.43,0.2));
#9365 = VECTOR('',#9366,1.);
#9366 = DIRECTION('',(1.110223024625E-16,-1.,0.));
#9367 = ORIENTED_EDGE('',*,*,#8050,.T.);
#9368 = ORIENTED_EDGE('',*,*,#9345,.F.);
#9369 = ORIENTED_EDGE('',*,*,#7941,.F.);
#9370 = PLANE('',#9371);
#9371 = AXIS2_PLACEMENT_3D('',#9372,#9373,#9374);
#9372 = CARTESIAN_POINT('',(3.,-0.43,0.2));
#9373 = DIRECTION('',(0.,0.,-1.));
#9374 = DIRECTION('',(-1.,-1.110223024625E-16,-0.));
#9375 = ADVANCED_FACE('',(#9376),#9387,.F.);
#9376 = FACE_BOUND('',#9377,.F.);
#9377 = EDGE_LOOP('',(#9378,#9384,#9385,#9386));
#9378 = ORIENTED_EDGE('',*,*,#9379,.T.);
#9379 = EDGE_CURVE('',#7926,#8035,#9380,.T.);
#9380 = LINE('',#9381,#9382);
#9381 = CARTESIAN_POINT('',(3.,-0.43,-1.665334536938E-16));
#9382 = VECTOR('',#9383,1.);
#9383 = DIRECTION('',(1.110223024625E-16,-1.,0.));
#9384 = ORIENTED_EDGE('',*,*,#8042,.T.);
#9385 = ORIENTED_EDGE('',*,*,#9362,.F.);
#9386 = ORIENTED_EDGE('',*,*,#7933,.F.);
#9387 = PLANE('',#9388);
#9388 = AXIS2_PLACEMENT_3D('',#9389,#9390,#9391);
#9389 = CARTESIAN_POINT('',(3.,-0.43,-1.665334536938E-16));
#9390 = DIRECTION('',(-1.,-1.110223024625E-16,0.));
#9391 = DIRECTION('',(0.,0.,1.));
#9392 = ADVANCED_FACE('',(#9393),#9404,.F.);
#9393 = FACE_BOUND('',#9394,.F.);
#9394 = EDGE_LOOP('',(#9395,#9401,#9402,#9403));
#9395 = ORIENTED_EDGE('',*,*,#9396,.T.);
#9396 = EDGE_CURVE('',#7917,#8026,#9397,.T.);
#9397 = LINE('',#9398,#9399);
#9398 = CARTESIAN_POINT('',(2.724938966801,-0.43,-1.665334536938E-16));
#9399 = VECTOR('',#9400,1.);
#9400 = DIRECTION('',(1.110223024625E-16,-1.,0.));
#9401 = ORIENTED_EDGE('',*,*,#8034,.T.);
#9402 = ORIENTED_EDGE('',*,*,#9379,.F.);
#9403 = ORIENTED_EDGE('',*,*,#7925,.F.);
#9404 = PLANE('',#9405);
#9405 = AXIS2_PLACEMENT_3D('',#9406,#9407,#9408);
#9406 = CARTESIAN_POINT('',(2.724938966801,-0.43,-1.665334536938E-16));
#9407 = DIRECTION('',(0.,0.,1.));
#9408 = DIRECTION('',(1.,1.110223024625E-16,-0.));
#9409 = ADVANCED_FACE('',(#9410),#9421,.T.);
#9410 = FACE_BOUND('',#9411,.T.);
#9411 = EDGE_LOOP('',(#9412,#9413,#9414,#9415));
#9412 = ORIENTED_EDGE('',*,*,#7916,.T.);
#9413 = ORIENTED_EDGE('',*,*,#9396,.T.);
#9414 = ORIENTED_EDGE('',*,*,#8025,.F.);
#9415 = ORIENTED_EDGE('',*,*,#9416,.F.);
#9416 = EDGE_CURVE('',#7909,#8018,#9417,.T.);
#9417 = LINE('',#9418,#9419);
#9418 = CARTESIAN_POINT('',(2.429496640897,-0.43,0.2479055467));
#9419 = VECTOR('',#9420,1.);
#9420 = DIRECTION('',(1.110223024625E-16,-1.,0.));
#9421 = CYLINDRICAL_SURFACE('',#9422,0.3);
#9422 = AXIS2_PLACEMENT_3D('',#9423,#9424,#9425);
#9423 = CARTESIAN_POINT('',(2.724938966801,-0.43,0.3));
#9424 = DIRECTION('',(-1.110223024625E-16,1.,0.));
#9425 = DIRECTION('',(-0.984807753012,-1.093356242223E-16,
    -0.173648177667));
#9426 = ADVANCED_FACE('',(#9427),#9433,.F.);
#9427 = FACE_BOUND('',#9428,.F.);
#9428 = EDGE_LOOP('',(#9429,#9430,#9431,#9432));
#9429 = ORIENTED_EDGE('',*,*,#7999,.T.);
#9430 = ORIENTED_EDGE('',*,*,#8017,.T.);
#9431 = ORIENTED_EDGE('',*,*,#9416,.F.);
#9432 = ORIENTED_EDGE('',*,*,#7908,.F.);
#9433 = PLANE('',#9434);
#9434 = AXIS2_PLACEMENT_3D('',#9435,#9436,#9437);
#9435 = CARTESIAN_POINT('',(2.348480775301,-0.43,0.742364817767));
#9436 = DIRECTION('',(0.986841372087,1.095614012943E-16,0.161691392282)
  );
#9437 = DIRECTION('',(0.161691392282,1.795135065956E-17,-0.986841372087)
  );
#9438 = ADVANCED_FACE('',(#9439),#9450,.T.);
#9439 = FACE_BOUND('',#9440,.T.);
#9440 = EDGE_LOOP('',(#9441,#9442,#9443,#9444));
#9441 = ORIENTED_EDGE('',*,*,#8189,.T.);
#9442 = ORIENTED_EDGE('',*,*,#8496,.T.);
#9443 = ORIENTED_EDGE('',*,*,#8298,.F.);
#9444 = ORIENTED_EDGE('',*,*,#9445,.F.);
#9445 = EDGE_CURVE('',#8182,#8291,#9446,.T.);
#9446 = LINE('',#9447,#9448);
#9447 = CARTESIAN_POINT('',(2.545442325904,-1.7,0.7770944533));
#9448 = VECTOR('',#9449,1.);
#9449 = DIRECTION('',(1.110223024625E-16,-1.,0.));
#9450 = CYLINDRICAL_SURFACE('',#9451,0.3);
#9451 = AXIS2_PLACEMENT_3D('',#9452,#9453,#9454);
#9452 = CARTESIAN_POINT('',(2.25,-1.7,0.725));
#9453 = DIRECTION('',(-1.110223024625E-16,1.,0.));
#9454 = DIRECTION('',(0.984807753012,1.093356242223E-16,0.173648177667)
  );
#9455 = ADVANCED_FACE('',(#9456),#9467,.F.);
#9456 = FACE_BOUND('',#9457,.F.);
#9457 = EDGE_LOOP('',(#9458,#9464,#9465,#9466));
#9458 = ORIENTED_EDGE('',*,*,#9459,.T.);
#9459 = EDGE_CURVE('',#8173,#8282,#9460,.T.);
#9460 = LINE('',#9461,#9462);
#9461 = CARTESIAN_POINT('',(2.6264581915,-1.7,0.282635182233));
#9462 = VECTOR('',#9463,1.);
#9463 = DIRECTION('',(1.110223024625E-16,-1.,0.));
#9464 = ORIENTED_EDGE('',*,*,#8290,.T.);
#9465 = ORIENTED_EDGE('',*,*,#9445,.F.);
#9466 = ORIENTED_EDGE('',*,*,#8181,.F.);
#9467 = PLANE('',#9468);
#9468 = AXIS2_PLACEMENT_3D('',#9469,#9470,#9471);
#9469 = CARTESIAN_POINT('',(2.6264581915,-1.7,0.282635182233));
#9470 = DIRECTION('',(-0.986841372087,-1.095614012943E-16,
    -0.161691392282));
#9471 = DIRECTION('',(-0.161691392282,-1.795135065956E-17,0.986841372087
    ));
#9472 = ADVANCED_FACE('',(#9473),#9484,.F.);
#9473 = FACE_BOUND('',#9474,.F.);
#9474 = EDGE_LOOP('',(#9475,#9481,#9482,#9483));
#9475 = ORIENTED_EDGE('',*,*,#9476,.T.);
#9476 = EDGE_CURVE('',#8165,#8274,#9477,.T.);
#9477 = LINE('',#9478,#9479);
#9478 = CARTESIAN_POINT('',(2.724938966801,-1.7,0.2));
#9479 = VECTOR('',#9480,1.);
#9480 = DIRECTION('',(1.110223024625E-16,-1.,0.));
#9481 = ORIENTED_EDGE('',*,*,#8281,.T.);
#9482 = ORIENTED_EDGE('',*,*,#9459,.F.);
#9483 = ORIENTED_EDGE('',*,*,#8172,.F.);
#9484 = CYLINDRICAL_SURFACE('',#9485,0.1);
#9485 = AXIS2_PLACEMENT_3D('',#9486,#9487,#9488);
#9486 = CARTESIAN_POINT('',(2.724938966801,-1.7,0.3));
#9487 = DIRECTION('',(-1.110223024625E-16,1.,0.));
#9488 = DIRECTION('',(0.,0.,-1.));
#9489 = ADVANCED_FACE('',(#9490),#9501,.F.);
#9490 = FACE_BOUND('',#9491,.F.);
#9491 = EDGE_LOOP('',(#9492,#9498,#9499,#9500));
#9492 = ORIENTED_EDGE('',*,*,#9493,.T.);
#9493 = EDGE_CURVE('',#8157,#8266,#9494,.T.);
#9494 = LINE('',#9495,#9496);
#9495 = CARTESIAN_POINT('',(3.,-1.7,0.2));
#9496 = VECTOR('',#9497,1.);
#9497 = DIRECTION('',(1.110223024625E-16,-1.,0.));
#9498 = ORIENTED_EDGE('',*,*,#8273,.T.);
#9499 = ORIENTED_EDGE('',*,*,#9476,.F.);
#9500 = ORIENTED_EDGE('',*,*,#8164,.F.);
#9501 = PLANE('',#9502);
#9502 = AXIS2_PLACEMENT_3D('',#9503,#9504,#9505);
#9503 = CARTESIAN_POINT('',(3.,-1.7,0.2));
#9504 = DIRECTION('',(0.,0.,-1.));
#9505 = DIRECTION('',(-1.,-1.110223024625E-16,-0.));
#9506 = ADVANCED_FACE('',(#9507),#9518,.F.);
#9507 = FACE_BOUND('',#9508,.F.);
#9508 = EDGE_LOOP('',(#9509,#9515,#9516,#9517));
#9509 = ORIENTED_EDGE('',*,*,#9510,.T.);
#9510 = EDGE_CURVE('',#8149,#8258,#9511,.T.);
#9511 = LINE('',#9512,#9513);
#9512 = CARTESIAN_POINT('',(3.,-1.7,-1.665334536938E-16));
#9513 = VECTOR('',#9514,1.);
#9514 = DIRECTION('',(1.110223024625E-16,-1.,0.));
#9515 = ORIENTED_EDGE('',*,*,#8265,.T.);
#9516 = ORIENTED_EDGE('',*,*,#9493,.F.);
#9517 = ORIENTED_EDGE('',*,*,#8156,.F.);
#9518 = PLANE('',#9519);
#9519 = AXIS2_PLACEMENT_3D('',#9520,#9521,#9522);
#9520 = CARTESIAN_POINT('',(3.,-1.7,-1.665334536938E-16));
#9521 = DIRECTION('',(-1.,-1.110223024625E-16,0.));
#9522 = DIRECTION('',(0.,0.,1.));
#9523 = ADVANCED_FACE('',(#9524),#9535,.F.);
#9524 = FACE_BOUND('',#9525,.F.);
#9525 = EDGE_LOOP('',(#9526,#9532,#9533,#9534));
#9526 = ORIENTED_EDGE('',*,*,#9527,.T.);
#9527 = EDGE_CURVE('',#8140,#8249,#9528,.T.);
#9528 = LINE('',#9529,#9530);
#9529 = CARTESIAN_POINT('',(2.724938966801,-1.7,-1.665334536938E-16));
#9530 = VECTOR('',#9531,1.);
#9531 = DIRECTION('',(1.110223024625E-16,-1.,0.));
#9532 = ORIENTED_EDGE('',*,*,#8257,.T.);
#9533 = ORIENTED_EDGE('',*,*,#9510,.F.);
#9534 = ORIENTED_EDGE('',*,*,#8148,.F.);
#9535 = PLANE('',#9536);
#9536 = AXIS2_PLACEMENT_3D('',#9537,#9538,#9539);
#9537 = CARTESIAN_POINT('',(2.724938966801,-1.7,-1.665334536938E-16));
#9538 = DIRECTION('',(0.,0.,1.));
#9539 = DIRECTION('',(1.,1.110223024625E-16,-0.));
#9540 = ADVANCED_FACE('',(#9541),#9552,.T.);
#9541 = FACE_BOUND('',#9542,.T.);
#9542 = EDGE_LOOP('',(#9543,#9544,#9545,#9546));
#9543 = ORIENTED_EDGE('',*,*,#8139,.T.);
#9544 = ORIENTED_EDGE('',*,*,#9527,.T.);
#9545 = ORIENTED_EDGE('',*,*,#8248,.F.);
#9546 = ORIENTED_EDGE('',*,*,#9547,.F.);
#9547 = EDGE_CURVE('',#8132,#8241,#9548,.T.);
#9548 = LINE('',#9549,#9550);
#9549 = CARTESIAN_POINT('',(2.429496640897,-1.7,0.2479055467));
#9550 = VECTOR('',#9551,1.);
#9551 = DIRECTION('',(1.110223024625E-16,-1.,0.));
#9552 = CYLINDRICAL_SURFACE('',#9553,0.3);
#9553 = AXIS2_PLACEMENT_3D('',#9554,#9555,#9556);
#9554 = CARTESIAN_POINT('',(2.724938966801,-1.7,0.3));
#9555 = DIRECTION('',(-1.110223024625E-16,1.,0.));
#9556 = DIRECTION('',(-0.984807753012,-1.093356242223E-16,
    -0.173648177667));
#9557 = ADVANCED_FACE('',(#9558),#9564,.F.);
#9558 = FACE_BOUND('',#9559,.F.);
#9559 = EDGE_LOOP('',(#9560,#9561,#9562,#9563));
#9560 = ORIENTED_EDGE('',*,*,#8222,.T.);
#9561 = ORIENTED_EDGE('',*,*,#8240,.T.);
#9562 = ORIENTED_EDGE('',*,*,#9547,.F.);
#9563 = ORIENTED_EDGE('',*,*,#8131,.F.);
#9564 = PLANE('',#9565);
#9565 = AXIS2_PLACEMENT_3D('',#9566,#9567,#9568);
#9566 = CARTESIAN_POINT('',(2.348480775301,-1.7,0.742364817767));
#9567 = DIRECTION('',(0.986841372087,1.095614012943E-16,0.161691392282)
  );
#9568 = DIRECTION('',(0.161691392282,1.795135065956E-17,-0.986841372087)
  );
#9569 = ADVANCED_FACE('',(#9570),#9571,.F.);
#9570 = FACE_BOUND('',#8422,.T.);
#9571 = PLANE('',#9572);
#9572 = AXIS2_PLACEMENT_3D('',#9573,#9574,#9575);
#9573 = CARTESIAN_POINT('',(-1.110171280765,1.610171280765,1.75));
#9574 = DIRECTION('',(0.,0.,-1.));
#9575 = DIRECTION('',(1.110223024625E-16,-1.,0.));
#9576 = ( GEOMETRIC_REPRESENTATION_CONTEXT(3) 
GLOBAL_UNCERTAINTY_ASSIGNED_CONTEXT((#9580)) 
GLOBAL_UNIT_ASSIGNED_CONTEXT((#9577,#9578,#9579)) REPRESENTATION_CONTEXT
('Context #1','3D Context with UNIT and UNCERTAINTY') );
#9577 = ( LENGTH_UNIT() NAMED_UNIT(*) SI_UNIT(.MILLI.,.METRE.) );
#9578 = ( NAMED_UNIT(*) PLANE_ANGLE_UNIT() SI_UNIT($,.RADIAN.) );
#9579 = ( NAMED_UNIT(*) SI_UNIT($,.STERADIAN.) SOLID_ANGLE_UNIT() );
#9580 = UNCERTAINTY_MEASURE_WITH_UNIT(LENGTH_MEASURE(1.E-07),#9577,
  'distance_accuracy_value','confusion accuracy');
#9581 = CONTEXT_DEPENDENT_SHAPE_REPRESENTATION(#9582,#9584);
#9582 = ( REPRESENTATION_RELATIONSHIP('','',#5107,#10) 
REPRESENTATION_RELATIONSHIP_WITH_TRANSFORMATION(#9583) 
SHAPE_REPRESENTATION_RELATIONSHIP() );
#9583 = ITEM_DEFINED_TRANSFORMATION('','',#11,#43);
#9584 = PRODUCT_DEFINITION_SHAPE('Placement','Placement of an item',
  #9585);
#9585 = NEXT_ASSEMBLY_USAGE_OCCURRENCE('8','U1','',#5,#5102,$);
#9586 = PRODUCT_RELATED_PRODUCT_CATEGORY('part',$,(#5104));
#9587 = SHAPE_DEFINITION_REPRESENTATION(#9588,#9594);
#9588 = PRODUCT_DEFINITION_SHAPE('','',#9589);
#9589 = PRODUCT_DEFINITION('design','',#9590,#9593);
#9590 = PRODUCT_DEFINITION_FORMATION('','',#9591);
#9591 = PRODUCT('streamline_rs485_PCB','streamline_rs485_PCB','',(#9592)
  );
#9592 = PRODUCT_CONTEXT('',#2,'mechanical');
#9593 = PRODUCT_DEFINITION_CONTEXT('part definition',#2,'design');
#9594 = ADVANCED_BREP_SHAPE_REPRESENTATION('',(#11,#9595),#10478);
#9595 = MANIFOLD_SOLID_BREP('',#9596);
#9596 = CLOSED_SHELL('',(#9597,#9639,#9670,#9701,#9905,#10109,#10126,
    #10143,#10160,#10177,#10194,#10211,#10228,#10245,#10262,#10279,
    #10296,#10313,#10330,#10347,#10364,#10381,#10393,#10410,#10427,
    #10444,#10461));
#9597 = ADVANCED_FACE('',(#9598),#9634,.T.);
#9598 = FACE_BOUND('',#9599,.T.);
#9599 = EDGE_LOOP('',(#9600,#9610,#9619,#9627));
#9600 = ORIENTED_EDGE('',*,*,#9601,.T.);
#9601 = EDGE_CURVE('',#9602,#9604,#9606,.T.);
#9602 = VERTEX_POINT('',#9603);
#9603 = CARTESIAN_POINT('',(184.5,-69.5,0.));
#9604 = VERTEX_POINT('',#9605);
#9605 = CARTESIAN_POINT('',(184.5,-69.5,1.51));
#9606 = LINE('',#9607,#9608);
#9607 = CARTESIAN_POINT('',(184.5,-69.5,0.));
#9608 = VECTOR('',#9609,1.);
#9609 = DIRECTION('',(0.,0.,1.));
#9610 = ORIENTED_EDGE('',*,*,#9611,.T.);
#9611 = EDGE_CURVE('',#9604,#9612,#9614,.T.);
#9612 = VERTEX_POINT('',#9613);
#9613 = CARTESIAN_POINT('',(185.,-70.,1.51));
#9614 = CIRCLE('',#9615,0.500001333575);
#9615 = AXIS2_PLACEMENT_3D('',#9616,#9617,#9618);
#9616 = CARTESIAN_POINT('',(184.49999866642,-70.00000133357,1.51));
#9617 = DIRECTION('',(0.,0.,-1.));
#9618 = DIRECTION('',(2.667139134199E-06,0.999999999996,0.));
#9619 = ORIENTED_EDGE('',*,*,#9620,.F.);
#9620 = EDGE_CURVE('',#9621,#9612,#9623,.T.);
#9621 = VERTEX_POINT('',#9622);
#9622 = CARTESIAN_POINT('',(185.,-70.,0.));
#9623 = LINE('',#9624,#9625);
#9624 = CARTESIAN_POINT('',(185.,-70.,0.));
#9625 = VECTOR('',#9626,1.);
#9626 = DIRECTION('',(0.,0.,1.));
#9627 = ORIENTED_EDGE('',*,*,#9628,.F.);
#9628 = EDGE_CURVE('',#9602,#9621,#9629,.T.);
#9629 = CIRCLE('',#9630,0.500001333575);
#9630 = AXIS2_PLACEMENT_3D('',#9631,#9632,#9633);
#9631 = CARTESIAN_POINT('',(184.49999866642,-70.00000133357,0.));
#9632 = DIRECTION('',(0.,0.,-1.));
#9633 = DIRECTION('',(2.667139134199E-06,0.999999999996,0.));
#9634 = CYLINDRICAL_SURFACE('',#9635,0.500001333575);
#9635 = AXIS2_PLACEMENT_3D('',#9636,#9637,#9638);
#9636 = CARTESIAN_POINT('',(184.49999866642,-70.00000133357,0.));
#9637 = DIRECTION('',(0.,0.,-1.));
#9638 = DIRECTION('',(2.667139134199E-06,0.999999999996,0.));
#9639 = ADVANCED_FACE('',(#9640),#9665,.T.);
#9640 = FACE_BOUND('',#9641,.T.);
#9641 = EDGE_LOOP('',(#9642,#9652,#9658,#9659));
#9642 = ORIENTED_EDGE('',*,*,#9643,.T.);
#9643 = EDGE_CURVE('',#9644,#9646,#9648,.T.);
#9644 = VERTEX_POINT('',#9645);
#9645 = CARTESIAN_POINT('',(115.5,-69.5,0.));
#9646 = VERTEX_POINT('',#9647);
#9647 = CARTESIAN_POINT('',(115.5,-69.5,1.51));
#9648 = LINE('',#9649,#9650);
#9649 = CARTESIAN_POINT('',(115.5,-69.5,0.));
#9650 = VECTOR('',#9651,1.);
#9651 = DIRECTION('',(0.,0.,1.));
#9652 = ORIENTED_EDGE('',*,*,#9653,.T.);
#9653 = EDGE_CURVE('',#9646,#9604,#9654,.T.);
#9654 = LINE('',#9655,#9656);
#9655 = CARTESIAN_POINT('',(115.5,-69.5,1.51));
#9656 = VECTOR('',#9657,1.);
#9657 = DIRECTION('',(1.,0.,0.));
#9658 = ORIENTED_EDGE('',*,*,#9601,.F.);
#9659 = ORIENTED_EDGE('',*,*,#9660,.F.);
#9660 = EDGE_CURVE('',#9644,#9602,#9661,.T.);
#9661 = LINE('',#9662,#9663);
#9662 = CARTESIAN_POINT('',(115.5,-69.5,0.));
#9663 = VECTOR('',#9664,1.);
#9664 = DIRECTION('',(1.,0.,0.));
#9665 = PLANE('',#9666);
#9666 = AXIS2_PLACEMENT_3D('',#9667,#9668,#9669);
#9667 = CARTESIAN_POINT('',(115.5,-69.5,0.));
#9668 = DIRECTION('',(0.,1.,0.));
#9669 = DIRECTION('',(1.,0.,0.));
#9670 = ADVANCED_FACE('',(#9671),#9696,.T.);
#9671 = FACE_BOUND('',#9672,.T.);
#9672 = EDGE_LOOP('',(#9673,#9674,#9682,#9690));
#9673 = ORIENTED_EDGE('',*,*,#9620,.T.);
#9674 = ORIENTED_EDGE('',*,*,#9675,.T.);
#9675 = EDGE_CURVE('',#9612,#9676,#9678,.T.);
#9676 = VERTEX_POINT('',#9677);
#9677 = CARTESIAN_POINT('',(185.,-112.,1.51));
#9678 = LINE('',#9679,#9680);
#9679 = CARTESIAN_POINT('',(185.,-70.,1.51));
#9680 = VECTOR('',#9681,1.);
#9681 = DIRECTION('',(0.,-1.,0.));
#9682 = ORIENTED_EDGE('',*,*,#9683,.F.);
#9683 = EDGE_CURVE('',#9684,#9676,#9686,.T.);
#9684 = VERTEX_POINT('',#9685);
#9685 = CARTESIAN_POINT('',(185.,-112.,0.));
#9686 = LINE('',#9687,#9688);
#9687 = CARTESIAN_POINT('',(185.,-112.,0.));
#9688 = VECTOR('',#9689,1.);
#9689 = DIRECTION('',(0.,0.,1.));
#9690 = ORIENTED_EDGE('',*,*,#9691,.F.);
#9691 = EDGE_CURVE('',#9621,#9684,#9692,.T.);
#9692 = LINE('',#9693,#9694);
#9693 = CARTESIAN_POINT('',(185.,-70.,0.));
#9694 = VECTOR('',#9695,1.);
#9695 = DIRECTION('',(0.,-1.,0.));
#9696 = PLANE('',#9697);
#9697 = AXIS2_PLACEMENT_3D('',#9698,#9699,#9700);
#9698 = CARTESIAN_POINT('',(185.,-70.,0.));
#9699 = DIRECTION('',(1.,0.,-0.));
#9700 = DIRECTION('',(0.,-1.,0.));
#9701 = ADVANCED_FACE('',(#9702,#9845,#9856,#9867,#9878,#9889),#9900,.F.
  );
#9702 = FACE_BOUND('',#9703,.F.);
#9703 = EDGE_LOOP('',(#9704,#9705,#9706,#9715,#9723,#9732,#9740,#9748,
    #9756,#9764,#9772,#9780,#9789,#9797,#9805,#9813,#9821,#9829,#9837,
    #9844));
#9704 = ORIENTED_EDGE('',*,*,#9628,.F.);
#9705 = ORIENTED_EDGE('',*,*,#9660,.F.);
#9706 = ORIENTED_EDGE('',*,*,#9707,.F.);
#9707 = EDGE_CURVE('',#9708,#9644,#9710,.T.);
#9708 = VERTEX_POINT('',#9709);
#9709 = CARTESIAN_POINT('',(115.,-69.999999,0.));
#9710 = CIRCLE('',#9711,0.499994505228);
#9711 = AXIS2_PLACEMENT_3D('',#9712,#9713,#9714);
#9712 = CARTESIAN_POINT('',(115.4999945052,-69.99999450519,0.));
#9713 = DIRECTION('',(0.,0.,-1.));
#9714 = DIRECTION('',(-0.99999999996,-8.98970367191E-06,-0.));
#9715 = ORIENTED_EDGE('',*,*,#9716,.F.);
#9716 = EDGE_CURVE('',#9717,#9708,#9719,.T.);
#9717 = VERTEX_POINT('',#9718);
#9718 = CARTESIAN_POINT('',(115.,-112.,0.));
#9719 = LINE('',#9720,#9721);
#9720 = CARTESIAN_POINT('',(115.,-112.,0.));
#9721 = VECTOR('',#9722,1.);
#9722 = DIRECTION('',(0.,1.,0.));
#9723 = ORIENTED_EDGE('',*,*,#9724,.F.);
#9724 = EDGE_CURVE('',#9725,#9717,#9727,.T.);
#9725 = VERTEX_POINT('',#9726);
#9726 = CARTESIAN_POINT('',(115.499999,-112.500001,0.));
#9727 = CIRCLE('',#9728,0.499999626465);
#9728 = AXIS2_PLACEMENT_3D('',#9729,#9730,#9731);
#9729 = CARTESIAN_POINT('',(115.49999962646,-112.0000013735,0.));
#9730 = DIRECTION('',(0.,0.,-1.));
#9731 = DIRECTION('',(-1.252926635216E-06,-0.999999999999,-0.));
#9732 = ORIENTED_EDGE('',*,*,#9733,.F.);
#9733 = EDGE_CURVE('',#9734,#9725,#9736,.T.);
#9734 = VERTEX_POINT('',#9735);
#9735 = CARTESIAN_POINT('',(124.85,-112.5,0.));
#9736 = LINE('',#9737,#9738);
#9737 = CARTESIAN_POINT('',(124.85,-112.5,0.));
#9738 = VECTOR('',#9739,1.);
#9739 = DIRECTION('',(-1.,-1.06951859949E-07,0.));
#9740 = ORIENTED_EDGE('',*,*,#9741,.F.);
#9741 = EDGE_CURVE('',#9742,#9734,#9744,.T.);
#9742 = VERTEX_POINT('',#9743);
#9743 = CARTESIAN_POINT('',(124.85,-120.45,0.));
#9744 = LINE('',#9745,#9746);
#9745 = CARTESIAN_POINT('',(124.85,-120.45,0.));
#9746 = VECTOR('',#9747,1.);
#9747 = DIRECTION('',(0.,1.,0.));
#9748 = ORIENTED_EDGE('',*,*,#9749,.F.);
#9749 = EDGE_CURVE('',#9750,#9742,#9752,.T.);
#9750 = VERTEX_POINT('',#9751);
#9751 = CARTESIAN_POINT('',(125.35,-120.95,0.));
#9752 = LINE('',#9753,#9754);
#9753 = CARTESIAN_POINT('',(125.35,-120.95,0.));
#9754 = VECTOR('',#9755,1.);
#9755 = DIRECTION('',(-0.707106781187,0.707106781187,0.));
#9756 = ORIENTED_EDGE('',*,*,#9757,.F.);
#9757 = EDGE_CURVE('',#9758,#9750,#9760,.T.);
#9758 = VERTEX_POINT('',#9759);
#9759 = CARTESIAN_POINT('',(135.55,-120.95,0.));
#9760 = LINE('',#9761,#9762);
#9761 = CARTESIAN_POINT('',(135.55,-120.95,0.));
#9762 = VECTOR('',#9763,1.);
#9763 = DIRECTION('',(-1.,0.,0.));
#9764 = ORIENTED_EDGE('',*,*,#9765,.F.);
#9765 = EDGE_CURVE('',#9766,#9758,#9768,.T.);
#9766 = VERTEX_POINT('',#9767);
#9767 = CARTESIAN_POINT('',(136.05,-120.45,0.));
#9768 = LINE('',#9769,#9770);
#9769 = CARTESIAN_POINT('',(136.05,-120.45,0.));
#9770 = VECTOR('',#9771,1.);
#9771 = DIRECTION('',(-0.707106781187,-0.707106781187,0.));
#9772 = ORIENTED_EDGE('',*,*,#9773,.F.);
#9773 = EDGE_CURVE('',#9774,#9766,#9776,.T.);
#9774 = VERTEX_POINT('',#9775);
#9775 = CARTESIAN_POINT('',(136.05,-113.5,0.));
#9776 = LINE('',#9777,#9778);
#9777 = CARTESIAN_POINT('',(136.05,-113.5,0.));
#9778 = VECTOR('',#9779,1.);
#9779 = DIRECTION('',(0.,-1.,0.));
#9780 = ORIENTED_EDGE('',*,*,#9781,.F.);
#9781 = EDGE_CURVE('',#9782,#9774,#9784,.T.);
#9782 = VERTEX_POINT('',#9783);
#9783 = CARTESIAN_POINT('',(137.95,-113.5,0.));
#9784 = CIRCLE('',#9785,0.95);
#9785 = AXIS2_PLACEMENT_3D('',#9786,#9787,#9788);
#9786 = CARTESIAN_POINT('',(137.,-113.5,0.));
#9787 = DIRECTION('',(0.,0.,1.));
#9788 = DIRECTION('',(1.,0.,-0.));
#9789 = ORIENTED_EDGE('',*,*,#9790,.F.);
#9790 = EDGE_CURVE('',#9791,#9782,#9793,.T.);
#9791 = VERTEX_POINT('',#9792);
#9792 = CARTESIAN_POINT('',(137.95,-120.45,0.));
#9793 = LINE('',#9794,#9795);
#9794 = CARTESIAN_POINT('',(137.95,-120.45,0.));
#9795 = VECTOR('',#9796,1.);
#9796 = DIRECTION('',(0.,1.,0.));
#9797 = ORIENTED_EDGE('',*,*,#9798,.F.);
#9798 = EDGE_CURVE('',#9799,#9791,#9801,.T.);
#9799 = VERTEX_POINT('',#9800);
#9800 = CARTESIAN_POINT('',(138.45,-120.95,0.));
#9801 = LINE('',#9802,#9803);
#9802 = CARTESIAN_POINT('',(138.45,-120.95,0.));
#9803 = VECTOR('',#9804,1.);
#9804 = DIRECTION('',(-0.707106781187,0.707106781187,0.));
#9805 = ORIENTED_EDGE('',*,*,#9806,.F.);
#9806 = EDGE_CURVE('',#9807,#9799,#9809,.T.);
#9807 = VERTEX_POINT('',#9808);
#9808 = CARTESIAN_POINT('',(175.65,-120.95,0.));
#9809 = LINE('',#9810,#9811);
#9810 = CARTESIAN_POINT('',(175.65,-120.95,0.));
#9811 = VECTOR('',#9812,1.);
#9812 = DIRECTION('',(-1.,0.,0.));
#9813 = ORIENTED_EDGE('',*,*,#9814,.F.);
#9814 = EDGE_CURVE('',#9815,#9807,#9817,.T.);
#9815 = VERTEX_POINT('',#9816);
#9816 = CARTESIAN_POINT('',(176.15,-120.45,0.));
#9817 = LINE('',#9818,#9819);
#9818 = CARTESIAN_POINT('',(176.15,-120.45,0.));
#9819 = VECTOR('',#9820,1.);
#9820 = DIRECTION('',(-0.707106781187,-0.707106781187,0.));
#9821 = ORIENTED_EDGE('',*,*,#9822,.F.);
#9822 = EDGE_CURVE('',#9823,#9815,#9825,.T.);
#9823 = VERTEX_POINT('',#9824);
#9824 = CARTESIAN_POINT('',(176.15,-112.5,0.));
#9825 = LINE('',#9826,#9827);
#9826 = CARTESIAN_POINT('',(176.15,-112.5,0.));
#9827 = VECTOR('',#9828,1.);
#9828 = DIRECTION('',(0.,-1.,0.));
#9829 = ORIENTED_EDGE('',*,*,#9830,.F.);
#9830 = EDGE_CURVE('',#9831,#9823,#9833,.T.);
#9831 = VERTEX_POINT('',#9832);
#9832 = CARTESIAN_POINT('',(184.5,-112.5,0.));
#9833 = LINE('',#9834,#9835);
#9834 = CARTESIAN_POINT('',(184.5,-112.5,0.));
#9835 = VECTOR('',#9836,1.);
#9836 = DIRECTION('',(-1.,0.,0.));
#9837 = ORIENTED_EDGE('',*,*,#9838,.F.);
#9838 = EDGE_CURVE('',#9684,#9831,#9839,.T.);
#9839 = CIRCLE('',#9840,0.500001333575);
#9840 = AXIS2_PLACEMENT_3D('',#9841,#9842,#9843);
#9841 = CARTESIAN_POINT('',(184.49999866642,-111.9999986664,0.));
#9842 = DIRECTION('',(0.,0.,-1.));
#9843 = DIRECTION('',(0.999999999996,-2.667139134199E-06,0.));
#9844 = ORIENTED_EDGE('',*,*,#9691,.F.);
#9845 = FACE_BOUND('',#9846,.F.);
#9846 = EDGE_LOOP('',(#9847));
#9847 = ORIENTED_EDGE('',*,*,#9848,.T.);
#9848 = EDGE_CURVE('',#9849,#9849,#9851,.T.);
#9849 = VERTEX_POINT('',#9850);
#9850 = CARTESIAN_POINT('',(174.8,-103.6,0.));
#9851 = CIRCLE('',#9852,0.7);
#9852 = AXIS2_PLACEMENT_3D('',#9853,#9854,#9855);
#9853 = CARTESIAN_POINT('',(174.8,-102.9,0.));
#9854 = DIRECTION('',(-0.,0.,-1.));
#9855 = DIRECTION('',(-0.,-1.,0.));
#9856 = FACE_BOUND('',#9857,.F.);
#9857 = EDGE_LOOP('',(#9858));
#9858 = ORIENTED_EDGE('',*,*,#9859,.T.);
#9859 = EDGE_CURVE('',#9860,#9860,#9862,.T.);
#9860 = VERTEX_POINT('',#9861);
#9861 = CARTESIAN_POINT('',(174.8,-98.52,0.));
#9862 = CIRCLE('',#9863,0.7);
#9863 = AXIS2_PLACEMENT_3D('',#9864,#9865,#9866);
#9864 = CARTESIAN_POINT('',(174.8,-97.82,0.));
#9865 = DIRECTION('',(-0.,0.,-1.));
#9866 = DIRECTION('',(-0.,-1.,0.));
#9867 = FACE_BOUND('',#9868,.F.);
#9868 = EDGE_LOOP('',(#9869));
#9869 = ORIENTED_EDGE('',*,*,#9870,.T.);
#9870 = EDGE_CURVE('',#9871,#9871,#9873,.T.);
#9871 = VERTEX_POINT('',#9872);
#9872 = CARTESIAN_POINT('',(174.8,-93.44,0.));
#9873 = CIRCLE('',#9874,0.7);
#9874 = AXIS2_PLACEMENT_3D('',#9875,#9876,#9877);
#9875 = CARTESIAN_POINT('',(174.8,-92.74,0.));
#9876 = DIRECTION('',(-0.,0.,-1.));
#9877 = DIRECTION('',(-0.,-1.,0.));
#9878 = FACE_BOUND('',#9879,.F.);
#9879 = EDGE_LOOP('',(#9880));
#9880 = ORIENTED_EDGE('',*,*,#9881,.T.);
#9881 = EDGE_CURVE('',#9882,#9882,#9884,.T.);
#9882 = VERTEX_POINT('',#9883);
#9883 = CARTESIAN_POINT('',(118.,-74.,0.));
#9884 = CIRCLE('',#9885,1.5);
#9885 = AXIS2_PLACEMENT_3D('',#9886,#9887,#9888);
#9886 = CARTESIAN_POINT('',(118.,-72.5,0.));
#9887 = DIRECTION('',(-0.,0.,-1.));
#9888 = DIRECTION('',(-0.,-1.,0.));
#9889 = FACE_BOUND('',#9890,.F.);
#9890 = EDGE_LOOP('',(#9891));
#9891 = ORIENTED_EDGE('',*,*,#9892,.T.);
#9892 = EDGE_CURVE('',#9893,#9893,#9895,.T.);
#9893 = VERTEX_POINT('',#9894);
#9894 = CARTESIAN_POINT('',(182.,-74.,0.));
#9895 = CIRCLE('',#9896,1.5);
#9896 = AXIS2_PLACEMENT_3D('',#9897,#9898,#9899);
#9897 = CARTESIAN_POINT('',(182.,-72.5,0.));
#9898 = DIRECTION('',(-0.,0.,-1.));
#9899 = DIRECTION('',(-0.,-1.,0.));
#9900 = PLANE('',#9901);
#9901 = AXIS2_PLACEMENT_3D('',#9902,#9903,#9904);
#9902 = CARTESIAN_POINT('',(0.,0.,0.));
#9903 = DIRECTION('',(0.,0.,1.));
#9904 = DIRECTION('',(1.,0.,-0.));
#9905 = ADVANCED_FACE('',(#9906,#10049,#10060,#10071,#10082,#10093),
  #10104,.T.);
#9906 = FACE_BOUND('',#9907,.T.);
#9907 = EDGE_LOOP('',(#9908,#9909,#9910,#9919,#9927,#9936,#9944,#9952,
    #9960,#9968,#9976,#9984,#9993,#10001,#10009,#10017,#10025,#10033,
    #10041,#10048));
#9908 = ORIENTED_EDGE('',*,*,#9611,.F.);
#9909 = ORIENTED_EDGE('',*,*,#9653,.F.);
#9910 = ORIENTED_EDGE('',*,*,#9911,.F.);
#9911 = EDGE_CURVE('',#9912,#9646,#9914,.T.);
#9912 = VERTEX_POINT('',#9913);
#9913 = CARTESIAN_POINT('',(115.,-69.999999,1.51));
#9914 = CIRCLE('',#9915,0.499994505228);
#9915 = AXIS2_PLACEMENT_3D('',#9916,#9917,#9918);
#9916 = CARTESIAN_POINT('',(115.4999945052,-69.99999450519,1.51));
#9917 = DIRECTION('',(0.,0.,-1.));
#9918 = DIRECTION('',(-0.99999999996,-8.98970367191E-06,-0.));
#9919 = ORIENTED_EDGE('',*,*,#9920,.F.);
#9920 = EDGE_CURVE('',#9921,#9912,#9923,.T.);
#9921 = VERTEX_POINT('',#9922);
#9922 = CARTESIAN_POINT('',(115.,-112.,1.51));
#9923 = LINE('',#9924,#9925);
#9924 = CARTESIAN_POINT('',(115.,-112.,1.51));
#9925 = VECTOR('',#9926,1.);
#9926 = DIRECTION('',(0.,1.,0.));
#9927 = ORIENTED_EDGE('',*,*,#9928,.F.);
#9928 = EDGE_CURVE('',#9929,#9921,#9931,.T.);
#9929 = VERTEX_POINT('',#9930);
#9930 = CARTESIAN_POINT('',(115.499999,-112.500001,1.51));
#9931 = CIRCLE('',#9932,0.499999626465);
#9932 = AXIS2_PLACEMENT_3D('',#9933,#9934,#9935);
#9933 = CARTESIAN_POINT('',(115.49999962646,-112.0000013735,1.51));
#9934 = DIRECTION('',(0.,0.,-1.));
#9935 = DIRECTION('',(-1.252926635216E-06,-0.999999999999,-0.));
#9936 = ORIENTED_EDGE('',*,*,#9937,.F.);
#9937 = EDGE_CURVE('',#9938,#9929,#9940,.T.);
#9938 = VERTEX_POINT('',#9939);
#9939 = CARTESIAN_POINT('',(124.85,-112.5,1.51));
#9940 = LINE('',#9941,#9942);
#9941 = CARTESIAN_POINT('',(124.85,-112.5,1.51));
#9942 = VECTOR('',#9943,1.);
#9943 = DIRECTION('',(-1.,-1.06951859949E-07,0.));
#9944 = ORIENTED_EDGE('',*,*,#9945,.F.);
#9945 = EDGE_CURVE('',#9946,#9938,#9948,.T.);
#9946 = VERTEX_POINT('',#9947);
#9947 = CARTESIAN_POINT('',(124.85,-120.45,1.51));
#9948 = LINE('',#9949,#9950);
#9949 = CARTESIAN_POINT('',(124.85,-120.45,1.51));
#9950 = VECTOR('',#9951,1.);
#9951 = DIRECTION('',(0.,1.,0.));
#9952 = ORIENTED_EDGE('',*,*,#9953,.F.);
#9953 = EDGE_CURVE('',#9954,#9946,#9956,.T.);
#9954 = VERTEX_POINT('',#9955);
#9955 = CARTESIAN_POINT('',(125.35,-120.95,1.51));
#9956 = LINE('',#9957,#9958);
#9957 = CARTESIAN_POINT('',(125.35,-120.95,1.51));
#9958 = VECTOR('',#9959,1.);
#9959 = DIRECTION('',(-0.707106781187,0.707106781187,0.));
#9960 = ORIENTED_EDGE('',*,*,#9961,.F.);
#9961 = EDGE_CURVE('',#9962,#9954,#9964,.T.);
#9962 = VERTEX_POINT('',#9963);
#9963 = CARTESIAN_POINT('',(135.55,-120.95,1.51));
#9964 = LINE('',#9965,#9966);
#9965 = CARTESIAN_POINT('',(135.55,-120.95,1.51));
#9966 = VECTOR('',#9967,1.);
#9967 = DIRECTION('',(-1.,0.,0.));
#9968 = ORIENTED_EDGE('',*,*,#9969,.F.);
#9969 = EDGE_CURVE('',#9970,#9962,#9972,.T.);
#9970 = VERTEX_POINT('',#9971);
#9971 = CARTESIAN_POINT('',(136.05,-120.45,1.51));
#9972 = LINE('',#9973,#9974);
#9973 = CARTESIAN_POINT('',(136.05,-120.45,1.51));
#9974 = VECTOR('',#9975,1.);
#9975 = DIRECTION('',(-0.707106781187,-0.707106781187,0.));
#9976 = ORIENTED_EDGE('',*,*,#9977,.F.);
#9977 = EDGE_CURVE('',#9978,#9970,#9980,.T.);
#9978 = VERTEX_POINT('',#9979);
#9979 = CARTESIAN_POINT('',(136.05,-113.5,1.51));
#9980 = LINE('',#9981,#9982);
#9981 = CARTESIAN_POINT('',(136.05,-113.5,1.51));
#9982 = VECTOR('',#9983,1.);
#9983 = DIRECTION('',(0.,-1.,0.));
#9984 = ORIENTED_EDGE('',*,*,#9985,.F.);
#9985 = EDGE_CURVE('',#9986,#9978,#9988,.T.);
#9986 = VERTEX_POINT('',#9987);
#9987 = CARTESIAN_POINT('',(137.95,-113.5,1.51));
#9988 = CIRCLE('',#9989,0.95);
#9989 = AXIS2_PLACEMENT_3D('',#9990,#9991,#9992);
#9990 = CARTESIAN_POINT('',(137.,-113.5,1.51));
#9991 = DIRECTION('',(0.,0.,1.));
#9992 = DIRECTION('',(1.,0.,-0.));
#9993 = ORIENTED_EDGE('',*,*,#9994,.F.);
#9994 = EDGE_CURVE('',#9995,#9986,#9997,.T.);
#9995 = VERTEX_POINT('',#9996);
#9996 = CARTESIAN_POINT('',(137.95,-120.45,1.51));
#9997 = LINE('',#9998,#9999);
#9998 = CARTESIAN_POINT('',(137.95,-120.45,1.51));
#9999 = VECTOR('',#10000,1.);
#10000 = DIRECTION('',(0.,1.,0.));
#10001 = ORIENTED_EDGE('',*,*,#10002,.F.);
#10002 = EDGE_CURVE('',#10003,#9995,#10005,.T.);
#10003 = VERTEX_POINT('',#10004);
#10004 = CARTESIAN_POINT('',(138.45,-120.95,1.51));
#10005 = LINE('',#10006,#10007);
#10006 = CARTESIAN_POINT('',(138.45,-120.95,1.51));
#10007 = VECTOR('',#10008,1.);
#10008 = DIRECTION('',(-0.707106781187,0.707106781187,0.));
#10009 = ORIENTED_EDGE('',*,*,#10010,.F.);
#10010 = EDGE_CURVE('',#10011,#10003,#10013,.T.);
#10011 = VERTEX_POINT('',#10012);
#10012 = CARTESIAN_POINT('',(175.65,-120.95,1.51));
#10013 = LINE('',#10014,#10015);
#10014 = CARTESIAN_POINT('',(175.65,-120.95,1.51));
#10015 = VECTOR('',#10016,1.);
#10016 = DIRECTION('',(-1.,0.,0.));
#10017 = ORIENTED_EDGE('',*,*,#10018,.F.);
#10018 = EDGE_CURVE('',#10019,#10011,#10021,.T.);
#10019 = VERTEX_POINT('',#10020);
#10020 = CARTESIAN_POINT('',(176.15,-120.45,1.51));
#10021 = LINE('',#10022,#10023);
#10022 = CARTESIAN_POINT('',(176.15,-120.45,1.51));
#10023 = VECTOR('',#10024,1.);
#10024 = DIRECTION('',(-0.707106781187,-0.707106781187,0.));
#10025 = ORIENTED_EDGE('',*,*,#10026,.F.);
#10026 = EDGE_CURVE('',#10027,#10019,#10029,.T.);
#10027 = VERTEX_POINT('',#10028);
#10028 = CARTESIAN_POINT('',(176.15,-112.5,1.51));
#10029 = LINE('',#10030,#10031);
#10030 = CARTESIAN_POINT('',(176.15,-112.5,1.51));
#10031 = VECTOR('',#10032,1.);
#10032 = DIRECTION('',(0.,-1.,0.));
#10033 = ORIENTED_EDGE('',*,*,#10034,.F.);
#10034 = EDGE_CURVE('',#10035,#10027,#10037,.T.);
#10035 = VERTEX_POINT('',#10036);
#10036 = CARTESIAN_POINT('',(184.5,-112.5,1.51));
#10037 = LINE('',#10038,#10039);
#10038 = CARTESIAN_POINT('',(184.5,-112.5,1.51));
#10039 = VECTOR('',#10040,1.);
#10040 = DIRECTION('',(-1.,0.,0.));
#10041 = ORIENTED_EDGE('',*,*,#10042,.F.);
#10042 = EDGE_CURVE('',#9676,#10035,#10043,.T.);
#10043 = CIRCLE('',#10044,0.500001333575);
#10044 = AXIS2_PLACEMENT_3D('',#10045,#10046,#10047);
#10045 = CARTESIAN_POINT('',(184.49999866642,-111.9999986664,1.51));
#10046 = DIRECTION('',(0.,0.,-1.));
#10047 = DIRECTION('',(0.999999999996,-2.667139134199E-06,0.));
#10048 = ORIENTED_EDGE('',*,*,#9675,.F.);
#10049 = FACE_BOUND('',#10050,.T.);
#10050 = EDGE_LOOP('',(#10051));
#10051 = ORIENTED_EDGE('',*,*,#10052,.T.);
#10052 = EDGE_CURVE('',#10053,#10053,#10055,.T.);
#10053 = VERTEX_POINT('',#10054);
#10054 = CARTESIAN_POINT('',(174.8,-103.6,1.51));
#10055 = CIRCLE('',#10056,0.7);
#10056 = AXIS2_PLACEMENT_3D('',#10057,#10058,#10059);
#10057 = CARTESIAN_POINT('',(174.8,-102.9,1.51));
#10058 = DIRECTION('',(-0.,0.,-1.));
#10059 = DIRECTION('',(-0.,-1.,0.));
#10060 = FACE_BOUND('',#10061,.T.);
#10061 = EDGE_LOOP('',(#10062));
#10062 = ORIENTED_EDGE('',*,*,#10063,.T.);
#10063 = EDGE_CURVE('',#10064,#10064,#10066,.T.);
#10064 = VERTEX_POINT('',#10065);
#10065 = CARTESIAN_POINT('',(174.8,-98.52,1.51));
#10066 = CIRCLE('',#10067,0.7);
#10067 = AXIS2_PLACEMENT_3D('',#10068,#10069,#10070);
#10068 = CARTESIAN_POINT('',(174.8,-97.82,1.51));
#10069 = DIRECTION('',(-0.,0.,-1.));
#10070 = DIRECTION('',(-0.,-1.,0.));
#10071 = FACE_BOUND('',#10072,.T.);
#10072 = EDGE_LOOP('',(#10073));
#10073 = ORIENTED_EDGE('',*,*,#10074,.T.);
#10074 = EDGE_CURVE('',#10075,#10075,#10077,.T.);
#10075 = VERTEX_POINT('',#10076);
#10076 = CARTESIAN_POINT('',(174.8,-93.44,1.51));
#10077 = CIRCLE('',#10078,0.7);
#10078 = AXIS2_PLACEMENT_3D('',#10079,#10080,#10081);
#10079 = CARTESIAN_POINT('',(174.8,-92.74,1.51));
#10080 = DIRECTION('',(-0.,0.,-1.));
#10081 = DIRECTION('',(-0.,-1.,0.));
#10082 = FACE_BOUND('',#10083,.T.);
#10083 = EDGE_LOOP('',(#10084));
#10084 = ORIENTED_EDGE('',*,*,#10085,.T.);
#10085 = EDGE_CURVE('',#10086,#10086,#10088,.T.);
#10086 = VERTEX_POINT('',#10087);
#10087 = CARTESIAN_POINT('',(118.,-74.,1.51));
#10088 = CIRCLE('',#10089,1.5);
#10089 = AXIS2_PLACEMENT_3D('',#10090,#10091,#10092);
#10090 = CARTESIAN_POINT('',(118.,-72.5,1.51));
#10091 = DIRECTION('',(-0.,0.,-1.));
#10092 = DIRECTION('',(-0.,-1.,0.));
#10093 = FACE_BOUND('',#10094,.T.);
#10094 = EDGE_LOOP('',(#10095));
#10095 = ORIENTED_EDGE('',*,*,#10096,.T.);
#10096 = EDGE_CURVE('',#10097,#10097,#10099,.T.);
#10097 = VERTEX_POINT('',#10098);
#10098 = CARTESIAN_POINT('',(182.,-74.,1.51));
#10099 = CIRCLE('',#10100,1.5);
#10100 = AXIS2_PLACEMENT_3D('',#10101,#10102,#10103);
#10101 = CARTESIAN_POINT('',(182.,-72.5,1.51));
#10102 = DIRECTION('',(-0.,0.,-1.));
#10103 = DIRECTION('',(-0.,-1.,0.));
#10104 = PLANE('',#10105);
#10105 = AXIS2_PLACEMENT_3D('',#10106,#10107,#10108);
#10106 = CARTESIAN_POINT('',(0.,0.,1.51));
#10107 = DIRECTION('',(0.,0.,1.));
#10108 = DIRECTION('',(1.,0.,-0.));
#10109 = ADVANCED_FACE('',(#10110),#10121,.T.);
#10110 = FACE_BOUND('',#10111,.T.);
#10111 = EDGE_LOOP('',(#10112,#10118,#10119,#10120));
#10112 = ORIENTED_EDGE('',*,*,#10113,.T.);
#10113 = EDGE_CURVE('',#9708,#9912,#10114,.T.);
#10114 = LINE('',#10115,#10116);
#10115 = CARTESIAN_POINT('',(115.,-69.999999,0.));
#10116 = VECTOR('',#10117,1.);
#10117 = DIRECTION('',(0.,0.,1.));
#10118 = ORIENTED_EDGE('',*,*,#9911,.T.);
#10119 = ORIENTED_EDGE('',*,*,#9643,.F.);
#10120 = ORIENTED_EDGE('',*,*,#9707,.F.);
#10121 = CYLINDRICAL_SURFACE('',#10122,0.499994505228);
#10122 = AXIS2_PLACEMENT_3D('',#10123,#10124,#10125);
#10123 = CARTESIAN_POINT('',(115.4999945052,-69.99999450519,0.));
#10124 = DIRECTION('',(0.,0.,-1.));
#10125 = DIRECTION('',(-0.99999999996,-8.98970367191E-06,-0.));
#10126 = ADVANCED_FACE('',(#10127),#10138,.T.);
#10127 = FACE_BOUND('',#10128,.T.);
#10128 = EDGE_LOOP('',(#10129,#10130,#10131,#10137));
#10129 = ORIENTED_EDGE('',*,*,#9683,.T.);
#10130 = ORIENTED_EDGE('',*,*,#10042,.T.);
#10131 = ORIENTED_EDGE('',*,*,#10132,.F.);
#10132 = EDGE_CURVE('',#9831,#10035,#10133,.T.);
#10133 = LINE('',#10134,#10135);
#10134 = CARTESIAN_POINT('',(184.5,-112.5,0.));
#10135 = VECTOR('',#10136,1.);
#10136 = DIRECTION('',(0.,0.,1.));
#10137 = ORIENTED_EDGE('',*,*,#9838,.F.);
#10138 = CYLINDRICAL_SURFACE('',#10139,0.500001333575);
#10139 = AXIS2_PLACEMENT_3D('',#10140,#10141,#10142);
#10140 = CARTESIAN_POINT('',(184.49999866642,-111.9999986664,0.));
#10141 = DIRECTION('',(0.,0.,-1.));
#10142 = DIRECTION('',(0.999999999996,-2.667139134199E-06,0.));
#10143 = ADVANCED_FACE('',(#10144),#10155,.T.);
#10144 = FACE_BOUND('',#10145,.T.);
#10145 = EDGE_LOOP('',(#10146,#10152,#10153,#10154));
#10146 = ORIENTED_EDGE('',*,*,#10147,.T.);
#10147 = EDGE_CURVE('',#9717,#9921,#10148,.T.);
#10148 = LINE('',#10149,#10150);
#10149 = CARTESIAN_POINT('',(115.,-112.,0.));
#10150 = VECTOR('',#10151,1.);
#10151 = DIRECTION('',(0.,0.,1.));
#10152 = ORIENTED_EDGE('',*,*,#9920,.T.);
#10153 = ORIENTED_EDGE('',*,*,#10113,.F.);
#10154 = ORIENTED_EDGE('',*,*,#9716,.F.);
#10155 = PLANE('',#10156);
#10156 = AXIS2_PLACEMENT_3D('',#10157,#10158,#10159);
#10157 = CARTESIAN_POINT('',(115.,-112.,0.));
#10158 = DIRECTION('',(-1.,0.,0.));
#10159 = DIRECTION('',(0.,1.,0.));
#10160 = ADVANCED_FACE('',(#10161),#10172,.T.);
#10161 = FACE_BOUND('',#10162,.T.);
#10162 = EDGE_LOOP('',(#10163,#10164,#10165,#10171));
#10163 = ORIENTED_EDGE('',*,*,#10132,.T.);
#10164 = ORIENTED_EDGE('',*,*,#10034,.T.);
#10165 = ORIENTED_EDGE('',*,*,#10166,.F.);
#10166 = EDGE_CURVE('',#9823,#10027,#10167,.T.);
#10167 = LINE('',#10168,#10169);
#10168 = CARTESIAN_POINT('',(176.15,-112.5,0.));
#10169 = VECTOR('',#10170,1.);
#10170 = DIRECTION('',(0.,0.,1.));
#10171 = ORIENTED_EDGE('',*,*,#9830,.F.);
#10172 = PLANE('',#10173);
#10173 = AXIS2_PLACEMENT_3D('',#10174,#10175,#10176);
#10174 = CARTESIAN_POINT('',(184.5,-112.5,0.));
#10175 = DIRECTION('',(0.,-1.,0.));
#10176 = DIRECTION('',(-1.,0.,0.));
#10177 = ADVANCED_FACE('',(#10178),#10189,.T.);
#10178 = FACE_BOUND('',#10179,.T.);
#10179 = EDGE_LOOP('',(#10180,#10186,#10187,#10188));
#10180 = ORIENTED_EDGE('',*,*,#10181,.T.);
#10181 = EDGE_CURVE('',#9725,#9929,#10182,.T.);
#10182 = LINE('',#10183,#10184);
#10183 = CARTESIAN_POINT('',(115.499999,-112.500001,0.));
#10184 = VECTOR('',#10185,1.);
#10185 = DIRECTION('',(0.,0.,1.));
#10186 = ORIENTED_EDGE('',*,*,#9928,.T.);
#10187 = ORIENTED_EDGE('',*,*,#10147,.F.);
#10188 = ORIENTED_EDGE('',*,*,#9724,.F.);
#10189 = CYLINDRICAL_SURFACE('',#10190,0.499999626465);
#10190 = AXIS2_PLACEMENT_3D('',#10191,#10192,#10193);
#10191 = CARTESIAN_POINT('',(115.49999962646,-112.0000013735,0.));
#10192 = DIRECTION('',(0.,0.,-1.));
#10193 = DIRECTION('',(-1.252926635216E-06,-0.999999999999,-0.));
#10194 = ADVANCED_FACE('',(#10195),#10206,.T.);
#10195 = FACE_BOUND('',#10196,.T.);
#10196 = EDGE_LOOP('',(#10197,#10198,#10199,#10205));
#10197 = ORIENTED_EDGE('',*,*,#10166,.T.);
#10198 = ORIENTED_EDGE('',*,*,#10026,.T.);
#10199 = ORIENTED_EDGE('',*,*,#10200,.F.);
#10200 = EDGE_CURVE('',#9815,#10019,#10201,.T.);
#10201 = LINE('',#10202,#10203);
#10202 = CARTESIAN_POINT('',(176.15,-120.45,0.));
#10203 = VECTOR('',#10204,1.);
#10204 = DIRECTION('',(0.,0.,1.));
#10205 = ORIENTED_EDGE('',*,*,#9822,.F.);
#10206 = PLANE('',#10207);
#10207 = AXIS2_PLACEMENT_3D('',#10208,#10209,#10210);
#10208 = CARTESIAN_POINT('',(176.15,-112.5,0.));
#10209 = DIRECTION('',(1.,0.,-0.));
#10210 = DIRECTION('',(0.,-1.,0.));
#10211 = ADVANCED_FACE('',(#10212),#10223,.T.);
#10212 = FACE_BOUND('',#10213,.T.);
#10213 = EDGE_LOOP('',(#10214,#10220,#10221,#10222));
#10214 = ORIENTED_EDGE('',*,*,#10215,.T.);
#10215 = EDGE_CURVE('',#9734,#9938,#10216,.T.);
#10216 = LINE('',#10217,#10218);
#10217 = CARTESIAN_POINT('',(124.85,-112.5,0.));
#10218 = VECTOR('',#10219,1.);
#10219 = DIRECTION('',(0.,0.,1.));
#10220 = ORIENTED_EDGE('',*,*,#9937,.T.);
#10221 = ORIENTED_EDGE('',*,*,#10181,.F.);
#10222 = ORIENTED_EDGE('',*,*,#9733,.F.);
#10223 = PLANE('',#10224);
#10224 = AXIS2_PLACEMENT_3D('',#10225,#10226,#10227);
#10225 = CARTESIAN_POINT('',(124.85,-112.5,0.));
#10226 = DIRECTION('',(1.06951859949E-07,-1.,0.));
#10227 = DIRECTION('',(-1.,-1.06951859949E-07,0.));
#10228 = ADVANCED_FACE('',(#10229),#10240,.T.);
#10229 = FACE_BOUND('',#10230,.T.);
#10230 = EDGE_LOOP('',(#10231,#10232,#10233,#10239));
#10231 = ORIENTED_EDGE('',*,*,#10200,.T.);
#10232 = ORIENTED_EDGE('',*,*,#10018,.T.);
#10233 = ORIENTED_EDGE('',*,*,#10234,.F.);
#10234 = EDGE_CURVE('',#9807,#10011,#10235,.T.);
#10235 = LINE('',#10236,#10237);
#10236 = CARTESIAN_POINT('',(175.65,-120.95,0.));
#10237 = VECTOR('',#10238,1.);
#10238 = DIRECTION('',(0.,0.,1.));
#10239 = ORIENTED_EDGE('',*,*,#9814,.F.);
#10240 = PLANE('',#10241);
#10241 = AXIS2_PLACEMENT_3D('',#10242,#10243,#10244);
#10242 = CARTESIAN_POINT('',(176.15,-120.45,0.));
#10243 = DIRECTION('',(0.707106781187,-0.707106781187,0.));
#10244 = DIRECTION('',(-0.707106781187,-0.707106781187,0.));
#10245 = ADVANCED_FACE('',(#10246),#10257,.T.);
#10246 = FACE_BOUND('',#10247,.T.);
#10247 = EDGE_LOOP('',(#10248,#10254,#10255,#10256));
#10248 = ORIENTED_EDGE('',*,*,#10249,.T.);
#10249 = EDGE_CURVE('',#9742,#9946,#10250,.T.);
#10250 = LINE('',#10251,#10252);
#10251 = CARTESIAN_POINT('',(124.85,-120.45,0.));
#10252 = VECTOR('',#10253,1.);
#10253 = DIRECTION('',(0.,0.,1.));
#10254 = ORIENTED_EDGE('',*,*,#9945,.T.);
#10255 = ORIENTED_EDGE('',*,*,#10215,.F.);
#10256 = ORIENTED_EDGE('',*,*,#9741,.F.);
#10257 = PLANE('',#10258);
#10258 = AXIS2_PLACEMENT_3D('',#10259,#10260,#10261);
#10259 = CARTESIAN_POINT('',(124.85,-120.45,0.));
#10260 = DIRECTION('',(-1.,0.,0.));
#10261 = DIRECTION('',(0.,1.,0.));
#10262 = ADVANCED_FACE('',(#10263),#10274,.T.);
#10263 = FACE_BOUND('',#10264,.T.);
#10264 = EDGE_LOOP('',(#10265,#10266,#10267,#10273));
#10265 = ORIENTED_EDGE('',*,*,#10234,.T.);
#10266 = ORIENTED_EDGE('',*,*,#10010,.T.);
#10267 = ORIENTED_EDGE('',*,*,#10268,.F.);
#10268 = EDGE_CURVE('',#9799,#10003,#10269,.T.);
#10269 = LINE('',#10270,#10271);
#10270 = CARTESIAN_POINT('',(138.45,-120.95,0.));
#10271 = VECTOR('',#10272,1.);
#10272 = DIRECTION('',(0.,0.,1.));
#10273 = ORIENTED_EDGE('',*,*,#9806,.F.);
#10274 = PLANE('',#10275);
#10275 = AXIS2_PLACEMENT_3D('',#10276,#10277,#10278);
#10276 = CARTESIAN_POINT('',(175.65,-120.95,0.));
#10277 = DIRECTION('',(0.,-1.,0.));
#10278 = DIRECTION('',(-1.,0.,0.));
#10279 = ADVANCED_FACE('',(#10280),#10291,.T.);
#10280 = FACE_BOUND('',#10281,.T.);
#10281 = EDGE_LOOP('',(#10282,#10288,#10289,#10290));
#10282 = ORIENTED_EDGE('',*,*,#10283,.T.);
#10283 = EDGE_CURVE('',#9750,#9954,#10284,.T.);
#10284 = LINE('',#10285,#10286);
#10285 = CARTESIAN_POINT('',(125.35,-120.95,0.));
#10286 = VECTOR('',#10287,1.);
#10287 = DIRECTION('',(0.,0.,1.));
#10288 = ORIENTED_EDGE('',*,*,#9953,.T.);
#10289 = ORIENTED_EDGE('',*,*,#10249,.F.);
#10290 = ORIENTED_EDGE('',*,*,#9749,.F.);
#10291 = PLANE('',#10292);
#10292 = AXIS2_PLACEMENT_3D('',#10293,#10294,#10295);
#10293 = CARTESIAN_POINT('',(125.35,-120.95,0.));
#10294 = DIRECTION('',(-0.707106781187,-0.707106781187,0.));
#10295 = DIRECTION('',(-0.707106781187,0.707106781187,0.));
#10296 = ADVANCED_FACE('',(#10297),#10308,.T.);
#10297 = FACE_BOUND('',#10298,.T.);
#10298 = EDGE_LOOP('',(#10299,#10300,#10301,#10307));
#10299 = ORIENTED_EDGE('',*,*,#10268,.T.);
#10300 = ORIENTED_EDGE('',*,*,#10002,.T.);
#10301 = ORIENTED_EDGE('',*,*,#10302,.F.);
#10302 = EDGE_CURVE('',#9791,#9995,#10303,.T.);
#10303 = LINE('',#10304,#10305);
#10304 = CARTESIAN_POINT('',(137.95,-120.45,0.));
#10305 = VECTOR('',#10306,1.);
#10306 = DIRECTION('',(0.,0.,1.));
#10307 = ORIENTED_EDGE('',*,*,#9798,.F.);
#10308 = PLANE('',#10309);
#10309 = AXIS2_PLACEMENT_3D('',#10310,#10311,#10312);
#10310 = CARTESIAN_POINT('',(138.45,-120.95,0.));
#10311 = DIRECTION('',(-0.707106781187,-0.707106781187,0.));
#10312 = DIRECTION('',(-0.707106781187,0.707106781187,0.));
#10313 = ADVANCED_FACE('',(#10314),#10325,.T.);
#10314 = FACE_BOUND('',#10315,.T.);
#10315 = EDGE_LOOP('',(#10316,#10322,#10323,#10324));
#10316 = ORIENTED_EDGE('',*,*,#10317,.T.);
#10317 = EDGE_CURVE('',#9758,#9962,#10318,.T.);
#10318 = LINE('',#10319,#10320);
#10319 = CARTESIAN_POINT('',(135.55,-120.95,0.));
#10320 = VECTOR('',#10321,1.);
#10321 = DIRECTION('',(0.,0.,1.));
#10322 = ORIENTED_EDGE('',*,*,#9961,.T.);
#10323 = ORIENTED_EDGE('',*,*,#10283,.F.);
#10324 = ORIENTED_EDGE('',*,*,#9757,.F.);
#10325 = PLANE('',#10326);
#10326 = AXIS2_PLACEMENT_3D('',#10327,#10328,#10329);
#10327 = CARTESIAN_POINT('',(135.55,-120.95,0.));
#10328 = DIRECTION('',(0.,-1.,0.));
#10329 = DIRECTION('',(-1.,0.,0.));
#10330 = ADVANCED_FACE('',(#10331),#10342,.T.);
#10331 = FACE_BOUND('',#10332,.T.);
#10332 = EDGE_LOOP('',(#10333,#10334,#10335,#10341));
#10333 = ORIENTED_EDGE('',*,*,#10302,.T.);
#10334 = ORIENTED_EDGE('',*,*,#9994,.T.);
#10335 = ORIENTED_EDGE('',*,*,#10336,.F.);
#10336 = EDGE_CURVE('',#9782,#9986,#10337,.T.);
#10337 = LINE('',#10338,#10339);
#10338 = CARTESIAN_POINT('',(137.95,-113.5,0.));
#10339 = VECTOR('',#10340,1.);
#10340 = DIRECTION('',(0.,0.,1.));
#10341 = ORIENTED_EDGE('',*,*,#9790,.F.);
#10342 = PLANE('',#10343);
#10343 = AXIS2_PLACEMENT_3D('',#10344,#10345,#10346);
#10344 = CARTESIAN_POINT('',(137.95,-120.45,0.));
#10345 = DIRECTION('',(-1.,0.,0.));
#10346 = DIRECTION('',(0.,1.,0.));
#10347 = ADVANCED_FACE('',(#10348),#10359,.T.);
#10348 = FACE_BOUND('',#10349,.T.);
#10349 = EDGE_LOOP('',(#10350,#10356,#10357,#10358));
#10350 = ORIENTED_EDGE('',*,*,#10351,.T.);
#10351 = EDGE_CURVE('',#9766,#9970,#10352,.T.);
#10352 = LINE('',#10353,#10354);
#10353 = CARTESIAN_POINT('',(136.05,-120.45,0.));
#10354 = VECTOR('',#10355,1.);
#10355 = DIRECTION('',(0.,0.,1.));
#10356 = ORIENTED_EDGE('',*,*,#9969,.T.);
#10357 = ORIENTED_EDGE('',*,*,#10317,.F.);
#10358 = ORIENTED_EDGE('',*,*,#9765,.F.);
#10359 = PLANE('',#10360);
#10360 = AXIS2_PLACEMENT_3D('',#10361,#10362,#10363);
#10361 = CARTESIAN_POINT('',(136.05,-120.45,0.));
#10362 = DIRECTION('',(0.707106781187,-0.707106781187,0.));
#10363 = DIRECTION('',(-0.707106781187,-0.707106781187,0.));
#10364 = ADVANCED_FACE('',(#10365),#10376,.F.);
#10365 = FACE_BOUND('',#10366,.T.);
#10366 = EDGE_LOOP('',(#10367,#10368,#10369,#10375));
#10367 = ORIENTED_EDGE('',*,*,#10336,.T.);
#10368 = ORIENTED_EDGE('',*,*,#9985,.T.);
#10369 = ORIENTED_EDGE('',*,*,#10370,.F.);
#10370 = EDGE_CURVE('',#9774,#9978,#10371,.T.);
#10371 = LINE('',#10372,#10373);
#10372 = CARTESIAN_POINT('',(136.05,-113.5,0.));
#10373 = VECTOR('',#10374,1.);
#10374 = DIRECTION('',(0.,0.,1.));
#10375 = ORIENTED_EDGE('',*,*,#9781,.F.);
#10376 = CYLINDRICAL_SURFACE('',#10377,0.95);
#10377 = AXIS2_PLACEMENT_3D('',#10378,#10379,#10380);
#10378 = CARTESIAN_POINT('',(137.,-113.5,0.));
#10379 = DIRECTION('',(-0.,-0.,-1.));
#10380 = DIRECTION('',(1.,0.,-0.));
#10381 = ADVANCED_FACE('',(#10382),#10388,.T.);
#10382 = FACE_BOUND('',#10383,.T.);
#10383 = EDGE_LOOP('',(#10384,#10385,#10386,#10387));
#10384 = ORIENTED_EDGE('',*,*,#10370,.T.);
#10385 = ORIENTED_EDGE('',*,*,#9977,.T.);
#10386 = ORIENTED_EDGE('',*,*,#10351,.F.);
#10387 = ORIENTED_EDGE('',*,*,#9773,.F.);
#10388 = PLANE('',#10389);
#10389 = AXIS2_PLACEMENT_3D('',#10390,#10391,#10392);
#10390 = CARTESIAN_POINT('',(136.05,-113.5,0.));
#10391 = DIRECTION('',(1.,0.,-0.));
#10392 = DIRECTION('',(0.,-1.,0.));
#10393 = ADVANCED_FACE('',(#10394),#10405,.F.);
#10394 = FACE_BOUND('',#10395,.T.);
#10395 = EDGE_LOOP('',(#10396,#10397,#10403,#10404));
#10396 = ORIENTED_EDGE('',*,*,#9848,.T.);
#10397 = ORIENTED_EDGE('',*,*,#10398,.T.);
#10398 = EDGE_CURVE('',#9849,#10053,#10399,.T.);
#10399 = LINE('',#10400,#10401);
#10400 = CARTESIAN_POINT('',(174.8,-103.6,-4.6E-02));
#10401 = VECTOR('',#10402,1.);
#10402 = DIRECTION('',(0.,0.,1.));
#10403 = ORIENTED_EDGE('',*,*,#10052,.F.);
#10404 = ORIENTED_EDGE('',*,*,#10398,.F.);
#10405 = CYLINDRICAL_SURFACE('',#10406,0.7);
#10406 = AXIS2_PLACEMENT_3D('',#10407,#10408,#10409);
#10407 = CARTESIAN_POINT('',(174.8,-102.9,-4.6E-02));
#10408 = DIRECTION('',(-0.,-0.,-1.));
#10409 = DIRECTION('',(-0.,-1.,0.));
#10410 = ADVANCED_FACE('',(#10411),#10422,.F.);
#10411 = FACE_BOUND('',#10412,.T.);
#10412 = EDGE_LOOP('',(#10413,#10414,#10420,#10421));
#10413 = ORIENTED_EDGE('',*,*,#9859,.T.);
#10414 = ORIENTED_EDGE('',*,*,#10415,.T.);
#10415 = EDGE_CURVE('',#9860,#10064,#10416,.T.);
#10416 = LINE('',#10417,#10418);
#10417 = CARTESIAN_POINT('',(174.8,-98.52,-4.6E-02));
#10418 = VECTOR('',#10419,1.);
#10419 = DIRECTION('',(0.,0.,1.));
#10420 = ORIENTED_EDGE('',*,*,#10063,.F.);
#10421 = ORIENTED_EDGE('',*,*,#10415,.F.);
#10422 = CYLINDRICAL_SURFACE('',#10423,0.7);
#10423 = AXIS2_PLACEMENT_3D('',#10424,#10425,#10426);
#10424 = CARTESIAN_POINT('',(174.8,-97.82,-4.6E-02));
#10425 = DIRECTION('',(-0.,-0.,-1.));
#10426 = DIRECTION('',(-0.,-1.,0.));
#10427 = ADVANCED_FACE('',(#10428),#10439,.F.);
#10428 = FACE_BOUND('',#10429,.T.);
#10429 = EDGE_LOOP('',(#10430,#10431,#10437,#10438));
#10430 = ORIENTED_EDGE('',*,*,#9870,.T.);
#10431 = ORIENTED_EDGE('',*,*,#10432,.T.);
#10432 = EDGE_CURVE('',#9871,#10075,#10433,.T.);
#10433 = LINE('',#10434,#10435);
#10434 = CARTESIAN_POINT('',(174.8,-93.44,-4.6E-02));
#10435 = VECTOR('',#10436,1.);
#10436 = DIRECTION('',(0.,0.,1.));
#10437 = ORIENTED_EDGE('',*,*,#10074,.F.);
#10438 = ORIENTED_EDGE('',*,*,#10432,.F.);
#10439 = CYLINDRICAL_SURFACE('',#10440,0.7);
#10440 = AXIS2_PLACEMENT_3D('',#10441,#10442,#10443);
#10441 = CARTESIAN_POINT('',(174.8,-92.74,-4.6E-02));
#10442 = DIRECTION('',(-0.,-0.,-1.));
#10443 = DIRECTION('',(-0.,-1.,0.));
#10444 = ADVANCED_FACE('',(#10445),#10456,.F.);
#10445 = FACE_BOUND('',#10446,.T.);
#10446 = EDGE_LOOP('',(#10447,#10448,#10454,#10455));
#10447 = ORIENTED_EDGE('',*,*,#9881,.T.);
#10448 = ORIENTED_EDGE('',*,*,#10449,.T.);
#10449 = EDGE_CURVE('',#9882,#10086,#10450,.T.);
#10450 = LINE('',#10451,#10452);
#10451 = CARTESIAN_POINT('',(118.,-74.,-4.6E-02));
#10452 = VECTOR('',#10453,1.);
#10453 = DIRECTION('',(0.,0.,1.));
#10454 = ORIENTED_EDGE('',*,*,#10085,.F.);
#10455 = ORIENTED_EDGE('',*,*,#10449,.F.);
#10456 = CYLINDRICAL_SURFACE('',#10457,1.5);
#10457 = AXIS2_PLACEMENT_3D('',#10458,#10459,#10460);
#10458 = CARTESIAN_POINT('',(118.,-72.5,-4.6E-02));
#10459 = DIRECTION('',(-0.,-0.,-1.));
#10460 = DIRECTION('',(-0.,-1.,0.));
#10461 = ADVANCED_FACE('',(#10462),#10473,.F.);
#10462 = FACE_BOUND('',#10463,.T.);
#10463 = EDGE_LOOP('',(#10464,#10465,#10471,#10472));
#10464 = ORIENTED_EDGE('',*,*,#9892,.T.);
#10465 = ORIENTED_EDGE('',*,*,#10466,.T.);
#10466 = EDGE_CURVE('',#9893,#10097,#10467,.T.);
#10467 = LINE('',#10468,#10469);
#10468 = CARTESIAN_POINT('',(182.,-74.,-4.6E-02));
#10469 = VECTOR('',#10470,1.);
#10470 = DIRECTION('',(0.,0.,1.));
#10471 = ORIENTED_EDGE('',*,*,#10096,.F.);
#10472 = ORIENTED_EDGE('',*,*,#10466,.F.);
#10473 = CYLINDRICAL_SURFACE('',#10474,1.5);
#10474 = AXIS2_PLACEMENT_3D('',#10475,#10476,#10477);
#10475 = CARTESIAN_POINT('',(182.,-72.5,-4.6E-02));
#10476 = DIRECTION('',(-0.,-0.,-1.));
#10477 = DIRECTION('',(-0.,-1.,0.));
#10478 = ( GEOMETRIC_REPRESENTATION_CONTEXT(3) 
GLOBAL_UNCERTAINTY_ASSIGNED_CONTEXT((#10482)) 
GLOBAL_UNIT_ASSIGNED_CONTEXT((#10479,#10480,#10481)) 
REPRESENTATION_CONTEXT('Context #1',
  '3D Context with UNIT and UNCERTAINTY') );
#10479 = ( LENGTH_UNIT() NAMED_UNIT(*) SI_UNIT(.MILLI.,.METRE.) );
#10480 = ( NAMED_UNIT(*) PLANE_ANGLE_UNIT() SI_UNIT($,.RADIAN.) );
#10481 = ( NAMED_UNIT(*) SI_UNIT($,.STERADIAN.) SOLID_ANGLE_UNIT() );
#10482 = UNCERTAINTY_MEASURE_WITH_UNIT(LENGTH_MEASURE(1.E-07),#10479,
  'distance_accuracy_value','confusion accuracy');
#10483 = CONTEXT_DEPENDENT_SHAPE_REPRESENTATION(#10484,#10486);
#10484 = ( REPRESENTATION_RELATIONSHIP('','',#9594,#10) 
REPRESENTATION_RELATIONSHIP_WITH_TRANSFORMATION(#10485) 
SHAPE_REPRESENTATION_RELATIONSHIP() );
#10485 = ITEM_DEFINED_TRANSFORMATION('','',#11,#47);
#10486 = PRODUCT_DEFINITION_SHAPE('Placement','Placement of an item',
  #10487);
#10487 = NEXT_ASSEMBLY_USAGE_OCCURRENCE('9','=>[0:1:1:7]','',#5,#9589,$
  );
#10488 = PRODUCT_RELATED_PRODUCT_CATEGORY('part',$,(#9591));
#10489 = MECHANICAL_DESIGN_GEOMETRIC_PRESENTATION_REPRESENTATION('',(
    #10490),#10478);
#10490 = STYLED_ITEM('color',(#10491),#9595);
#10491 = PRESENTATION_STYLE_ASSIGNMENT((#10492));
#10492 = SURFACE_STYLE_USAGE(.BOTH.,#10493);
#10493 = SURFACE_SIDE_STYLE('',(#10494));
#10494 = SURFACE_STYLE_FILL_AREA(#10495);
#10495 = FILL_AREA_STYLE('',(#10496));
#10496 = FILL_AREA_STYLE_COLOUR('',#10497);
#10497 = COLOUR_RGB('',0.277846546019,0.436627062838,0.370214030736);
ENDSEC;
END-ISO-10303-21;
